[2026-01-25 16:46:22] [START] Real Geopolitik Autopost Hourly Loop started (root=/Users/alexgonzalez/Youtube WorkSpace/geopolitik-x-autopost)
[2026-01-25 16:46:22] [CYCLE] === Cycle #1 ===
[2026-01-25 16:46:22] [RUN] Attempt 1/3: X_LIVE=1 IMAGE_LIVE=1 npm run dev -- --live

> geopolitik-x-autopost@1.0.0 dev
> tsx src/run_once.ts --live


============================================================
🌍 GEOPOLITIK X AUTOPOST
📅 2026-01-25T21:46:22.750Z
🔧 Mode: LIVE (explicit --live)
============================================================

📊 Posts today: 5/20

🔗 Testing X connection...

🤖 Automatic mode: picking trending story...
   ✅ Picked: "Cuba denuncia amenaza de bloqueo naval de EEUU a sus suminis..."
   📊 Score: 60.0
   Why: score=60.0 | Google News - Cuba Trump

📰 Selected: "Cuba denuncia amenaza de bloqueo naval de EEUU a sus suminis..."
   Source: Google News - Cuba Trump
   URL: https://news.google.com/rss/articles/CBMiqAFBVV95cUxOOWJPaUFudk5meGFETlRiMkZmckI3RmkzLUFZVmNqVkdaYW9BOVpZeDU2MWhDR0gzOS1XS2RyZWdkeDQxQi1vU3JSR3lXcGFWaXQ4aTl2SjVEa2p5WU1vdGprYzM5cUIzQno5S1BoVzhCdjNTOWhrWHh0OEdYQjBiYkVwTFlmY0F2d042UUlUZktXUk96TnNLMkpRNmFINDhtamxqUnZla3c?oc=5
[2026-01-25 16:46:29] [STOP] Graceful shutdown requested (Ctrl+C). Exiting.
[2026-01-25 16:46:33] [START] Real Geopolitik Autopost Hourly Loop started (root=/Users/alexgonzalez/Youtube WorkSpace/geopolitik-x-autopost)
[2026-01-25 16:46:33] [CYCLE] === Cycle #1 ===
[2026-01-25 16:46:33] [RUN] Attempt 1/3: X_LIVE=1 IMAGE_LIVE=1 npm run dev -- --live

> geopolitik-x-autopost@1.0.0 dev
> tsx src/run_once.ts --live


============================================================
🌍 GEOPOLITIK X AUTOPOST
📅 2026-01-25T21:46:33.285Z
🔧 Mode: LIVE (explicit --live)
============================================================

📊 Posts today: 5/20

🔗 Testing X connection...

🤖 Automatic mode: picking trending story...
   ✅ Picked: "Cuba denuncia amenaza de bloqueo naval de EEUU a sus suminis..."
   📊 Score: 60.0
   Why: score=60.0 | Google News - Cuba Trump

📰 Selected: "Cuba denuncia amenaza de bloqueo naval de EEUU a sus suminis..."
   Source: Google News - Cuba Trump
   URL: https://news.google.com/rss/articles/CBMiqAFBVV95cUxOOWJPaUFudk5meGFETlRiMkZmckI3RmkzLUFZVmNqVkdaYW9BOVpZeDU2MWhDR0gzOS1XS2RyZWdkeDQxQi1vU3JSR3lXcGFWaXQ4aTl2SjVEa2p5WU1vdGprYzM5cUIzQno5S1BoVzhCdjNTOWhrWHh0OEdYQjBiYkVwTFlmY0F2d042UUlUZktXUk96TnNLMkpRNmFINDhtamxqUnZla3c?oc=5
[JSON Parse Error] Response: {
  "mode": "single",
  "language": "es",
  "urgency_tag": "ÚLTIMA HORA",
  "topic_hashtags": ["Cuba"],
  "tweet": {
    "text": "🚨 ÚLTIMA HORA | Cuba denuncia amenaza de bloqueo naval de EEUU a sus suministros de petróleo. La isla enfrenta posible escalada en tensiones que podría agravar su crisis
❌ Generation error: No valid JSON found

📝 Thread preview:
   1. 🚨 ÚLTIMA HORA | Cuba denuncia amenaza de bloqueo naval de EEUU a sus suministros de petróleo - OnCubaNews
Más detalles:…

🧩 Visual meta: [ÚLTIMA HORA] "CUBA DENUNCIA AMENAZA DE BLOQUEO NAVAL DE EEUU A S" | #Google

🎨 Generating image...
🎨 Generating image: "CUBA DENUNCIA AMENAZA DE BLOQUEO NAVAL D..."
[2026-01-25 16:47:09] [STOP] Graceful shutdown requested (Ctrl+C). Exiting.
[2026-01-26 09:29:17] [START] Real Geopolitik Autopost Hourly Loop started (root=/Users/alexgonzalez/Youtube WorkSpace/geopolitik-x-autopost)
[2026-01-26 09:29:17] [CONFIG] X_LIVE=1 IMAGE_LIVE=1 RETRY_MAX=3
[2026-01-26 09:29:17] [CYCLE] === Cycle #1 ===
[2026-01-26 09:29:17] [RUN] Attempt 1/3: X_LIVE=1 IMAGE_LIVE=1 npm run dev -- --live

> geopolitik-x-autopost@1.0.0 dev
> tsx src/run_once.ts --live


============================================================
🌍 GEOPOLITIK X AUTOPOST
📅 2026-01-26T14:29:17.373Z
🔧 Mode: LIVE (explicit --live)
============================================================

📊 Posts today: 0/20

🔗 Testing X connection...

🤖 Automatic mode: picking trending story...
   ✅ Picked: "El Kremlin alerta de un posible bloqueo naval estadounidense..."
   📊 Score: 95.0
   Why: score=95.0 | Google News - Cuba Trump

📰 Selected: "El Kremlin alerta de un posible bloqueo naval estadounidense..."
   Source: Google News - Cuba Trump
   URL: https://news.google.com/rss/articles/CBMipgFBVV95cUxOazU4NFBmY1hYUGtZUGhDUmFyallqUThFcmJrR1FDaE9lMldBa1U2V3VXa2hKWGZqbHE3cVVMN3ozdm5IaktNeEJxRTd3V2JEMzY1dXZCZ3RXZXVPTGlFS2hZQ0RScW5mTkR2eWRmNml1OF9pVVF5VXM0YkNQVlVFLURHeDRBVnZvVHZ1MTVJa0JhdlFFb0lNb2NieGY5anBUczN6VEV3?oc=5
✅ Generated: mode="single" urgency="ÚLTIMA HORA" hashtags=[Cuba]

📝 Thread preview:
   1. 🚨 ÚLTIMA HORA | El Kremlin advierte sobre posible bloqueo naval estadounidense a Cuba. La tensión en el Caribe se inten…

🧩 Visual meta: [ÚLTIMA HORA] "KREMLIN ALERTA POSIBLE BLOQUEO NAVAL ESTADOUNIDENS" | #Cuba

🎨 Generating image...
🎨 Generating image: "KREMLIN ALERTA POSIBLE BLOQUEO NAVAL EST..."
✅ Base image saved: out/images/news-20260126T143004.png
✅ Logo overlay applied: out/images/news-20260126T143004.rg.png
   ✅ Image ready: out/images/news-20260126T143004.rg.png
   [IMAGE] generated=out/images/news-20260126T143004.rg.png
   [TAGS] final_hashtags=[Cuba]
❌ Media upload error: Media upload failed 401: Could not authenticate you
❌ ENFORCE IMAGE: Media upload required (IMAGE_LIVE=1) but failed. Aborting post.

❌ Posting failed
[2026-01-26 09:30:05] [ERROR] Cycle failed on attempt 1. Retrying in 120s...
[2026-01-26 09:32:05] [RUN] Attempt 2/3: X_LIVE=1 IMAGE_LIVE=1 npm run dev -- --live

> geopolitik-x-autopost@1.0.0 dev
> tsx src/run_once.ts --live


============================================================
🌍 GEOPOLITIK X AUTOPOST
📅 2026-01-26T14:32:06.087Z
🔧 Mode: LIVE (explicit --live)
============================================================

📊 Posts today: 0/20

🔗 Testing X connection...

🤖 Automatic mode: picking trending story...
   ✅ Picked: "El Kremlin alerta de un posible bloqueo naval estadounidense..."
   📊 Score: 95.0
   Why: score=95.0 | Google News - Cuba Trump

📰 Selected: "El Kremlin alerta de un posible bloqueo naval estadounidense..."
   Source: Google News - Cuba Trump
   URL: https://news.google.com/rss/articles/CBMipgFBVV95cUxOazU4NFBmY1hYUGtZUGhDUmFyallqUThFcmJrR1FDaE9lMldBa1U2V3VXa2hKWGZqbHE3cVVMN3ozdm5IaktNeEJxRTd3V2JEMzY1dXZCZ3RXZXVPTGlFS2hZQ0RScW5mTkR2eWRmNml1OF9pVVF5VXM0YkNQVlVFLURHeDRBVnZvVHZ1MTVJa0JhdlFFb0lNb2NieGY5anBUczN6VEV3?oc=5
✅ Generated: mode="single" urgency="ÚLTIMA HORA" hashtags=[Cuba]

📝 Thread preview:
   1. 🚨 ÚLTIMA HORA | El Kremlin advierte sobre posible bloqueo naval estadounidense a Cuba. La tensión en el Caribe se inten…

🧩 Visual meta: [ÚLTIMA HORA] "KREMLIN ALERTA POSIBLE BLOQUEO NAVAL ESTADOUNIDENS" | #Cuba

🎨 Generating image...
🎨 Generating image: "KREMLIN ALERTA POSIBLE BLOQUEO NAVAL EST..."
✅ Base image saved: out/images/news-20260126T143300.png
✅ Logo overlay applied: out/images/news-20260126T143300.rg.png
   ✅ Image ready: out/images/news-20260126T143300.rg.png
   [IMAGE] generated=out/images/news-20260126T143300.rg.png
   [TAGS] final_hashtags=[Cuba]
❌ Media upload error: Media upload failed 401: Could not authenticate you
❌ ENFORCE IMAGE: Media upload required (IMAGE_LIVE=1) but failed. Aborting post.

❌ Posting failed
[2026-01-26 09:33:02] [ERROR] Cycle failed on attempt 2. Retrying in 120s...
[2026-01-26 09:35:02] [RUN] Attempt 3/3: X_LIVE=1 IMAGE_LIVE=1 npm run dev -- --live

> geopolitik-x-autopost@1.0.0 dev
> tsx src/run_once.ts --live


============================================================
🌍 GEOPOLITIK X AUTOPOST
📅 2026-01-26T14:35:02.681Z
🔧 Mode: LIVE (explicit --live)
============================================================

📊 Posts today: 0/20

🔗 Testing X connection...

🤖 Automatic mode: picking trending story...
   ✅ Picked: "El Kremlin alerta de un posible bloqueo naval estadounidense..."
   📊 Score: 85.0
   Why: score=85.0 | Google News - Cuba Trump

📰 Selected: "El Kremlin alerta de un posible bloqueo naval estadounidense..."
   Source: Google News - Cuba Trump
   URL: https://news.google.com/rss/articles/CBMivAFBVV95cUxOMVJYa0o0RWpkTnhiMmpqN2dMNmtBdnRhMmZ5QlozODMwaWxpcVBHQ2V0a3JidTF5TjNGYi1saWdwM3BpVnpJem5JazQwMHdrLVk5b1YzNkVQNmZPUFF6TmplamQ3YmpRSVdzS0lDOWRFSjZnbTd3STVXM04wV3BSeDNCWHh0QmZGdHZfZzlidkVGUzhZejBwdUZJeC1KMzZTZzVMcnk4WXFiNzI2TEhKSzNBRElRNE9rMldkctIB1wFBVV95cUxQaE9PNmlhOXc1eHFCR0pSdnlwbmY0V2NucVBDR2NzVUM1Zm1hMkVhQlZwUnU3a1pEY3EzT0pRZlZwdDFfcUpGU2JPVlVBSGRneVRjTkVKSWdibV9mLWVjWVloTnF2eDF3LWJzamtaUl9pTmU0RDlRRERBSERPZUVOaTdoQlFDT2w5RlRuRk5oOWRrMnZDNkVob1E0Q245bjRpZmNZdzhtdU5lcjkwUkx6eHRGZVJYdWE3NGg3MFFtLTFPU08zU3hsY3hHUENZS0ZGemthTl9ZSQ?oc=5
[JSON Parse Error] Response: {
  "mode": "single",
  "language": "es",
  "urgency_tag": "ÚLTIMA HORA",
  "topic_hashtags": ["Cuba"],
  "tweet": {
    "text": "🚨 ÚLTIMA HORA | El Kremlin advierte sobre posible bloqueo naval estadounidense a Cuba. La tensión en el Caribe se intensifica con amenazas que recuerdan la Crisis de los
❌ Generation error: No valid JSON found

📝 Thread preview:
   1. 🚨 ÚLTIMA HORA | El Kremlin alerta de un posible bloqueo naval estadounidense a Cuba - Infobae
Más detalles: https://new…

🧩 Visual meta: [ÚLTIMA HORA] "EL KREMLIN ALERTA DE UN POSIBLE BLOQUEO NAVAL ESTA" | #Google

🎨 Generating image...
🎨 Generating image: "EL KREMLIN ALERTA DE UN POSIBLE BLOQUEO ..."
✅ Base image saved: out/images/news-20260126T143549.png
✅ Logo overlay applied: out/images/news-20260126T143549.rg.png
   ✅ Image ready: out/images/news-20260126T143549.rg.png
   [IMAGE] generated=out/images/news-20260126T143549.rg.png
   [TAGS] final_hashtags=[Cuba,Geopolitica]
❌ Media upload error: Media upload failed 401: Could not authenticate you
❌ ENFORCE IMAGE: Media upload required (IMAGE_LIVE=1) but failed. Aborting post.

❌ Posting failed
[2026-01-26 09:35:50] [ERROR] Cycle failed on attempt 3. Retrying in 120s...
[2026-01-26 09:37:50] [FAIL] Cycle #1 failed after 3 attempts. Waiting 3600s to next cycle.
[2026-01-26 09:37:50] [CYCLE] Waiting 3600s until next cycle...
[2026-01-26 09:39:08] [START] Real Geopolitik Autopost Hourly Loop started (root=/Users/alexgonzalez/Youtube WorkSpace/geopolitik-x-autopost)
[2026-01-26 09:39:08] [CONFIG] X_LIVE=1 IMAGE_LIVE=1 RETRY_MAX=3
[2026-01-26 09:39:08] [CYCLE] === Cycle #1 ===
[2026-01-26 09:39:08] [RUN] Attempt 1/3: X_LIVE=1 IMAGE_LIVE=1 npm run dev -- --live

> geopolitik-x-autopost@1.0.0 dev
> tsx src/run_once.ts --live


============================================================
🌍 GEOPOLITIK X AUTOPOST
📅 2026-01-26T14:39:08.951Z
🔧 Mode: LIVE (explicit --live)
============================================================

📊 Posts today: 1/20

🔗 Testing X connection...

🤖 Automatic mode: picking trending story...
   ✅ Picked: "El Kremlin alerta de un posible bloqueo naval estadounidense..."
   📊 Score: 85.0
   Why: score=85.0 | Google News - Cuba Trump

📰 Selected: "El Kremlin alerta de un posible bloqueo naval estadounidense..."
   Source: Google News - Cuba Trump
   URL: https://news.google.com/rss/articles/CBMipgFBVV95cUxOazU4NFBmY1hYUGtZUGhDUmFyallqUThFcmJrR1FDaE9lMldBa1U2V3VXa2hKWGZqbHE3cVVMN3ozdm5IaktNeEJxRTd3V2JEMzY1dXZCZ3RXZXVPTGlFS2hZQ0RScW5mTkR2eWRmNml1OF9pVVF5VXM0YkNQVlVFLURHeDRBVnZvVHZ1MTVJa0JhdlFFb0lNb2NieGY5anBUczN6VEV3?oc=5
✅ Generated: mode="single" urgency="ÚLTIMA HORA" hashtags=[Cuba]

📝 Thread preview:
   1. 🚨 ÚLTIMA HORA | El Kremlin advierte sobre posible bloqueo naval estadounidense a Cuba. La tensión en el Caribe se inten…

🧩 Visual meta: [ÚLTIMA HORA] "KREMLIN ALERTA POSIBLE BLOQUEO NAVAL ESTADOUNIDENS" | #Cuba

🎨 Generating image...
🎨 Generating image: "KREMLIN ALERTA POSIBLE BLOQUEO NAVAL EST..."
✅ Base image saved: out/images/news-20260126T143953.png
✅ Logo overlay applied: out/images/news-20260126T143953.rg.png
   ✅ Image ready: out/images/news-20260126T143953.rg.png
   [IMAGE] generated=out/images/news-20260126T143953.rg.png
   [TAGS] final_hashtags=[Cuba]
[MEDIA] uploading to: https://upload.twitter.com/1.1/media/upload.json
[MEDIA] auth header: Authorization
✅ Media uploaded: 2015796847156015104
[MEDIA] uploaded media_id=2015796847156015104

✅ Thread posted successfully!
   View: https://x.com/i/status/2015796850087858287
   [MEDIA] posted_with_image=true
[2026-01-26 09:39:55] [SUCCESS] Autopost cycle completed successfully
[2026-01-26 09:39:55] [CYCLE] Waiting 3600s until next cycle...
[2026-01-26 10:49:57] [STOP] Graceful shutdown requested (Ctrl+C). Exiting.
[2026-01-26 10:52:02] [CYCLE] === Cycle #2 ===
[2026-01-26 10:52:02] [RUN] Attempt 1/3: X_LIVE=1 IMAGE_LIVE=1 npm run dev -- --live

> geopolitik-x-autopost@1.0.0 dev
> tsx src/run_once.ts --live


============================================================
🌍 GEOPOLITIK X AUTOPOST
📅 2026-01-26T15:52:02.554Z
🔧 Mode: LIVE (explicit --live)
============================================================

📊 Posts today: 6/20

🔗 Testing X connection...

🤖 Automatic mode: curating best story...
  ✓ BBC World: 31 items
  ✓ Al Jazeera: 25 items
  ✓ The Guardian World: 45 items
  ✓ NPR World: 10 items
[CURATOR] ✅ picked score=83 bucket=geopolitics region=US
[CURATOR] tags=[Trump] title="Trump says US Justice Department ‘looking at’ Ilha..."
[CURATOR] source="Al Jazeera" link="https://www.aljazeera.com/news/2026/1/26/trump-says-justice-..."
[CURATOR] geo_ratio=60% (target=75%)
   ✅ Picked: "Trump says US Justice Department ‘looking at’ Ilhan Omar’s w..."
   📊 Score: 83.0

📰 Selected: "Trump says US Justice Department ‘looking at’ Ilhan Omar’s w..."
   Source: Al Jazeera
   URL: https://www.aljazeera.com/news/2026/1/26/trump-says-justice-department-looking-at-ilhan-omars-wealth?traffic_source=rss
❌ Generation error: API error 529

📝 Thread preview:
   1. 🚨 ÚLTIMA HORA | Trump says US Justice Department ‘looking at’ Ilhan Omar’s wealth
Más detalles: https://www.aljazeera.c…

🧩 Visual meta: [ÚLTIMA HORA] "TRUMP SAYS US JUSTICE DEPARTMENT ‘LOOKING AT’ ILHA" | #Al

🎨 Generating image...
🎨 Generating image: "TRUMP SAYS US JUSTICE DEPARTMENT ‘LOOKIN..."
✅ Base image saved: out/images/news-20260126T155223.png
✅ SVG badge and logo overlay applied: out/images/news-20260126T155223.rg.png
   ✅ Image ready: out/images/news-20260126T155223.rg.png
   [IMAGE] generated=out/images/news-20260126T155223.rg.png
   [TAGS] final_hashtags=[Al]
[MEDIA] uploading to: https://upload.twitter.com/1.1/media/upload.json
[MEDIA] auth header: Authorization
✅ Media uploaded: 2015815093661941761
[MEDIA] uploaded media_id=2015815093661941761

✅ Thread posted successfully!
   View: https://x.com/i/status/2015815096568558066
   [MEDIA] posted_with_image=true
[2026-01-26 10:52:26] [SUCCESS] Autopost cycle completed successfully
[2026-01-26 10:52:26] [CYCLE] Waiting 3600s until next cycle...
[2026-01-26 13:05:03] [CYCLE] === Cycle #3 ===
[2026-01-26 13:05:03] [RUN] Attempt 1/3: X_LIVE=1 IMAGE_LIVE=1 npm run dev -- --live

> geopolitik-x-autopost@1.0.0 dev
> tsx src/run_once.ts --live


============================================================
🌍 GEOPOLITIK X AUTOPOST
📅 2026-01-26T18:05:03.843Z
🔧 Mode: LIVE (explicit --live)
============================================================

📊 Posts today: 9/20

🔗 Testing X connection...

🤖 Automatic mode: curating best story...
  ✓ BBC World: 31 items
  ✓ Al Jazeera: 25 items
  ✓ The Guardian World: 45 items
  ✓ NPR World: 10 items
[CURATOR] ✅ picked score=71 bucket=geopolitics region=US
[CURATOR] tags=[Trump] title="Trump’s ICE crackdown faces reckoning as outrage m..."
[CURATOR] source="The Guardian World" link="https://www.theguardian.com/us-news/2026/jan/26/donald-trump..."
[CURATOR] geo_ratio=59% (target=75%)

🔍 Anti-duplicate check...
   ✅ No duplicate found, safe to post
   ✅ Picked: "Trump’s ICE crackdown faces reckoning as outrage mounts over..."
   📊 Score: 71.0

📰 Selected: "Trump’s ICE crackdown faces reckoning as outrage mounts over..."
   Source: The Guardian World
   URL: https://www.theguardian.com/us-news/2026/jan/26/donald-trump-administration-reviewing-alex-pretti-shooting
✅ Generated: mode="single" urgency="ÚLTIMA HORA" hashtags=[ICE]

📝 Thread preview:
   1. 🚨 ÚLTIMA HORA | Operativo de ICE de Trump enfrenta crisis tras tiroteo de Alex Pretti que genera indignación nacional. …

🧩 Visual meta: [ÚLTIMA HORA] "OPERATIVO ICE DE TRUMP ENFRENTA CRISIS TRAS TIROTE" | #ICE

🎨 Generating image...
🎨 Generating image: "OPERATIVO ICE DE TRUMP ENFRENTA CRISIS T..."
✅ Base image saved: out/images/news-20260126T180527.png
✅ SVG badge and logo overlay applied: out/images/news-20260126T180527.rg.png
   ✅ Image ready: out/images/news-20260126T180527.rg.png
   [IMAGE] generated=out/images/news-20260126T180527.rg.png
   [TAGS] final_hashtags=[ICE]
[MEDIA] uploading to: https://upload.twitter.com/1.1/media/upload.json
[MEDIA] auth header: Authorization
✅ Media uploaded: 2015848580674715648
[MEDIA] uploaded media_id=2015848580674715648

✅ Thread posted successfully!
   View: https://x.com/i/status/2015848583124152327
   [MEDIA] posted_with_image=true
[2026-01-26 13:05:29] [SUCCESS] Autopost cycle completed successfully
[2026-01-26 13:05:29] [CYCLE] Waiting 3600s until next cycle...
[2026-01-26 13:15:23] [WARN] flock not found; running WITHOUT lock

> geopolitik-x-autopost@1.0.0 dev
> tsx src/run_once.ts --live


============================================================
🌍 GEOPOLITIK X AUTOPOST
📅 2026-01-26T18:15:23.524Z
🔧 Mode: LIVE (explicit --live)
============================================================

📊 Posts today: 10/20

🔗 Testing X connection...

🤖 Automatic mode: curating best story...
  ✓ BBC World: 31 items
  ✓ Al Jazeera: 25 items
  ✓ The Guardian World: 45 items
  ✓ NPR World: 10 items
[CURATOR] ✅ picked score=71 bucket=geopolitics region=MIDDLE_EAST
[CURATOR] tags=[Iran] title="Iraq’s Kataib Hezbollah warns of ‘total war’ if Ir..."
[CURATOR] source="Al Jazeera" link="https://www.aljazeera.com/news/2026/1/26/iraqs-kataib-hezbol..."
[CURATOR] geo_ratio=59% (target=75%)

🔍 Anti-duplicate check...
   ✅ No duplicate found, safe to post
   ✅ Picked: "Iraq’s Kataib Hezbollah warns of ‘total war’ if Iran is atta..."
   📊 Score: 71.0

📰 Selected: "Iraq’s Kataib Hezbollah warns of ‘total war’ if Iran is atta..."
   Source: Al Jazeera
   URL: https://www.aljazeera.com/news/2026/1/26/iraqs-kataib-hezbollah-warns-of-total-war-if-iran-is-attacked?traffic_source=rss
[2026-01-26 13:15:25] [WARN] flock not found; running WITHOUT lock

> geopolitik-x-autopost@1.0.0 dev
> tsx src/run_once.ts --live


============================================================
🌍 GEOPOLITIK X AUTOPOST
📅 2026-01-26T18:15:25.486Z
🔧 Mode: LIVE (explicit --live)
============================================================

📊 Posts today: 10/20

🔗 Testing X connection...

🤖 Automatic mode: curating best story...
  ✓ BBC World: 31 items
  ✓ Al Jazeera: 25 items
  ✓ The Guardian World: 45 items
  ✓ NPR World: 10 items
[CURATOR] ✅ picked score=79 bucket=geopolitics region=US
[CURATOR] tags=[USA] title="Man charged after allegedly making comments aligne..."
[CURATOR] source="The Guardian World" link="https://www.theguardian.com/australia-news/2026/jan/26/man-c..."
[CURATOR] geo_ratio=59% (target=75%)

🔍 Anti-duplicate check...
   ✅ No duplicate found, safe to post
   ✅ Picked: "Man charged after allegedly making comments aligned with neo..."
   📊 Score: 79.0

📰 Selected: "Man charged after allegedly making comments aligned with neo..."
   Source: The Guardian World
   URL: https://www.theguardian.com/australia-news/2026/jan/26/man-charged-after-allegedly-making-comments-aligned-with-neo-nazi-ideology-at-sydney-anti-immigration-march-ntwnfb
✅ Generated: mode="single" urgency="ÚLTIMA HORA" hashtags=[Oriente Medio]

📝 Thread preview:
   1. 🚨 ÚLTIMA HORA | Kataib Hezbollah de Iraq amenaza con 'guerra total' si atacan a Irán. La milicia chiita eleva la tensió…

🧩 Visual meta: [ÚLTIMA HORA] "KATAIB HEZBOLLAH AMENAZA CON GUERRA TOTAL SI ATACA" | #Oriente Medio

🎨 Generating image...
🎨 Generating image: "KATAIB HEZBOLLAH AMENAZA CON GUERRA TOTA..."
✅ Generated: mode="single" urgency="ÚLTIMA HORA" hashtags=[Australia]

📝 Thread preview:
   1. 🚨 ÚLTIMA HORA | Hombre arrestado en Sídney por comentarios neonazis durante marcha antiinmigración. Las autoridades aus…

🧩 Visual meta: [ÚLTIMA HORA] "ARRESTO POR IDEOLOGÍA NEONAZI EN MARCHA ANTIINMIGR" | #Australia

🎨 Generating image...
🎨 Generating image: "ARRESTO POR IDEOLOGÍA NEONAZI EN MARCHA ..."
✅ Base image saved: out/images/news-20260126T181552.png
✅ SVG badge and logo overlay applied: out/images/news-20260126T181552.rg.png
   ✅ Image ready: out/images/news-20260126T181552.rg.png
   [IMAGE] generated=out/images/news-20260126T181552.rg.png
   [TAGS] final_hashtags=[OrienteMedio]
[MEDIA] uploading to: https://upload.twitter.com/1.1/media/upload.json
[MEDIA] auth header: Authorization
✅ Media uploaded: 2015851201233870848
[MEDIA] uploaded media_id=2015851201233870848

✅ Thread posted successfully!
   View: https://x.com/i/status/2015851204266307903
   [MEDIA] posted_with_image=true
[2026-01-26 13:15:54] [SUCCESS] cycle executed
✅ Base image saved: out/images/news-20260126T181554.png
✅ SVG badge and logo overlay applied: out/images/news-20260126T181554.rg.png
   ✅ Image ready: out/images/news-20260126T181554.rg.png
   [IMAGE] generated=out/images/news-20260126T181554.rg.png
   [TAGS] final_hashtags=[Australia]
[MEDIA] uploading to: https://upload.twitter.com/1.1/media/upload.json
[MEDIA] auth header: Authorization
✅ Media uploaded: 2015851210201255936
[MEDIA] uploaded media_id=2015851210201255936

✅ Thread posted successfully!
   View: https://x.com/i/status/2015851212847956473
   [MEDIA] posted_with_image=true
[2026-01-26 13:15:56] [SUCCESS] cycle executed
[2026-01-26 13:22:22] [WARN] flock not found; running WITHOUT lock

> geopolitik-x-autopost@1.0.0 dev
> tsx src/run_once.ts --live


============================================================
🌍 GEOPOLITIK X AUTOPOST
📅 2026-01-26T18:22:22.840Z
🔧 Mode: LIVE (explicit --live)
============================================================

📊 Posts today: 12/20

🔗 Testing X connection...

🤖 Automatic mode: curating best story...
  ✓ BBC World: 31 items
  ✓ Al Jazeera: 25 items
  ✓ The Guardian World: 45 items
  ✓ NPR World: 10 items
[CURATOR] ✅ picked score=73 bucket=geopolitics region=US
[CURATOR] tags=[Israel,Gaza] title="Israel has recovered the final hostage remains fro..."
[CURATOR] source="NPR World" link="https://www.npr.org/2026/01/26/g-s1-107340/israel-gaza-hosta..."
[CURATOR] geo_ratio=58% (target=75%)

🔍 Anti-duplicate check...
   ✅ No duplicate found, safe to post
   ✅ Picked: "Israel has recovered the final hostage remains from Gaza..."
   📊 Score: 73.0

📰 Selected: "Israel has recovered the final hostage remains from Gaza..."
   Source: NPR World
   URL: https://www.npr.org/2026/01/26/g-s1-107340/israel-gaza-hostage-remains-hamas
✅ Generated: mode="single" urgency="ÚLTIMA HORA" hashtags=[Gaza]

📝 Thread preview:
   1. 🚨 ÚLTIMA HORA | Israel recupera los últimos restos de rehenes desde Gaza. Cierra un capítulo traumático del conflicto q…

🧩 Visual meta: [ÚLTIMA HORA] "ISRAEL RECUPERA ÚLTIMOS RESTOS DE REHENES DESDE GA" | #Gaza

🎨 Generating image...
🎨 Generating image: "ISRAEL RECUPERA ÚLTIMOS RESTOS DE REHENE..."
✅ Base image saved: out/images/news-20260126T182245.png
✅ SVG badge and logo overlay applied: out/images/news-20260126T182245.rg.png
   ✅ Image ready: out/images/news-20260126T182245.rg.png
   [IMAGE] generated=out/images/news-20260126T182245.rg.png
   [TAGS] final_hashtags=[Gaza]
[MEDIA] uploading to: https://upload.twitter.com/1.1/media/upload.json
[MEDIA] auth header: Authorization
✅ Media uploaded: 2015852933909299200
[MEDIA] uploaded media_id=2015852933909299200

✅ Thread posted successfully!
   View: https://x.com/i/status/2015852936425873440
   [MEDIA] posted_with_image=true
[2026-01-26 13:22:47] [SUCCESS] cycle executed
[2026-01-26 13:23:05] [WARN] flock not found; running WITHOUT lock

> geopolitik-x-autopost@1.0.0 dev
> tsx src/run_once.ts --live


============================================================
🌍 GEOPOLITIK X AUTOPOST
📅 2026-01-26T18:23:05.516Z
🔧 Mode: LIVE (explicit --live)
============================================================

📊 Posts today: 13/20

🔗 Testing X connection...

🤖 Automatic mode: curating best story...
  ✓ BBC World: 31 items
  ✓ Al Jazeera: 25 items
  ✓ The Guardian World: 45 items
  ✓ NPR World: 10 items
[CURATOR] ✅ picked score=71 bucket=geopolitics region=MIDDLE_EAST
[CURATOR] tags=[Iran] title="As US ‘armada’ approaches, Iran warns of dire cons..."
[CURATOR] source="Al Jazeera" link="https://www.aljazeera.com/news/2026/1/26/as-us-armada-approa..."
[CURATOR] geo_ratio=58% (target=75%)

🔍 Anti-duplicate check...
   ✅ No duplicate found, safe to post
   ✅ Picked: "As US ‘armada’ approaches, Iran warns of dire consequences i..."
   📊 Score: 71.0

📰 Selected: "As US ‘armada’ approaches, Iran warns of dire consequences i..."
   Source: Al Jazeera
   URL: https://www.aljazeera.com/news/2026/1/26/as-us-armada-approaches-iran-warns-of-dire-consequences-if-attacked?traffic_source=rss
[2026-01-26 13:23:07] [WARN] flock not found; running WITHOUT lock

> geopolitik-x-autopost@1.0.0 dev
> tsx src/run_once.ts --live


============================================================
🌍 GEOPOLITIK X AUTOPOST
📅 2026-01-26T18:23:07.532Z
🔧 Mode: LIVE (explicit --live)
============================================================

📊 Posts today: 13/20

🔗 Testing X connection...

🤖 Automatic mode: curating best story...
  ✓ BBC World: 31 items
  ✓ Al Jazeera: 25 items
  ✓ The Guardian World: 45 items
  ✓ NPR World: 10 items
[CURATOR] ✅ picked score=71 bucket=geopolitics region=US
[CURATOR] tags=[USA,Trump] title="Donald Trump says he is sending his ‘border czar’ ..."
[CURATOR] source="The Guardian World" link="https://www.theguardian.com/us-news/live/2026/jan/26/minneso..."
[CURATOR] geo_ratio=58% (target=75%)

🔍 Anti-duplicate check...
   ✅ No duplicate found, safe to post
   ✅ Picked: "Donald Trump says he is sending his ‘border czar’ Tom Homan ..."
   📊 Score: 71.0

📰 Selected: "Donald Trump says he is sending his ‘border czar’ Tom Homan ..."
   Source: The Guardian World
   URL: https://www.theguardian.com/us-news/live/2026/jan/26/minnesota-minneapolis-ice-protests-alex-pretti-donald-trump-us-politics-live-news-updates
✅ Generated: mode="single" urgency="ÚLTIMA HORA" hashtags=[IránEEUU]

📝 Thread preview:
   1. 🚨 ÚLTIMA HORA | Irán advierte "consecuencias terribles" mientras flota naval estadounidense se acerca a sus aguas. La t…

🧩 Visual meta: [ÚLTIMA HORA] "IRÁN ADVIERTE CONSECUENCIAS TERRIBLES ANTE ACERCAM" | #IránEEUU

🎨 Generating image...
🎨 Generating image: "IRÁN ADVIERTE CONSECUENCIAS TERRIBLES AN..."
✅ Generated: mode="single" urgency="ÚLTIMA HORA" hashtags=[Trump]

📝 Thread preview:
   1. 🚨 ÚLTIMA HORA | Trump envía a su 'zar fronterizo' Tom Homan a Minnesota tras protestas contra operativos de ICE. La señ…

🧩 Visual meta: [ÚLTIMA HORA] "TRUMP ENVÍA 'ZAR FRONTERIZO' HOMAN A MINNESOTA" | #Trump

🎨 Generating image...
🎨 Generating image: "TRUMP ENVÍA 'ZAR FRONTERIZO' HOMAN A MIN..."
✅ Base image saved: out/images/news-20260126T182326.png
✅ SVG badge and logo overlay applied: out/images/news-20260126T182326.rg.png
   ✅ Image ready: out/images/news-20260126T182326.rg.png
   [IMAGE] generated=out/images/news-20260126T182326.rg.png
   [TAGS] final_hashtags=[Trump]
[MEDIA] uploading to: https://upload.twitter.com/1.1/media/upload.json
[MEDIA] auth header: Authorization
✅ Media uploaded: 2015853108077768705
[MEDIA] uploaded media_id=2015853108077768705

✅ Thread posted successfully!
   View: https://x.com/i/status/2015853110816555482
   [MEDIA] posted_with_image=true
[2026-01-26 13:23:29] [SUCCESS] cycle executed
✅ Base image saved: out/images/news-20260126T182335.png
✅ SVG badge and logo overlay applied: out/images/news-20260126T182335.rg.png
   ✅ Image ready: out/images/news-20260126T182335.rg.png
   [IMAGE] generated=out/images/news-20260126T182335.rg.png
   [TAGS] final_hashtags=[IranEEUU]
[MEDIA] uploading to: https://upload.twitter.com/1.1/media/upload.json
[MEDIA] auth header: Authorization
✅ Media uploaded: 2015853142714286080
[MEDIA] uploaded media_id=2015853142714286080

✅ Thread posted successfully!
   View: https://x.com/i/status/2015853145163767889
   [MEDIA] posted_with_image=true
[2026-01-26 13:23:37] [SUCCESS] cycle executed
[2026-01-26 13:58:02] [WARN] flock not found; running WITHOUT lock

> geopolitik-x-autopost@1.0.0 dev
> tsx src/run_once.ts --live

node:internal/modules/cjs/loader:1920
  return process.dlopen(module, path.toNamespacedPath(filename));
                 ^

Error: The module '/Users/alexgonzalez/Youtube WorkSpace/geopolitik-x-autopost/node_modules/better-sqlite3/build/Release/better_sqlite3.node'
was compiled against a different Node.js version using
NODE_MODULE_VERSION 115. This version of Node.js requires
NODE_MODULE_VERSION 137. Please try re-compiling or re-installing
the module (for instance, using `npm rebuild` or `npm install`).
    at Object..node (node:internal/modules/cjs/loader:1920:18)
    at Module.load (node:internal/modules/cjs/loader:1481:32)
    at Module._load (node:internal/modules/cjs/loader:1300:12)
    at TracingChannel.traceSync (node:diagnostics_channel:328:14)
    at wrapModuleLoad (node:internal/modules/cjs/loader:245:24)
    at Module.require (node:internal/modules/cjs/loader:1504:12)
    at require (node:internal/modules/helpers:152:16)
    at bindings (/Users/alexgonzalez/Youtube WorkSpace/geopolitik-x-autopost/node_modules/bindings/bindings.js:112:48)
    at new Database (/Users/alexgonzalez/Youtube WorkSpace/geopolitik-x-autopost/node_modules/better-sqlite3/lib/database.js:48:64)
    at <anonymous> (/Users/alexgonzalez/Youtube WorkSpace/geopolitik-x-autopost/src/db.ts:14:43) {
  code: 'ERR_DLOPEN_FAILED'
}

Node.js v24.13.0
[2026-01-26 13:58:03] [ERROR] cycle failed
[2026-01-26 13:58:07] [WARN] flock not found; running WITHOUT lock

> geopolitik-x-autopost@1.0.0 dev
> tsx src/run_once.ts --live

node:internal/modules/cjs/loader:1920
  return process.dlopen(module, path.toNamespacedPath(filename));
                 ^

Error: The module '/Users/alexgonzalez/Youtube WorkSpace/geopolitik-x-autopost/node_modules/better-sqlite3/build/Release/better_sqlite3.node'
was compiled against a different Node.js version using
NODE_MODULE_VERSION 115. This version of Node.js requires
NODE_MODULE_VERSION 137. Please try re-compiling or re-installing
the module (for instance, using `npm rebuild` or `npm install`).
    at Object..node (node:internal/modules/cjs/loader:1920:18)
    at Module.load (node:internal/modules/cjs/loader:1481:32)
    at Module._load (node:internal/modules/cjs/loader:1300:12)
    at TracingChannel.traceSync (node:diagnostics_channel:328:14)
    at wrapModuleLoad (node:internal/modules/cjs/loader:245:24)
    at Module.require (node:internal/modules/cjs/loader:1504:12)
    at require (node:internal/modules/helpers:152:16)
    at bindings (/Users/alexgonzalez/Youtube WorkSpace/geopolitik-x-autopost/node_modules/bindings/bindings.js:112:48)
    at new Database (/Users/alexgonzalez/Youtube WorkSpace/geopolitik-x-autopost/node_modules/better-sqlite3/lib/database.js:48:64)
    at <anonymous> (/Users/alexgonzalez/Youtube WorkSpace/geopolitik-x-autopost/src/db.ts:14:43) {
  code: 'ERR_DLOPEN_FAILED'
}

Node.js v24.13.0
[2026-01-26 13:58:07] [ERROR] cycle failed
[2026-01-26 15:00:00] [WARN] flock not found; running WITHOUT lock

> geopolitik-x-autopost@1.0.0 dev
> tsx src/run_once.ts --live

node:internal/modules/cjs/loader:1920
  return process.dlopen(module, path.toNamespacedPath(filename));
                 ^

Error: The module '/Users/alexgonzalez/Youtube WorkSpace/geopolitik-x-autopost/node_modules/better-sqlite3/build/Release/better_sqlite3.node'
was compiled against a different Node.js version using
NODE_MODULE_VERSION 115. This version of Node.js requires
NODE_MODULE_VERSION 137. Please try re-compiling or re-installing
the module (for instance, using `npm rebuild` or `npm install`).
    at Object..node (node:internal/modules/cjs/loader:1920:18)
    at Module.load (node:internal/modules/cjs/loader:1481:32)
    at Module._load (node:internal/modules/cjs/loader:1300:12)
    at TracingChannel.traceSync (node:diagnostics_channel:328:14)
    at wrapModuleLoad (node:internal/modules/cjs/loader:245:24)
    at Module.require (node:internal/modules/cjs/loader:1504:12)
    at require (node:internal/modules/helpers:152:16)
    at bindings (/Users/alexgonzalez/Youtube WorkSpace/geopolitik-x-autopost/node_modules/bindings/bindings.js:112:48)
    at new Database (/Users/alexgonzalez/Youtube WorkSpace/geopolitik-x-autopost/node_modules/better-sqlite3/lib/database.js:48:64)
    at <anonymous> (/Users/alexgonzalez/Youtube WorkSpace/geopolitik-x-autopost/src/db.ts:14:43) {
  code: 'ERR_DLOPEN_FAILED'
}

Node.js v24.13.0
[2026-01-26 15:00:01] [ERROR] cycle failed
[2026-01-26 16:13:13] [WARN] flock not found; running WITHOUT lock

> geopolitik-x-autopost@1.0.0 dev
> tsx src/run_once.ts --live

node:internal/modules/cjs/loader:1920
  return process.dlopen(module, path.toNamespacedPath(filename));
                 ^

Error: The module '/Users/alexgonzalez/Youtube WorkSpace/geopolitik-x-autopost/node_modules/better-sqlite3/build/Release/better_sqlite3.node'
was compiled against a different Node.js version using
NODE_MODULE_VERSION 115. This version of Node.js requires
NODE_MODULE_VERSION 137. Please try re-compiling or re-installing
the module (for instance, using `npm rebuild` or `npm install`).
    at Object..node (node:internal/modules/cjs/loader:1920:18)
    at Module.load (node:internal/modules/cjs/loader:1481:32)
    at Module._load (node:internal/modules/cjs/loader:1300:12)
    at TracingChannel.traceSync (node:diagnostics_channel:328:14)
    at wrapModuleLoad (node:internal/modules/cjs/loader:245:24)
    at Module.require (node:internal/modules/cjs/loader:1504:12)
    at require (node:internal/modules/helpers:152:16)
    at bindings (/Users/alexgonzalez/Youtube WorkSpace/geopolitik-x-autopost/node_modules/bindings/bindings.js:112:48)
    at new Database (/Users/alexgonzalez/Youtube WorkSpace/geopolitik-x-autopost/node_modules/better-sqlite3/lib/database.js:48:64)
    at <anonymous> (/Users/alexgonzalez/Youtube WorkSpace/geopolitik-x-autopost/src/db.ts:14:43) {
  code: 'ERR_DLOPEN_FAILED'
}

Node.js v24.13.0
[2026-01-26 16:13:13] [ERROR] cycle failed

> geopolitik-x-autopost@1.0.0 dev
> tsx src/run_once.ts --live


============================================================
🌍 GEOPOLITIK X AUTOPOST
📅 2026-01-26T22:00:00.961Z
🔧 Mode: LIVE (explicit --live)
============================================================

📊 Posts today: 20/20
⚠️  Daily limit reached. Skipping.

> geopolitik-x-autopost@1.0.0 dev
> tsx src/run_once.ts --live


============================================================
🌍 GEOPOLITIK X AUTOPOST
📅 2026-01-26T23:00:01.868Z
🔧 Mode: LIVE (explicit --live)
============================================================

📊 Posts today: 1/20

🔗 Testing X connection...

🤖 Automatic mode: curating best story...
  ✓ BBC World: 32 items
  ✓ Al Jazeera: 25 items
  ✓ The Guardian World: 45 items
  ✓ NPR World: 10 items
[CURATOR] ✅ picked score=96 bucket=geopolitics region=US
[CURATOR] tags=[Trump] title="Trump’s ICE crackdown faces reckoning as outrage m..."
[CURATOR] source="The Guardian World" link="https://www.theguardian.com/us-news/2026/jan/26/donald-trump..."
[CURATOR] geo_ratio=62% (target=75%)

🔍 Anti-duplicate check...
   ✅ No duplicate found, safe to post
   ✅ Picked: "Trump’s ICE crackdown faces reckoning as outrage mounts over..."
   📊 Score: 96.0

📰 Selected: "Trump’s ICE crackdown faces reckoning as outrage mounts over..."
   Source: The Guardian World
   URL: https://www.theguardian.com/us-news/2026/jan/26/donald-trump-administration-reviewing-alex-pretti-shooting
✅ Generated: mode="single" urgency="ÚLTIMA HORA" hashtags=[Trump]

📝 Thread preview:
   1. 🚨 ÚLTIMA HORA | Operaciones de ICE bajo Trump enfrentan crisis tras tiroteo de Alex Pretti que genera indignación nacio…

🧩 Visual meta: [ÚLTIMA HORA] "OPERACIONES ICE BAJO TRUMP ENFRENTAN CRISIS TRAS T" | #Trump

🎨 Generating image...
🎨 Generating image: "OPERACIONES ICE BAJO TRUMP ENFRENTAN CRI..."
✅ Base image saved: out/images/news-20260126T230024.png
✅ SVG badge and logo overlay applied: out/images/news-20260126T230024.rg.png
[IMG] mode: DALLE_FULL
[IMG] entity: NONE
[IMG] portrait: none
[IMG] reason: Entities detected (Trump, trump) but no matching portraits found
   ✅ Image ready (DALL·E FULL): out/images/news-20260126T230024.rg.png
   [IMAGE] generated=out/images/news-20260126T230024.rg.png
   [TAGS] final_hashtags=[Trump]
[MEDIA] uploading to: https://upload.twitter.com/1.1/media/upload.json
[MEDIA] auth header: Authorization
✅ Media uploaded: 2015922808736374784
[MEDIA] uploaded media_id=2015922808736374784

✅ Thread posted successfully!
   View: https://x.com/i/status/2015922811403981179
   [MEDIA] posted_with_image=true

> geopolitik-x-autopost@1.0.0 dev
> tsx src/run_once.ts --live


============================================================
🌍 GEOPOLITIK X AUTOPOST
📅 2026-01-27T00:00:01.657Z
🔧 Mode: LIVE (explicit --live)
============================================================

📊 Posts today: 0/20

🔗 Testing X connection...

🤖 Automatic mode: curating best story...
  ✓ BBC World: 32 items
  ✓ Al Jazeera: 25 items
  ✓ The Guardian World: 45 items
  ✓ NPR World: 10 items
[CURATOR] ✅ picked score=84 bucket=geopolitics region=MIDDLE_EAST
[CURATOR] tags=[Iran] title="As US ‘armada’ approaches, Iran warns of dire cons..."
[CURATOR] source="Al Jazeera" link="https://www.aljazeera.com/news/2026/1/26/as-us-armada-approa..."
[CURATOR] geo_ratio=61% (target=75%)

🔍 Anti-duplicate check...
   ✅ No duplicate found, safe to post
   ✅ Picked: "As US ‘armada’ approaches, Iran warns of dire consequences i..."
   📊 Score: 84.0

📰 Selected: "As US ‘armada’ approaches, Iran warns of dire consequences i..."
   Source: Al Jazeera
   URL: https://www.aljazeera.com/news/2026/1/26/as-us-armada-approaches-iran-warns-of-dire-consequences-if-attacked?traffic_source=rss
✅ Generated: mode="single" urgency="ÚLTIMA HORA" hashtags=[IránEEUU]

📝 Thread preview:
   1. 🚨 ÚLTIMA HORA | Irán advierte "consecuencias terribles" mientras flota naval estadounidense se acerca a sus aguas. La s…

🧩 Visual meta: [ÚLTIMA HORA] "IRÁN AMENAZA A EEUU MIENTRAS FLOTA NAVAL SE ACERCA" | #IránEEUU

🎨 Generating image...
🎨 Generating image: "IRÁN AMENAZA A EEUU MIENTRAS FLOTA NAVAL..."
✅ Base image saved: out/images/news-20260127T000026.png
✅ SVG badge and logo overlay applied: out/images/news-20260127T000026.rg.png
[IMG] mode: DALLE_FULL
[IMG] entity: NONE
[IMG] portrait: none
[IMG] reason: Entities detected (IránEEUU) but no matching portraits found
   ✅ Image ready (DALL·E FULL): out/images/news-20260127T000026.rg.png
   [IMAGE] generated=out/images/news-20260127T000026.rg.png
   [TAGS] final_hashtags=[IranEEUU]
[MEDIA] uploading to: https://upload.twitter.com/1.1/media/upload.json
[MEDIA] auth header: Authorization
✅ Media uploaded: 2015937915872800768
[MEDIA] uploaded media_id=2015937915872800768

✅ Thread posted successfully!
   View: https://x.com/i/status/2015937918859124763
   [MEDIA] posted_with_image=true

> geopolitik-x-autopost@1.0.0 dev
> tsx src/run_once.ts --live


============================================================
🌍 GEOPOLITIK X AUTOPOST
📅 2026-01-27T04:00:01.938Z
🔧 Mode: LIVE (explicit --live)
============================================================

📊 Posts today: 2/20

🔗 Testing X connection...

🤖 Automatic mode: curating best story...
  ✓ BBC World: 33 items
  ✓ Al Jazeera: 25 items
  ✓ The Guardian World: 45 items
  ✓ NPR World: 10 items
[CURATOR] ✅ picked score=84 bucket=geopolitics region=US
[CURATOR] tags=[] title="Record 9 tonnes of cocaine seized from ‘narco-sub’..."
[CURATOR] source="The Guardian World" link="https://www.theguardian.com/world/2026/jan/26/portuguese-pol..."
[CURATOR] geo_ratio=64% (target=75%)

🔍 Anti-duplicate check...
   ✅ No duplicate found, safe to post
   ✅ Picked: "Record 9 tonnes of cocaine seized from ‘narco-sub’ by Portug..."
   📊 Score: 84.0

📰 Selected: "Record 9 tonnes of cocaine seized from ‘narco-sub’ by Portug..."
   Source: The Guardian World
   URL: https://www.theguardian.com/world/2026/jan/26/portuguese-police-seize-record-9-tonnes-cocaine-narco-sub
✅ Generated: mode="single" urgency="ÚLTIMA HORA" hashtags=[Narcotráfico]

📝 Thread preview:
   1. 🚨 ÚLTIMA HORA | Policía portuguesa incauta récord de 9 toneladas de cocaína de un 'narco-submarino'. La señal real es: …

🧩 Visual meta: [ÚLTIMA HORA] "PORTUGAL INCAUTA RÉCORD DE 9 TONELADAS DE COCAÍNA " | #Narcotráfico

🎨 Generating image...
🎨 Generating image: "PORTUGAL INCAUTA RÉCORD DE 9 TONELADAS D..."
✅ Base image saved: out/images/news-20260127T040022.png
✅ SVG badge and logo overlay applied: out/images/news-20260127T040022.rg.png
[IMG] mode: DALLE_FULL
[IMG] entity: NONE
[IMG] portrait: none
[IMG] reason: Entities detected (Narcotráfico) but no matching portraits found
   ✅ Image ready (DALL·E FULL): out/images/news-20260127T040022.rg.png
   [IMAGE] generated=out/images/news-20260127T040022.rg.png
   [TAGS] final_hashtags=[Narcotrafico]
[MEDIA] uploading to: https://upload.twitter.com/1.1/media/upload.json
[MEDIA] auth header: Authorization
✅ Media uploaded: 2015998296452411392
[MEDIA] uploaded media_id=2015998296452411392

✅ Thread posted successfully!
   View: https://x.com/i/status/2015998298784489886
   [MEDIA] posted_with_image=true
[2026-01-27 03:15:37] [WARN] flock not found; running WITHOUT lock

> geopolitik-x-autopost@1.0.0 dev
> tsx src/run_once.ts --live

node:internal/modules/cjs/loader:1920
  return process.dlopen(module, path.toNamespacedPath(filename));
                 ^

Error: The module '/Users/alexgonzalez/Youtube WorkSpace/geopolitik-x-autopost/node_modules/better-sqlite3/build/Release/better_sqlite3.node'
was compiled against a different Node.js version using
NODE_MODULE_VERSION 115. This version of Node.js requires
NODE_MODULE_VERSION 137. Please try re-compiling or re-installing
the module (for instance, using `npm rebuild` or `npm install`).
    at Object..node (node:internal/modules/cjs/loader:1920:18)
    at Module.load (node:internal/modules/cjs/loader:1481:32)
    at Module._load (node:internal/modules/cjs/loader:1300:12)
    at TracingChannel.traceSync (node:diagnostics_channel:328:14)
    at wrapModuleLoad (node:internal/modules/cjs/loader:245:24)
    at Module.require (node:internal/modules/cjs/loader:1504:12)
    at require (node:internal/modules/helpers:152:16)
    at bindings (/Users/alexgonzalez/Youtube WorkSpace/geopolitik-x-autopost/node_modules/bindings/bindings.js:112:48)
    at new Database (/Users/alexgonzalez/Youtube WorkSpace/geopolitik-x-autopost/node_modules/better-sqlite3/lib/database.js:48:64)
    at <anonymous> (/Users/alexgonzalez/Youtube WorkSpace/geopolitik-x-autopost/src/db.ts:14:43) {
  code: 'ERR_DLOPEN_FAILED'
}

Node.js v24.13.0
[2026-01-27 03:17:29] [ERROR] cycle failed

> geopolitik-x-autopost@1.0.0 dev
> tsx src/run_once.ts --live


============================================================
🌍 GEOPOLITIK X AUTOPOST
📅 2026-01-27T13:00:01.633Z
🔧 Mode: LIVE (explicit --live)
============================================================

📊 Posts today: 8/20

🔗 Testing X connection...

🤖 Automatic mode: curating best story...
  ✓ BBC World: 38 items
  ✓ Al Jazeera: 25 items
  ✓ The Guardian World: 45 items
  ✓ NPR World: 10 items
[CURATOR] ✅ picked score=146 bucket=geopolitics region=MIDDLE_EAST
[CURATOR] tags=[Iran,USA] title="At least 6,126 people killed in Iran's crackdown o..."
[CURATOR] source="NPR World" link="https://www.npr.org/2026/01/27/nx-s1-5689793/6-126-iran-crac..."
[CURATOR] geo_ratio=60% (target=75%)

🔍 Anti-duplicate check...
   ✅ No duplicate found, safe to post
   ✅ Picked: "At least 6,126 people killed in Iran's crackdown on nationwi..."
   📊 Score: 146.0

📰 Selected: "At least 6,126 people killed in Iran's crackdown on nationwi..."
   Source: NPR World
   URL: https://www.npr.org/2026/01/27/nx-s1-5689793/6-126-iran-crackdown-protests-death-toll
❌ Generation error: This operation was aborted

📝 Thread preview:
   1. 🚨 ÚLTIMA HORA | At least 6,126 people killed in Iran's crackdown on nationwide protests, activists say
Más detalles: ht…

🧩 Visual meta: [ÚLTIMA HORA] "AT LEAST 6,126 PEOPLE KILLED IN IRAN'S CRACKDOWN O" | #NPR

🎨 Generating image...
🎨 Generating image: "AT LEAST 6,126 PEOPLE KILLED IN IRAN'S C..."
❌ Image generation error: OpenAI API error 400: {
  "error": {
    "message": "Your request was rejected as a result of our safety system. Your prompt may contain text that is not allowed by our safety system.",
    "type": "image_generation_user_e
   ❌ Image generation FAILED (IMAGE_LIVE=1 requires image)
   [IMAGE] generation_failed=true

> geopolitik-x-autopost@1.0.0 dev
> tsx src/run_once.ts --live


============================================================
🌍 GEOPOLITIK X AUTOPOST
📅 2026-01-27T14:00:01.899Z
🔧 Mode: LIVE (explicit --live)
============================================================

📊 Posts today: 9/20

🔗 Testing X connection...

🤖 Automatic mode: curating best story...
  ✓ BBC Mundo: 56 items
  ✓ RFI Español: 28 items
  ✓ France 24 Español: 24 items
  ✓ El País América: 143 items
  ✓ Al Jazeera English: 25 items
  ✓ BBC World: 38 items
  ✓ The Guardian World: 45 items
  ✓ NPR World: 10 items
  ✓ Google News - Cuba Trump: 100 items
  ✓ Radio Habana Cuba - Spanish: 0 items
  ✓ OnCubaNews: 27 items
  ✓ Havana Times: 7 items
  ✓ Military Times News: 25 items
  ✓ Defense News Global: 25 items
  ✓ Press TV - Iran: 107 items
  ✓ CNN World News: 29 items
  ✓ NBC News World: 25 items
[GDELT] unexpected content-type: text/html; charset=utf-8
[GDELT] unexpected content-type: text/html; charset=utf-8
[GDELT] 429 Too Many Requests
[GDELT] 429 Too Many Requests

🎯 Cuba-first pick from news_picker (avoids repeats)

📰 Selected: "Muertes por accidentes de tránsito en Cuba aumentaron en más..."
   Source: OnCubaNews
   URL: https://oncubanews.com/cuba/muertes-por-accidentes-de-transito-aumentaron-en-cuba-en-2025/
✅ Generated: mode="single" urgency="CLAVE" hashtags=[Cuba]

📝 Thread preview:
   1. ⚠️ CLAVE | Muertes por accidentes de tránsito en Cuba aumentaron más de 100 casos en 2025. La crisis del transporte y el…

🧩 Visual meta: [CLAVE] "MUERTES VIALES EN CUBA AUMENTAN MÁS DE 100 CASOS E" | #Cuba

🎨 Generating image...
🎨 Generating image: "MUERTES VIALES EN CUBA AUMENTAN MÁS DE 1..."
✅ Base image saved: out/images/news-20260127T140048.png
✅ SVG badge and logo overlay applied: out/images/news-20260127T140048.rg.png
[IMG] mode: DALLE_FULL
[IMG] entity: NONE
[IMG] portrait: none
[IMG] reason: Entities detected (Cuba) but no matching portraits found
   ✅ Image ready (DALL·E FULL): out/images/news-20260127T140048.rg.png
   [IMAGE] generated=out/images/news-20260127T140048.rg.png
   [TAGS] final_hashtags=[Cuba]
[MEDIA] uploading to: https://upload.twitter.com/1.1/media/upload.json
[MEDIA] auth header: Authorization
✅ Media uploaded: 2016149403371720706
[MEDIA] uploaded media_id=2016149403371720706

✅ Thread posted successfully!
   View: https://x.com/i/status/2016149406072840447
   [MEDIA] posted_with_image=true
[2026-01-27 09:04:28] [WARN] flock not found; running WITHOUT lock

> geopolitik-x-autopost@1.0.0 dev
> tsx src/run_once.ts --live

node:internal/modules/cjs/loader:1920
  return process.dlopen(module, path.toNamespacedPath(filename));
                 ^

Error: The module '/Users/alexgonzalez/Youtube WorkSpace/geopolitik-x-autopost/node_modules/better-sqlite3/build/Release/better_sqlite3.node'
was compiled against a different Node.js version using
NODE_MODULE_VERSION 115. This version of Node.js requires
NODE_MODULE_VERSION 137. Please try re-compiling or re-installing
the module (for instance, using `npm rebuild` or `npm install`).
    at Object..node (node:internal/modules/cjs/loader:1920:18)
    at Module.load (node:internal/modules/cjs/loader:1481:32)
    at Module._load (node:internal/modules/cjs/loader:1300:12)
    at TracingChannel.traceSync (node:diagnostics_channel:328:14)
    at wrapModuleLoad (node:internal/modules/cjs/loader:245:24)
    at Module.require (node:internal/modules/cjs/loader:1504:12)
    at require (node:internal/modules/helpers:152:16)
    at bindings (/Users/alexgonzalez/Youtube WorkSpace/geopolitik-x-autopost/node_modules/bindings/bindings.js:112:48)
    at new Database (/Users/alexgonzalez/Youtube WorkSpace/geopolitik-x-autopost/node_modules/better-sqlite3/lib/database.js:48:64)
    at <anonymous> (/Users/alexgonzalez/Youtube WorkSpace/geopolitik-x-autopost/src/db.ts:14:43) {
  code: 'ERR_DLOPEN_FAILED'
}

Node.js v24.13.0
[2026-01-27 09:04:28] [ERROR] cycle failed

> geopolitik-x-autopost@1.0.0 dev
> tsx src/run_once.ts --live


============================================================
🌍 GEOPOLITIK X AUTOPOST
📅 2026-01-27T15:00:01.910Z
🔧 Mode: LIVE (explicit --live)
============================================================

📊 Posts today: 11/20

🔗 Testing X connection...

🤖 Automatic mode: curating best story...
  ✓ BBC Mundo: 56 items
  ✓ RFI Español: 28 items
  ✓ France 24 Español: 24 items
  ✓ El País América: 142 items
  ✓ Al Jazeera English: 25 items
  ✓ BBC World: 30 items
  ✓ The Guardian World: 45 items
  ✓ NPR World: 10 items
  ✓ Google News - Cuba Trump: 100 items
  ✓ Radio Habana Cuba - Spanish: 0 items
  ✓ OnCubaNews: 27 items
  ✓ Havana Times: 7 items
  ✓ Military Times News: 25 items
  ✓ Defense News Global: 25 items
  ✓ Press TV - Iran: 107 items
  ✓ CNN World News: 29 items
  ✓ NBC News World: 25 items
[GDELT] unexpected content-type: text/html; charset=utf-8
[GDELT] unexpected content-type: text/html; charset=utf-8
[GDELT] unexpected content-type: text/html; charset=utf-8
[GDELT] unexpected content-type: text/html; charset=utf-8

🎯 Cuba-first pick from news_picker (avoids repeats)

📰 Selected: "El Kremlin alerta de un posible bloqueo naval estadounidense..."
   Source: Google News - Cuba Trump
   URL: https://news.google.com/rss/articles/CBMipgFBVV95cUxOazU4NFBmY1hYUGtZUGhDUmFyallqUThFcmJrR1FDaE9lMldBa1U2V3VXa2hKWGZqbHE3cVVMN3ozdm5IaktNeEJxRTd3V2JEMzY1dXZCZ3RXZXVPTGlFS2hZQ0RScW5mTkR2eWRmNml1OF9pVVF5VXM0YkNQVlVFLURHeDRBVnZvVHZ1MTVJa0JhdlFFb0lNb2NieGY5anBUczN6VEV3?oc=5
✅ Generated: mode="single" urgency="ÚLTIMA HORA" hashtags=[Cuba]

📝 Thread preview:
   1. 🚨 ÚLTIMA HORA | El Kremlin advierte sobre posible bloqueo naval estadounidense a Cuba. La tensión geopolítica en el Car…

🧩 Visual meta: [ÚLTIMA HORA] "KREMLIN ALERTA POSIBLE BLOQUEO NAVAL ESTADOUNIDENS" | #Cuba

🎨 Generating image...
🎨 Generating image: "KREMLIN ALERTA POSIBLE BLOQUEO NAVAL EST..."
✅ Base image saved: out/images/news-20260127T150049.png
✅ SVG badge and logo overlay applied: out/images/news-20260127T150049.rg.png
[IMG] mode: COMPOSED
[IMG] entity: putin
[IMG] portrait: putin .jpg
[IMG] reason: Portrait available for entity: putin (putin .jpg)
[IMG COMPOSER] Starting composition...
[IMG COMPOSER]   BG: news-20260127T150049.rg.png
[IMG COMPOSER]   Portrait: putin .jpg
[IMG COMPOSER] ❌ Composition failed: Image to composite must have same dimensions or smaller
   ⚠️  Composition failed: Image to composite must have same dimensions or smaller
   ✅ Fallback to DALL·E FULL: out/images/news-20260127T150049.rg.png
   [IMAGE] generated=out/images/news-20260127T150049.rg.png
   [TAGS] final_hashtags=[Cuba]
[MEDIA] uploading to: https://upload.twitter.com/1.1/media/upload.json
[MEDIA] auth header: Authorization
✅ Media uploaded: 2016164513955872768
[MEDIA] uploaded media_id=2016164513955872768

✅ Thread posted successfully!
   View: https://x.com/i/status/2016164516732531033
   [MEDIA] posted_with_image=true
[2026-01-27 10:04:28] [WARN] flock not found; running WITHOUT lock

> geopolitik-x-autopost@1.0.0 dev
> tsx src/run_once.ts --live

node:internal/modules/cjs/loader:1920
  return process.dlopen(module, path.toNamespacedPath(filename));
                 ^

Error: The module '/Users/alexgonzalez/Youtube WorkSpace/geopolitik-x-autopost/node_modules/better-sqlite3/build/Release/better_sqlite3.node'
was compiled against a different Node.js version using
NODE_MODULE_VERSION 115. This version of Node.js requires
NODE_MODULE_VERSION 137. Please try re-compiling or re-installing
the module (for instance, using `npm rebuild` or `npm install`).
    at Object..node (node:internal/modules/cjs/loader:1920:18)
    at Module.load (node:internal/modules/cjs/loader:1481:32)
    at Module._load (node:internal/modules/cjs/loader:1300:12)
    at TracingChannel.traceSync (node:diagnostics_channel:328:14)
    at wrapModuleLoad (node:internal/modules/cjs/loader:245:24)
    at Module.require (node:internal/modules/cjs/loader:1504:12)
    at require (node:internal/modules/helpers:152:16)
    at bindings (/Users/alexgonzalez/Youtube WorkSpace/geopolitik-x-autopost/node_modules/bindings/bindings.js:112:48)
    at new Database (/Users/alexgonzalez/Youtube WorkSpace/geopolitik-x-autopost/node_modules/better-sqlite3/lib/database.js:48:64)
    at <anonymous> (/Users/alexgonzalez/Youtube WorkSpace/geopolitik-x-autopost/src/db.ts:14:43) {
  code: 'ERR_DLOPEN_FAILED'
}

Node.js v24.13.0
[2026-01-27 10:04:29] [ERROR] cycle failed

> geopolitik-x-autopost@1.0.0 dev
> tsx src/run_once.ts --live


============================================================
🌍 GEOPOLITIK X AUTOPOST
📅 2026-01-27T16:00:01.120Z
🔧 Mode: LIVE (explicit --live)
============================================================

📊 Posts today: 0/20

🔗 Testing X connection...

🤖 Automatic mode: curating best story...
  ✓ BBC Mundo: 56 items
  ✓ RFI Español: 28 items
  ✓ France 24 Español: 24 items
  ✓ El País América: 143 items
  ✗ La Nación Argentina: Status code 404
  ✗ Infobae Latinoamérica: Status code 404
  ✓ Al Jazeera English: 25 items
  ✗ Al Jazeera Español: Status code 404
  ✓ BBC World: 30 items
  ✗ DW English: Attribute without value
Line: 110
Column: 38
Char: >
  ✗ DW Español: Status code 404
  ✓ The Guardian World: 45 items
  ✓ NPR World: 10 items
  ✗ Reuters World News: getaddrinfo ENOTFOUND feeds.reuters.com
  ✗ AP News - World: Attribute without value
Line: 348
Column: 33
Char: d
  ✗ Politico International: Status code 403
  ✓ Google News - Cuba Trump: 100 items
  ✓ Radio Habana Cuba - Spanish: 0 items
  ✓ OnCubaNews: 27 items
  ✓ Havana Times: 7 items
  ✓ Military Times News: 25 items
  ✓ Defense News Global: 25 items
  ✓ Press TV - Iran: 107 items
  ✓ CNN World News: 29 items
  ✓ NBC News World: 25 items
[GDELT] unexpected content-type: text/html; charset=utf-8
[GDELT] 429 Too Many Requests
[GDELT] 429 Too Many Requests
[GDELT] unexpected content-type: text/html; charset=utf-8

🎯 Cuba-first pick from news_picker (avoids repeats)

📰 Selected: "Rusia “bajo alarma” ante reportes de un posible bloqueo nava..."
   Source: Google News - Cuba Trump
   URL: https://news.google.com/rss/articles/CBMiqwFBVV95cUxQOUN5V2NteFNXR1BYUk9xWHJCa1ZfV3VNOWJYRTA0VzUwRTljUzFzNGNFM3RrVVVyLVQtYWVuRDdMSG9pNGdEaGZtbVdJcms4SVNmYXAxR0oweWNDamNCRGVkOHlSNzNOUnZERGJNWGNOamtMSW5kU0hCMV9vZzNITEg3UmN0RG1NX1JPOTlCMkxrd3RKRHNSM1NDLXQwcElVc2g3WC1GTFEwaGM?oc=5
✅ Generated: mode="single" urgency="ÚLTIMA HORA" hashtags=[Geopolitica]

📝 Thread preview:
   1. 🚨 ÚLTIMA HORA | Rusia en estado de alarma por reportes de posible bloqueo naval estadounidense a Cuba. La señal real es…

🧩 Visual meta: [ÚLTIMA HORA] "RUSIA EN ALARMA POR POSIBLE BLOQUEO NAVAL EEUU A C" | #Geopolitica

🎨 Generating image...
🎨 Generating image: "RUSIA EN ALARMA POR POSIBLE BLOQUEO NAVA..."
✅ Base image saved: out/images/news-20260127T160051.png
✅ SVG badge and logo overlay applied: out/images/news-20260127T160051.rg.png
[IMG] mode: DALLE_FULL
[IMG] entity: NONE
[IMG] portrait: none
[IMG] reason: Entities detected (Geopolitica) but no matching portraits found
   ✅ Image ready (DALL·E FULL): out/images/news-20260127T160051.rg.png
   [IMAGE] generated=out/images/news-20260127T160051.rg.png
   [TAGS] final_hashtags=[Geopolitica]
[MEDIA] uploading to: https://upload.twitter.com/1.1/media/upload.json
[MEDIA] auth header: Authorization
✅ Media uploaded: 2016179615077687296
[MEDIA] uploaded media_id=2016179615077687296

✅ Thread posted successfully!
   View: https://x.com/i/status/2016179618064084999
   [MEDIA] posted_with_image=true
[2026-01-27 11:04:29] [WARN] flock not found; running WITHOUT lock

> geopolitik-x-autopost@1.0.0 dev
> tsx src/run_once.ts --live

/Users/alexgonzalez/Youtube WorkSpace/geopolitik-x-autopost/src/run_once.ts:13
import { checkDuplicate as dedupeCheck, rememberDedup, isTopicOnCooldown, recordTopicPosted, buildTopicHash } from "./dedupe_store.js";
                                                                                             ^
SyntaxError: The requested module './dedupe_store.js' does not provide an export named 'buildTopicHash'
    at #asyncInstantiate (node:internal/modules/esm/module_job:302:21)
    at async ModuleJob.run (node:internal/modules/esm/module_job:405:5)
    at async onImport.tracePromise.__proto__ (node:internal/modules/esm/loader:660:26)
    at async asyncRunEntryPointWithESMLoader (node:internal/modules/run_main:101:5)

Node.js v24.13.0
[2026-01-27 11:04:30] [ERROR] cycle failed

> geopolitik-x-autopost@1.0.0 dev
> tsx src/run_once.ts --live


============================================================
🌍 GEOPOLITIK X AUTOPOST
📅 2026-01-27T17:00:01.713Z
🔧 Mode: LIVE (explicit --live)
============================================================

📊 Posts today: 1/20

🔗 Testing X connection...

🤖 Automatic mode: curating best story...
  ✓ BBC Mundo: 56 items
  ✓ RFI Español: 28 items
  ✓ France 24 Español: 24 items
  ✓ El País América: 143 items
  ✗ La Nación Argentina: Status code 404
  ✗ Infobae Latinoamérica: Status code 404
  ✓ Al Jazeera English: 25 items
  ✗ Al Jazeera Español: Status code 404
  ✓ BBC World: 31 items
  ✗ DW English: Attribute without value
Line: 110
Column: 38
Char: >
  ✗ DW Español: Status code 404
  ✓ The Guardian World: 45 items
  ✓ NPR World: 10 items
  ✗ Reuters World News: getaddrinfo ENOTFOUND feeds.reuters.com
  ✗ AP News - World: Attribute without value
Line: 348
Column: 33
Char: d
  ✗ Politico International: Status code 403
  ✓ Google News - Cuba Trump: 100 items
  ✓ Radio Habana Cuba - Spanish: 0 items
  ✓ OnCubaNews: 27 items
  ✓ Havana Times: 7 items
  ✓ Military Times News: 25 items
  ✓ Defense News Global: 25 items
  ✓ Press TV - Iran: 107 items
  ✓ CNN World News: 29 items
  ✓ NBC News World: 25 items

🎯 Cuba-first pick from news_picker (avoids repeats)

📰 Selected: "Rusia cataloga de "alarmante" posible bloqueo naval de EEUU ..."
   Source: Google News - Cuba Trump
   URL: https://news.google.com/rss/articles/CBMizgFBVV95cUxObTJCUXJaQWNKaHNRNTBQNFVyV2xXdWgxU0dNckotMUxOZGx6LWFlMmVUYmpJU1RWeU5pQmRuU2w3b0hjR0QwUm9leTJBcFRpNGdtRHZScHdmV3dXVW9MaFR3MjROY0pFazFOeDRNTTdHcWFpNE5Ia0EtQUdRUnNMR0VQaWd0MEJINjhzUzkwV1p1WXBZVXdMUEd4bGEtekowZ2lvWU9fbTU0MVpGa21ma1poSXBTZ2FuS0dQNlNWN3NaSzdjTkxYLUpPUDc3d9IB0wFBVV95cUxOQ0Z0V21hT2dEZ3I2aFhHbGROYkRKZDJ2Y1pTSVhxejBzQ2g1WkFIMHkzOGJMVmIzMWNlbUdmWTUzcG9yZWZWMjFFY0g3d2RmSUp2cGpEcW9Odk9YTWhvbUZ0clJ6ckgtYzdTWGRpOEhTVzRGaUtpYW1xUEc0NC1ZendQSVhaV0dUTFFjMkJXOG12ZlpqSC1acEhnVzdIS0tQVmVqWG5YQUd2NndGRlQ5clZ4aXhYR19rRVpKNHA0a3lULWlFVVhPZUJQcTVaNHN4TFJV?oc=5

🧠 Using LLM thread generation (score=195 >= 85 AND has hard-geo)
[JSON Parse Error] Response: {
  "mode": "single",
  "language": "es",
  "urgency_tag": "ÚLTIMA HORA",
  "topic_hashtags": ["Cuba"],
  "tweet": {
    "text": "🚨 ÚLTIMA HORA | Rusia califica de \"alarmante\" posible bloqueo naval de EEUU contra Cuba para cambio de régimen. Moscú advierte escalada en tensiones regionales tras ru
❌ Generation error: No valid JSON found

📝 Thread preview:
   1. 🚨 ÚLTIMA HORA | Rusia cataloga de "alarmante" posible bloqueo naval de EEUU para cambiar el régimen en Cuba - diariolas…

🧩 Visual meta: [ÚLTIMA HORA] "RUSIA CATALOGA DE "ALARMANTE" POSIBLE BLOQUEO NAVA" | #Google

🎨 Generating image...
🎨 Generating image: "RUSIA CATALOGA DE "ALARMANTE" POSIBLE BL..."
✅ Base image saved: out/images/news-20260127T170056.png
✅ SVG badge and logo overlay applied: out/images/news-20260127T170056.rg.png
[IMG] mode: DALLE_FULL
[IMG] entity: NONE
[IMG] portrait: none
[IMG] reason: Entities detected (Google) but no matching portraits found
   ✅ Image ready (DALL·E FULL): out/images/news-20260127T170056.rg.png
   [IMAGE] generated=out/images/news-20260127T170056.rg.png
   [TAGS] final_hashtags=[Cuba,Ucrania]
[MEDIA] uploading to: https://upload.twitter.com/1.1/media/upload.json
[MEDIA] auth header: Authorization
✅ Media uploaded: 2016194735912759297
[MEDIA] uploaded media_id=2016194735912759297

✅ Thread posted successfully!
   View: https://x.com/i/status/2016194738555084852
   [MEDIA] posted_with_image=true
[2026-01-27 12:04:30] [WARN] flock not found; running WITHOUT lock

> geopolitik-x-autopost@1.0.0 dev
> tsx src/run_once.ts --live

node:internal/modules/cjs/loader:1920
  return process.dlopen(module, path.toNamespacedPath(filename));
                 ^

Error: The module '/Users/alexgonzalez/Youtube WorkSpace/geopolitik-x-autopost/node_modules/better-sqlite3/build/Release/better_sqlite3.node'
was compiled against a different Node.js version using
NODE_MODULE_VERSION 115. This version of Node.js requires
NODE_MODULE_VERSION 137. Please try re-compiling or re-installing
the module (for instance, using `npm rebuild` or `npm install`).
    at Object..node (node:internal/modules/cjs/loader:1920:18)
    at Module.load (node:internal/modules/cjs/loader:1481:32)
    at Module._load (node:internal/modules/cjs/loader:1300:12)
    at TracingChannel.traceSync (node:diagnostics_channel:328:14)
    at wrapModuleLoad (node:internal/modules/cjs/loader:245:24)
    at Module.require (node:internal/modules/cjs/loader:1504:12)
    at require (node:internal/modules/helpers:152:16)
    at bindings (/Users/alexgonzalez/Youtube WorkSpace/geopolitik-x-autopost/node_modules/bindings/bindings.js:112:48)
    at new Database (/Users/alexgonzalez/Youtube WorkSpace/geopolitik-x-autopost/node_modules/better-sqlite3/lib/database.js:48:64)
    at <anonymous> (/Users/alexgonzalez/Youtube WorkSpace/geopolitik-x-autopost/src/db.ts:14:43) {
  code: 'ERR_DLOPEN_FAILED'
}

Node.js v24.13.0
[2026-01-27 12:04:30] [ERROR] cycle failed

> geopolitik-x-autopost@1.0.0 dev
> tsx src/run_once.ts --live


============================================================
🌍 GEOPOLITIK X AUTOPOST
📅 2026-01-27T18:00:00.859Z
🔧 Mode: LIVE (explicit --live)
============================================================

📊 Posts today: 0/20

🔗 Testing X connection...

🤖 Automatic mode: curating best story...
  ✓ BBC Mundo: 56 items
  ✓ RFI Español: 28 items
  ✓ France 24 Español: 24 items
  ✓ El País América: 143 items
  ✗ La Nación Argentina: Status code 404
  ✗ Infobae Latinoamérica: Status code 404
  ✓ Al Jazeera English: 25 items
  ✗ Al Jazeera Español: Status code 404
  ✓ BBC World: 34 items
  ✗ DW English: Attribute without value
Line: 110
Column: 38
Char: >
  ✗ DW Español: Status code 404
  ✓ The Guardian World: 45 items
  ✓ NPR World: 10 items
  ✗ Reuters World News: getaddrinfo ENOTFOUND feeds.reuters.com
  ✗ AP News - World: Attribute without value
Line: 348
Column: 33
Char: d
  ✗ Politico International: Status code 403
  ✓ Google News - Cuba Trump: 100 items
  ✓ Radio Habana Cuba - Spanish: 0 items
  ✓ OnCubaNews: 27 items
  ✓ Havana Times: 7 items
  ✓ Military Times News: 25 items
  ✓ Defense News Global: 25 items
  ✓ Press TV - Iran: 107 items
  ✓ South China Morning Post: 50 items
  ✓ CGTN World: 50 items
  ✓ CNN World News: 29 items
  ✓ NBC News World: 25 items
  ✓ TeleSUR English: 30 items
  ✓ Mexico News Daily: 10 items
  ✓ Brasil Wire: 10 items
  ✗ La Prensa Panamá: Invalid character in entity name
Line: 0
Column: 144
Char: &
  ✓ RT en Español: 10 items
  ✓ Sputnik Mundo: 100 items
  ✓ ANSA Latinoamérica: 28 items
  ✗ EFE América: Attribute without value
Line: 33
Column: 52
Char: r
  ✓ Clarín Argentina: 10 items
  ✗ Página 12 Argentina: Status code 404
  ✓ Perfil Argentina: 50 items
  ✗ Folha de S.Paulo: Status code 404
  ✓ O Globo Brasil: 0 items
  ✗ UOL Notícias Brasil: Feed not recognized as RSS 1 or 2.
  ✗ Emol Chile: Invalid attribute name
Line: 68
Column: 167
Char: "
  ✗ La Tercera Chile: Status code 404
  ✗ El Mostrador Chile: Status code 404
  ✓ El Tiempo Colombia: 10 items
  ✗ El Espectador Colombia: Status code 404
  ✗ Semana Colombia: Status code 404
  ✗ Proceso México: Status code 404
  ✓ Reforma México: 10 items
  ✗ Excélsior México: Status code 404
  ✓ La Jornada México: 104 items
  ✓ Milenio México: 20 items
  ✗ El Comercio Perú: Invalid character in entity name
Line: 0
Column: 2326
Char: &
  ✗ RPP Noticias Perú: Unable to parse XML.
  ✗ La República Perú: Status code 404
  ✓ Efecto Cocuyo Venezuela: 15 items
  ✓ El Pitazo Venezuela: 10 items
  ✓ Runrunes Venezuela: 8 items
  ✗ El Universo Ecuador: Invalid character in entity name
Line: 0
Column: 3702
Char: &
  ✓ El Comercio Ecuador: 20 items
  ✗ El País Uruguay: Feed not recognized as RSS 1 or 2.
  ✗ El Observador Uruguay: Attribute without value
Line: 91
Column: 34
Char: t
  ✗ Página Siete Bolivia: Feed not recognized as RSS 1 or 2.
  ✗ El Deber Bolivia: Attribute without value
Line: 0
Column: 482
Char: >
  ✗ La Prensa Gráfica El Salvador: Unable to parse XML.
  ✗ El Heraldo Honduras: Status code 404
  ✗ La Prensa Nicaragua: getaddrinfo ENOTFOUND www.laprensa.com.ni
  ✓ La Nación Costa Rica: 100 items
  ✓ Prensa Libre Guatemala: 99 items
  ✗ Jamaica Observer: Status code 403
  ✓ Dominican Today: 0 items
  ✗ Caribbean360: Attribute without value
Line: 0
Column: 243
Char: s
  ✗ Euronews World: Too many redirects
  ✓ France 24 English: 23 items
  ✓ RFI English: 22 items
  ✓ DW World News: 13 items
  ✓ Le Monde International: 20 items
  ✓ El País España Internacional: 24 items
  ✓ The Independent UK: 92 items
  ✗ The Telegraph World: Status code 403
  ✓ Japan Times: 30 items
  ✗ Korea Times: getaddrinfo ENOTFOUND home
  ✓ Straits Times Singapore: 50 items
  ✓ The News Pakistan: 50 items
  ✓ Hindustan Times India: 100 items
  ✓ Times of India World: 20 items
  ✗ Haaretz Israel: Status code 403
  ✓ Times of Israel: 13 items
  ✗ Arab News: Status code 403
  ✗ The National UAE: Status code 404
  ✓ Middle East Eye: 20 items
  ✓ Daily Maverick South Africa: 29 items
  ✓ AllAfrica News: 32 items
  ✗ The Africa Report: Status code 403
  ✓ The Moscow Times: 50 items
  ✓ TASS Russia: 100 items
  ✓ New York Times World: 59 items
  ✓ Washington Post World: 14 items
  ✓ Wall Street Journal World: 20 items
  ✓ Foreign Policy Magazine: 25 items
  ✓ The Hill International: 15 items
  ✗ Janes Defense: Status code 404
  ✗ Defense One: Status code 404
  ✓ Financial Times World: 25 items
  ✓ The Economist World: 300 items
  ✓ CounterPunch: 30 items
  ✓ Common Dreams: 30 items

🎯 Cuba-first pick from news_picker (avoids repeats)

📰 Selected: "Preso político Yandir Loggiodice requiere una cirugía cerebr..."
   Source: Runrunes Venezuela
   URL: https://runrun.es/noticias/598693/dirigente-politico-yandir-loggiodice-requiere-una-cirugia-cerebral-urgente/

🧠 Using LLM thread generation (score=185 >= 85 AND has hard-geo)
✅ Generated: mode="single" urgency="ÚLTIMA HORA" hashtags=[Venezuela]

📝 Thread preview:
   1. 🚨 ÚLTIMA HORA | Preso político Yandir Loggiodice requiere cirugía cerebral urgente según reportes médicos. La situación…

🧩 Visual meta: [ÚLTIMA HORA] "PRESO POLÍTICO YANDIR LOGGIODICE REQUIERE CIRUGÍA " | #Venezuela

🎨 Generating image...
🎨 Generating image: "PRESO POLÍTICO YANDIR LOGGIODICE REQUIER..."
✅ Base image saved: out/images/news-20260127T180224.png
✅ SVG badge and logo overlay applied: out/images/news-20260127T180224.rg.png
[IMG] mode: DALLE_FULL
[IMG] entity: NONE
[IMG] portrait: none
[IMG] reason: Entities detected (Venezuela) but no matching portraits found
   ✅ Image ready (DALL·E FULL): out/images/news-20260127T180224.rg.png
   [IMAGE] generated=out/images/news-20260127T180224.rg.png
   [TAGS] final_hashtags=[Venezuela]
[MEDIA] uploading to: https://upload.twitter.com/1.1/media/upload.json
[MEDIA] auth header: Authorization
✅ Media uploaded: 2016210203184664590
[MEDIA] uploaded media_id=2016210203184664590

✅ Thread posted successfully!
   View: https://x.com/i/status/2016210205697097744
   [MEDIA] posted_with_image=true
[2026-01-27 13:04:30] [WARN] flock not found; running WITHOUT lock

> geopolitik-x-autopost@1.0.0 dev
> tsx src/run_once.ts --live

node:internal/modules/cjs/loader:1920
  return process.dlopen(module, path.toNamespacedPath(filename));
                 ^

Error: The module '/Users/alexgonzalez/Youtube WorkSpace/geopolitik-x-autopost/node_modules/better-sqlite3/build/Release/better_sqlite3.node'
was compiled against a different Node.js version using
NODE_MODULE_VERSION 115. This version of Node.js requires
NODE_MODULE_VERSION 137. Please try re-compiling or re-installing
the module (for instance, using `npm rebuild` or `npm install`).
    at Object..node (node:internal/modules/cjs/loader:1920:18)
    at Module.load (node:internal/modules/cjs/loader:1481:32)
    at Module._load (node:internal/modules/cjs/loader:1300:12)
    at TracingChannel.traceSync (node:diagnostics_channel:328:14)
    at wrapModuleLoad (node:internal/modules/cjs/loader:245:24)
    at Module.require (node:internal/modules/cjs/loader:1504:12)
    at require (node:internal/modules/helpers:152:16)
    at bindings (/Users/alexgonzalez/Youtube WorkSpace/geopolitik-x-autopost/node_modules/bindings/bindings.js:112:48)
    at new Database (/Users/alexgonzalez/Youtube WorkSpace/geopolitik-x-autopost/node_modules/better-sqlite3/lib/database.js:48:64)
    at <anonymous> (/Users/alexgonzalez/Youtube WorkSpace/geopolitik-x-autopost/src/db.ts:14:43) {
  code: 'ERR_DLOPEN_FAILED'
}

Node.js v24.13.0
[2026-01-27 13:04:31] [ERROR] cycle failed

> geopolitik-x-autopost@1.0.0 dev
> tsx src/run_once.ts --live


============================================================
🌍 GEOPOLITIK X AUTOPOST
📅 2026-01-27T19:00:01.331Z
🔧 Mode: LIVE (explicit --live)
============================================================

📊 Posts today: 1/20

🔗 Testing X connection...

🤖 Automatic mode: curating best story...
  ✓ BBC Mundo: 56 items
  ✓ RFI Español: 28 items
  ✓ France 24 Español: 24 items
  ✓ El País América: 143 items
  ✗ La Nación Argentina: Status code 404
  ✗ Infobae Latinoamérica: Status code 404
  ✓ Al Jazeera English: 25 items
  ✗ Al Jazeera Español: Status code 404
  ✓ BBC World: 34 items
  ✗ DW English: Attribute without value
Line: 110
Column: 38
Char: >
  ✗ DW Español: Status code 404
  ✓ The Guardian World: 45 items
  ✓ NPR World: 10 items
  ✗ Reuters World News: getaddrinfo ENOTFOUND feeds.reuters.com
  ✗ AP News - World: Attribute without value
Line: 348
Column: 33
Char: d
  ✗ Politico International: Status code 403
  ✓ Google News - Cuba Trump: 100 items
  ✓ Radio Habana Cuba - Spanish: 0 items
  ✓ OnCubaNews: 27 items
  ✓ Havana Times: 7 items
  ✓ Military Times News: 25 items
  ✓ Defense News Global: 25 items
  ✓ Press TV - Iran: 107 items
  ✓ South China Morning Post: 50 items
  ✓ CGTN World: 50 items
  ✓ CNN World News: 29 items
  ✓ NBC News World: 25 items
  ✓ TeleSUR English: 30 items
  ✓ Mexico News Daily: 10 items
  ✓ Brasil Wire: 10 items
  ✗ La Prensa Panamá: Invalid character in entity name
Line: 0
Column: 144
Char: &
  ✓ RT en Español: 10 items
  ✓ Sputnik Mundo: 100 items
  ✓ ANSA Latinoamérica: 28 items
  ✗ EFE América: Attribute without value
Line: 33
Column: 52
Char: r
  ✓ Clarín Argentina: 10 items
  ✗ Página 12 Argentina: Status code 404
  ✓ Perfil Argentina: 50 items
  ✗ Folha de S.Paulo: Status code 404
  ✓ O Globo Brasil: 0 items
  ✗ UOL Notícias Brasil: Feed not recognized as RSS 1 or 2.
  ✗ Emol Chile: Invalid attribute name
Line: 68
Column: 167
Char: "
  ✗ La Tercera Chile: Status code 404
  ✗ El Mostrador Chile: Status code 404
  ✓ El Tiempo Colombia: 10 items
  ✗ El Espectador Colombia: Status code 404
  ✗ Semana Colombia: Status code 404
  ✗ Proceso México: Status code 404
  ✓ Reforma México: 10 items
  ✗ Excélsior México: Status code 404
  ✓ La Jornada México: 104 items
  ✓ Milenio México: 20 items
  ✗ El Comercio Perú: Invalid character in entity name
Line: 0
Column: 2326
Char: &
  ✗ RPP Noticias Perú: Unable to parse XML.
  ✗ La República Perú: Status code 404
  ✓ Efecto Cocuyo Venezuela: 15 items
  ✓ El Pitazo Venezuela: 10 items
  ✓ Runrunes Venezuela: 8 items
  ✗ El Universo Ecuador: Invalid character in entity name
Line: 0
Column: 3702
Char: &
  ✓ El Comercio Ecuador: 20 items
  ✗ El País Uruguay: Feed not recognized as RSS 1 or 2.
  ✗ El Observador Uruguay: Attribute without value
Line: 91
Column: 34
Char: t
  ✗ Página Siete Bolivia: Feed not recognized as RSS 1 or 2.
  ✗ El Deber Bolivia: Attribute without value
Line: 0
Column: 482
Char: >
  ✗ La Prensa Gráfica El Salvador: Unable to parse XML.
  ✗ El Heraldo Honduras: Status code 404
  ✗ La Prensa Nicaragua: getaddrinfo ENOTFOUND www.laprensa.com.ni
  ✓ La Nación Costa Rica: 100 items
  ✓ Prensa Libre Guatemala: 99 items
  ✗ Jamaica Observer: Status code 403
  ✓ Dominican Today: 0 items
  ✗ Caribbean360: Attribute without value
Line: 0
Column: 243
Char: s
  ✓ Euronews World: 50 items
  ✓ France 24 English: 23 items
  ✓ RFI English: 22 items
  ✓ DW World News: 12 items
  ✓ Le Monde International: 20 items
  ✓ El País España Internacional: 24 items
  ✓ The Independent UK: 90 items
  ✗ The Telegraph World: Status code 403
  ✓ Japan Times: 30 items
  ✗ Korea Times: getaddrinfo ENOTFOUND home
  ✓ Straits Times Singapore: 50 items
  ✓ The News Pakistan: 50 items
  ✓ Hindustan Times India: 100 items
  ✓ Times of India World: 20 items
  ✗ Haaretz Israel: Status code 403
  ✓ Times of Israel: 15 items
  ✗ Arab News: Status code 403
  ✗ The National UAE: Status code 404
  ✗ Middle East Eye: Non-whitespace before first tag.
Line: 0
Column: 1
Char: 
  ✓ Daily Maverick South Africa: 29 items
  ✓ AllAfrica News: 32 items
  ✗ The Africa Report: Status code 403
  ✓ The Moscow Times: 50 items
  ✓ TASS Russia: 100 items
  ✓ New York Times World: 59 items
  ✓ Washington Post World: 14 items
  ✓ Wall Street Journal World: 20 items
  ✓ Foreign Policy Magazine: 25 items
  ✓ The Hill International: 15 items
  ✗ Janes Defense: Status code 404
  ✗ Defense One: Status code 404
  ✓ Financial Times World: 25 items
  ✓ The Economist World: 300 items
  ✓ CounterPunch: 30 items
  ✓ Common Dreams: 30 items

🎯 Cuba-first pick from news_picker (avoids repeats)

📰 Selected: "Maru Gutiérrez, jazzista: “Estoy muy feliz de estar en Cuba”..."
   Source: OnCubaNews
   URL: https://oncubanews.com/cultura/musica/maru-gutierrez-jazzista-estoy-muy-feliz-de-estar-en-cuba/

⚡ Using deterministic thread template (score=181 < 85 OR no hard-geo)

📝 Thread preview:
   1. Maru Gutiérrez, jazzista: “Estoy muy feliz de estar en Cuba”
Esto puede mover el tablero en 72h.
   2. Contexto: Junto a músicos cubanos, la artista española estrenará "Manantial", disco producido por Gastón Joya, durante e…
   3. Vigilar: si actor A confirma, escalada; si actor B modera, negociación.
A/B: ¿Escalada o negociación?
Sigue @realgeopoli…

🧩 Visual meta: [CLAVE] "MARU GUTIÉRREZ, JAZZISTA: “ESTOY MUY FELIZ DE ESTA" | #

🎨 Generating image...
🎨 Generating image: "MARU GUTIÉRREZ, JAZZISTA: “ESTOY MUY FEL..."
✅ Base image saved: out/images/news-20260127T190216.png
✅ SVG badge and logo overlay applied: out/images/news-20260127T190216.rg.png
[IMG] mode: DALLE_FULL
[IMG] entity: NONE
[IMG] portrait: none
[IMG] reason: No entities detected
   ✅ Image ready (DALL·E FULL): out/images/news-20260127T190216.rg.png
   [IMAGE] generated=out/images/news-20260127T190216.rg.png
   [TAGS] final_hashtags=[Cuba]
[MEDIA] uploading to: https://upload.twitter.com/1.1/media/upload.json
[MEDIA] auth header: Authorization
✅ Media uploaded: 2016225269816643584
[MEDIA] uploaded media_id=2016225269816643584

✅ Thread posted successfully!
   View: https://x.com/i/status/2016225272865972639
   [MEDIA] posted_with_image=true
[2026-01-27 14:04:31] [WARN] flock not found; running WITHOUT lock

> geopolitik-x-autopost@1.0.0 dev
> tsx src/run_once.ts --live

node:internal/modules/cjs/loader:1920
  return process.dlopen(module, path.toNamespacedPath(filename));
                 ^

Error: The module '/Users/alexgonzalez/Youtube WorkSpace/geopolitik-x-autopost/node_modules/better-sqlite3/build/Release/better_sqlite3.node'
was compiled against a different Node.js version using
NODE_MODULE_VERSION 115. This version of Node.js requires
NODE_MODULE_VERSION 137. Please try re-compiling or re-installing
the module (for instance, using `npm rebuild` or `npm install`).
    at Object..node (node:internal/modules/cjs/loader:1920:18)
    at Module.load (node:internal/modules/cjs/loader:1481:32)
    at Module._load (node:internal/modules/cjs/loader:1300:12)
    at TracingChannel.traceSync (node:diagnostics_channel:328:14)
    at wrapModuleLoad (node:internal/modules/cjs/loader:245:24)
    at Module.require (node:internal/modules/cjs/loader:1504:12)
    at require (node:internal/modules/helpers:152:16)
    at bindings (/Users/alexgonzalez/Youtube WorkSpace/geopolitik-x-autopost/node_modules/bindings/bindings.js:112:48)
    at new Database (/Users/alexgonzalez/Youtube WorkSpace/geopolitik-x-autopost/node_modules/better-sqlite3/lib/database.js:48:64)
    at <anonymous> (/Users/alexgonzalez/Youtube WorkSpace/geopolitik-x-autopost/src/db.ts:14:43) {
  code: 'ERR_DLOPEN_FAILED'
}

Node.js v24.13.0
[2026-01-27 14:04:31] [ERROR] cycle failed

> geopolitik-x-autopost@1.0.0 dev
> tsx src/run_once.ts --live


============================================================
🌍 GEOPOLITIK X AUTOPOST
📅 2026-01-27T20:00:01.845Z
🔧 Mode: LIVE (explicit --live)
============================================================

📊 Posts today: 2/20

🔗 Testing X connection...

🤖 Automatic mode: curating best story...
  ✓ BBC Mundo: 56 items
  ✓ RFI Español: 28 items
  ✓ France 24 Español: 24 items
  ✓ El País América: 143 items
  ✗ La Nación Argentina: Status code 404
  ✗ Infobae Latinoamérica: Status code 404
  ✓ Al Jazeera English: 25 items
  ✗ Al Jazeera Español: Status code 404
  ✓ BBC World: 34 items
  ✗ DW English: Attribute without value
Line: 110
Column: 38
Char: >
  ✗ DW Español: Status code 404
  ✓ The Guardian World: 45 items
  ✓ NPR World: 10 items
  ✗ Reuters World News: getaddrinfo ENOTFOUND feeds.reuters.com
  ✗ AP News - World: Attribute without value
Line: 348
Column: 33
Char: d
  ✗ Politico International: Status code 403
  ✓ Google News - Cuba Trump: 100 items
  ✓ Radio Habana Cuba - Spanish: 0 items
  ✓ OnCubaNews: 27 items
  ✓ Havana Times: 7 items
  ✓ Military Times News: 25 items
  ✓ Defense News Global: 25 items
  ✓ Press TV - Iran: 107 items
  ✓ South China Morning Post: 50 items
  ✓ CGTN World: 50 items
  ✓ CNN World News: 29 items
  ✓ NBC News World: 25 items
  ✓ TeleSUR English: 30 items
  ✓ Mexico News Daily: 10 items
  ✓ Brasil Wire: 10 items
  ✗ La Prensa Panamá: Invalid character in entity name
Line: 0
Column: 144
Char: &
  ✓ RT en Español: 10 items
  ✓ Sputnik Mundo: 100 items
  ✓ ANSA Latinoamérica: 28 items
  ✗ EFE América: Attribute without value
Line: 33
Column: 52
Char: r
  ✓ Clarín Argentina: 10 items
  ✗ Página 12 Argentina: Status code 404
  ✓ Perfil Argentina: 50 items
  ✗ Folha de S.Paulo: Status code 404
  ✓ O Globo Brasil: 0 items
  ✗ UOL Notícias Brasil: Feed not recognized as RSS 1 or 2.
  ✗ Emol Chile: Invalid attribute name
Line: 68
Column: 167
Char: "
  ✗ La Tercera Chile: Status code 404
  ✗ El Mostrador Chile: Status code 404
  ✓ El Tiempo Colombia: 10 items
  ✗ El Espectador Colombia: Status code 404
  ✗ Semana Colombia: Status code 404
  ✗ Proceso México: Status code 404
  ✓ Reforma México: 10 items
  ✗ Excélsior México: Status code 404
  ✓ La Jornada México: 104 items
  ✓ Milenio México: 20 items
  ✗ El Comercio Perú: Invalid character in entity name
Line: 0
Column: 2326
Char: &
  ✗ RPP Noticias Perú: Unable to parse XML.
  ✗ La República Perú: Status code 404
  ✓ Efecto Cocuyo Venezuela: 15 items
  ✓ El Pitazo Venezuela: 10 items
  ✓ Runrunes Venezuela: 8 items
  ✗ El Universo Ecuador: Invalid character in entity name
Line: 0
Column: 3702
Char: &
  ✓ El Comercio Ecuador: 20 items
  ✗ El País Uruguay: Feed not recognized as RSS 1 or 2.
  ✗ El Observador Uruguay: Attribute without value
Line: 91
Column: 34
Char: t
  ✗ Página Siete Bolivia: Feed not recognized as RSS 1 or 2.
  ✗ El Deber Bolivia: Attribute without value
Line: 0
Column: 482
Char: >
  ✗ La Prensa Gráfica El Salvador: Unable to parse XML.
  ✗ El Heraldo Honduras: Status code 404
  ✗ La Prensa Nicaragua: getaddrinfo ENOTFOUND www.laprensa.com.ni
  ✓ La Nación Costa Rica: 100 items
  ✓ Prensa Libre Guatemala: 99 items
  ✗ Jamaica Observer: Status code 403
  ✓ Dominican Today: 0 items
  ✗ Caribbean360: Attribute without value
Line: 0
Column: 243
Char: s
  ✓ Euronews World: 50 items
  ✓ France 24 English: 23 items
  ✓ RFI English: 22 items
  ✓ DW World News: 12 items
  ✓ Le Monde International: 20 items
  ✓ El País España Internacional: 24 items
  ✓ The Independent UK: 89 items
  ✗ The Telegraph World: Status code 403
  ✓ Japan Times: 30 items
  ✗ Korea Times: getaddrinfo ENOTFOUND home
  ✓ Straits Times Singapore: 50 items
  ✓ The News Pakistan: 50 items
  ✓ Hindustan Times India: 100 items
  ✓ Times of India World: 20 items
  ✗ Haaretz Israel: Status code 403
  ✓ Times of Israel: 15 items
  ✗ Arab News: Status code 403
  ✗ The National UAE: Status code 404
  ✗ Middle East Eye: Non-whitespace before first tag.
Line: 0
Column: 1
Char: 
  ✓ Daily Maverick South Africa: 29 items
  ✓ AllAfrica News: 32 items
  ✗ The Africa Report: Status code 403
  ✓ The Moscow Times: 50 items
  ✓ TASS Russia: 100 items
  ✓ New York Times World: 59 items
  ✓ Washington Post World: 14 items
  ✓ Wall Street Journal World: 20 items
  ✓ Foreign Policy Magazine: 25 items
  ✓ The Hill International: 15 items
  ✗ Janes Defense: Status code 404
  ✗ Defense One: Status code 404
  ✓ Financial Times World: 25 items
  ✓ The Economist World: 300 items
  ✓ CounterPunch: 30 items
  ✓ Common Dreams: 30 items

🎯 Cuba-first pick from news_picker (avoids repeats)

📰 Selected: "Irán busca acuerdo con EU, afirma Trump; despliega “gran arm..."
   Source: La Jornada México
   URL: https://www.jornada.com.mx/2026/01/27/mundo/022n1mun?partner=rss

🧠 Using LLM thread generation (score=175 >= 85 AND has hard-geo)
✅ Generated: mode="thread3" urgency="ÚLTIMA HORA" hashtags=[#Iran,#EEUU]

📝 Thread preview:
   1. Trump afirma que Irán busca acuerdo con Estados Unidos mientras despliega "gran armada" naval en la región.
   2. Trump afirma que Irán busca acuerdo con Estados Unidos mientras despliega "gran armada" naval en la región.
   3. Según Trump, la armada iraní es "más grande que la de Venezuela". La información fue reportada por Axios desde Dubái.

🧩 Visual meta: [ÚLTIMA HORA] "IRÁN BUSCA ACUERDO CON EEUU SEGÚN TRUMP MIENTRAS D" | ##Iran, #EEUU

🎨 Generating image...
🎨 Generating image: "IRÁN BUSCA ACUERDO CON EEUU SEGÚN TRUMP ..."
✅ Base image saved: out/images/news-20260127T200229.png
✅ SVG badge and logo overlay applied: out/images/news-20260127T200229.rg.png
[IMG] mode: DALLE_FULL
[IMG] entity: NONE
[IMG] portrait: none
[IMG] reason: Entities detected (#Iran, #EEUU, trump, xi jinping) but no matching portraits found
   ✅ Image ready (DALL·E FULL): out/images/news-20260127T200229.rg.png
   [IMAGE] generated=out/images/news-20260127T200229.rg.png
   [TAGS] final_hashtags=[Iran,EEUU]
[MEDIA] uploading to: https://upload.twitter.com/1.1/media/upload.json
[MEDIA] auth header: Authorization
✅ Media uploaded: 2016240422511689729
[MEDIA] uploaded media_id=2016240422511689729

✅ Thread posted successfully!
   View: https://x.com/i/status/2016240425162420619
   [MEDIA] posted_with_image=true
[2026-01-27 15:04:31] [WARN] flock not found; running WITHOUT lock

> geopolitik-x-autopost@1.0.0 dev
> tsx src/run_once.ts --live

node:internal/modules/cjs/loader:1920
  return process.dlopen(module, path.toNamespacedPath(filename));
                 ^

Error: The module '/Users/alexgonzalez/Youtube WorkSpace/geopolitik-x-autopost/node_modules/better-sqlite3/build/Release/better_sqlite3.node'
was compiled against a different Node.js version using
NODE_MODULE_VERSION 115. This version of Node.js requires
NODE_MODULE_VERSION 137. Please try re-compiling or re-installing
the module (for instance, using `npm rebuild` or `npm install`).
    at Object..node (node:internal/modules/cjs/loader:1920:18)
    at Module.load (node:internal/modules/cjs/loader:1481:32)
    at Module._load (node:internal/modules/cjs/loader:1300:12)
    at TracingChannel.traceSync (node:diagnostics_channel:328:14)
    at wrapModuleLoad (node:internal/modules/cjs/loader:245:24)
    at Module.require (node:internal/modules/cjs/loader:1504:12)
    at require (node:internal/modules/helpers:152:16)
    at bindings (/Users/alexgonzalez/Youtube WorkSpace/geopolitik-x-autopost/node_modules/bindings/bindings.js:112:48)
    at new Database (/Users/alexgonzalez/Youtube WorkSpace/geopolitik-x-autopost/node_modules/better-sqlite3/lib/database.js:48:64)
    at <anonymous> (/Users/alexgonzalez/Youtube WorkSpace/geopolitik-x-autopost/src/db.ts:14:43) {
  code: 'ERR_DLOPEN_FAILED'
}

Node.js v24.13.0
[2026-01-27 15:04:32] [ERROR] cycle failed

> geopolitik-x-autopost@1.0.0 dev
> tsx src/run_once.ts --live


============================================================
🌍 GEOPOLITIK X AUTOPOST
📅 2026-01-27T21:00:01.387Z
🔧 Mode: LIVE (explicit --live)
============================================================

📊 Posts today: 3/20

🔗 Testing X connection...

🤖 Automatic mode: curating best story...
  ✓ BBC Mundo: 56 items
  ✓ RFI Español: 28 items
  ✓ France 24 Español: 24 items
  ✓ El País América: 144 items
  ✗ La Nación Argentina: Status code 404
  ✗ Infobae Latinoamérica: Status code 404
  ✓ Al Jazeera English: 25 items
  ✗ Al Jazeera Español: Status code 404
  ✓ BBC World: 35 items
  ✗ DW English: Attribute without value
Line: 110
Column: 38
Char: >
  ✗ DW Español: Status code 404
  ✓ The Guardian World: 45 items
  ✓ NPR World: 10 items
  ✗ Reuters World News: getaddrinfo ENOTFOUND feeds.reuters.com
  ✗ AP News - World: Attribute without value
Line: 348
Column: 33
Char: d
  ✗ Politico International: Status code 403
  ✓ Google News - Cuba Trump: 100 items
  ✓ Radio Habana Cuba - Spanish: 0 items
  ✓ OnCubaNews: 27 items
  ✓ Havana Times: 7 items
  ✓ Military Times News: 25 items
  ✓ Defense News Global: 25 items
  ✓ Press TV - Iran: 107 items
  ✓ South China Morning Post: 50 items
  ✓ CGTN World: 50 items
  ✓ CNN World News: 29 items
  ✓ NBC News World: 25 items
  ✓ TeleSUR English: 30 items
  ✓ Mexico News Daily: 10 items
  ✓ Brasil Wire: 10 items
  ✗ La Prensa Panamá: Invalid character in entity name
Line: 0
Column: 144
Char: &
  ✓ RT en Español: 10 items
  ✓ Sputnik Mundo: 100 items
  ✓ ANSA Latinoamérica: 28 items
  ✗ EFE América: Attribute without value
Line: 33
Column: 52
Char: r
  ✓ Clarín Argentina: 10 items
  ✗ Página 12 Argentina: Status code 404
  ✓ Perfil Argentina: 50 items
  ✗ Folha de S.Paulo: Status code 404
  ✓ O Globo Brasil: 0 items
  ✗ UOL Notícias Brasil: Feed not recognized as RSS 1 or 2.
  ✗ Emol Chile: Invalid attribute name
Line: 68
Column: 167
Char: "
  ✗ La Tercera Chile: Status code 404
  ✗ El Mostrador Chile: Status code 404
  ✓ El Tiempo Colombia: 10 items
  ✗ El Espectador Colombia: Status code 404
  ✗ Semana Colombia: Status code 404
  ✗ Proceso México: Status code 404
  ✓ Reforma México: 10 items
  ✗ Excélsior México: Status code 404
  ✓ La Jornada México: 104 items
  ✓ Milenio México: 20 items
  ✗ El Comercio Perú: Invalid character in entity name
Line: 0
Column: 2326
Char: &
  ✗ RPP Noticias Perú: Unable to parse XML.
  ✗ La República Perú: Status code 404
  ✓ Efecto Cocuyo Venezuela: 15 items
  ✓ El Pitazo Venezuela: 10 items
  ✓ Runrunes Venezuela: 8 items
  ✗ El Universo Ecuador: Invalid character in entity name
Line: 0
Column: 3702
Char: &
  ✓ El Comercio Ecuador: 20 items
  ✗ El País Uruguay: Feed not recognized as RSS 1 or 2.
  ✗ El Observador Uruguay: Attribute without value
Line: 91
Column: 34
Char: t
  ✗ Página Siete Bolivia: Feed not recognized as RSS 1 or 2.
  ✗ El Deber Bolivia: Attribute without value
Line: 0
Column: 482
Char: >
  ✗ La Prensa Gráfica El Salvador: Unable to parse XML.
  ✗ El Heraldo Honduras: Status code 404
  ✗ La Prensa Nicaragua: getaddrinfo ENOTFOUND www.laprensa.com.ni
  ✓ La Nación Costa Rica: 100 items
  ✓ Prensa Libre Guatemala: 99 items
  ✗ Jamaica Observer: Status code 403
  ✓ Dominican Today: 0 items
  ✗ Caribbean360: Attribute without value
Line: 0
Column: 243
Char: s
  ✓ Euronews World: 50 items
  ✓ France 24 English: 24 items
  ✓ RFI English: 22 items
  ✓ DW World News: 12 items
  ✓ Le Monde International: 20 items
  ✓ El País España Internacional: 24 items
  ✓ The Independent UK: 88 items
  ✗ The Telegraph World: Status code 403
  ✓ Japan Times: 30 items
  ✗ Korea Times: getaddrinfo ENOTFOUND home
  ✓ Straits Times Singapore: 50 items
  ✓ The News Pakistan: 50 items
  ✓ Hindustan Times India: 100 items
  ✓ Times of India World: 20 items
  ✗ Haaretz Israel: Status code 403
  ✓ Times of Israel: 15 items
  ✗ Arab News: Status code 403
  ✗ The National UAE: Status code 404
  ✗ Middle East Eye: Non-whitespace before first tag.
Line: 0
Column: 1
Char: 
  ✓ Daily Maverick South Africa: 29 items
  ✓ AllAfrica News: 32 items
  ✗ The Africa Report: Status code 403
  ✓ The Moscow Times: 50 items
  ✓ TASS Russia: 100 items
  ✓ New York Times World: 59 items
  ✓ Washington Post World: 14 items
  ✓ Wall Street Journal World: 20 items
  ✓ Foreign Policy Magazine: 25 items
  ✓ The Hill International: 15 items
  ✗ Janes Defense: Status code 404
  ✗ Defense One: Status code 404
  ✓ Financial Times World: 25 items
  ✓ The Economist World: 300 items
  ✓ CounterPunch: 30 items
  ✓ Common Dreams: 30 items

🎯 Cuba-first pick from news_picker (avoids repeats)

📰 Selected: "Reuters: EE.UU. se prepara para aliviar sanciones petroleras..."
   Source: RT en Español
   URL: https://actualidad.rt.com/actualidad/584244-reuters-eeuu-aliviar-sanciones-petroleo-venezuela?utm_source=rss&utm_medium=rss&utm_campaign=all

🧠 Using LLM thread generation (score=180 >= 85 AND has hard-geo)
✅ Generated: mode="single" urgency="ÚLTIMA HORA" hashtags=[#Venezuela,#EEUU]

📝 Thread preview:
   1. 🚨 EEUU se prepara para aliviar sanciones petroleras a Venezuela según Reuters. Parlamento venezolano discute reforma de…

🧩 Visual meta: [ÚLTIMA HORA] "EEUU SE PREPARA PARA ALIVIAR SANCIONES PETROLERAS " | ##Venezuela, #EEUU

🎨 Generating image...
🎨 Generating image: "EEUU SE PREPARA PARA ALIVIAR SANCIONES P..."
✅ Base image saved: out/images/news-20260127T210243.png
✅ SVG badge and logo overlay applied: out/images/news-20260127T210243.rg.png
[IMG] mode: DALLE_FULL
[IMG] entity: NONE
[IMG] portrait: none
[IMG] reason: Entities detected (#Venezuela, #EEUU, xi jinping, petro) but no matching portraits found
   ✅ Image ready (DALL·E FULL): out/images/news-20260127T210243.rg.png
   [IMAGE] generated=out/images/news-20260127T210243.rg.png
   [TAGS] final_hashtags=[Venezuela,EEUU]
[MEDIA] uploading to: https://upload.twitter.com/1.1/media/upload.json
[MEDIA] auth header: Authorization
✅ Media uploaded: 2016255580873060352
[MEDIA] uploaded media_id=2016255580873060352

✅ Thread posted successfully!
   View: https://x.com/i/status/2016255583234466303
   [MEDIA] posted_with_image=true
[2026-01-27 16:04:32] [WARN] flock not found; running WITHOUT lock

> geopolitik-x-autopost@1.0.0 dev
> tsx src/run_once.ts --live

node:internal/modules/cjs/loader:1920
  return process.dlopen(module, path.toNamespacedPath(filename));
                 ^

Error: The module '/Users/alexgonzalez/Youtube WorkSpace/geopolitik-x-autopost/node_modules/better-sqlite3/build/Release/better_sqlite3.node'
was compiled against a different Node.js version using
NODE_MODULE_VERSION 115. This version of Node.js requires
NODE_MODULE_VERSION 137. Please try re-compiling or re-installing
the module (for instance, using `npm rebuild` or `npm install`).
    at Object..node (node:internal/modules/cjs/loader:1920:18)
    at Module.load (node:internal/modules/cjs/loader:1481:32)
    at Module._load (node:internal/modules/cjs/loader:1300:12)
    at TracingChannel.traceSync (node:diagnostics_channel:328:14)
    at wrapModuleLoad (node:internal/modules/cjs/loader:245:24)
    at Module.require (node:internal/modules/cjs/loader:1504:12)
    at require (node:internal/modules/helpers:152:16)
    at bindings (/Users/alexgonzalez/Youtube WorkSpace/geopolitik-x-autopost/node_modules/bindings/bindings.js:112:48)
    at new Database (/Users/alexgonzalez/Youtube WorkSpace/geopolitik-x-autopost/node_modules/better-sqlite3/lib/database.js:48:64)
    at <anonymous> (/Users/alexgonzalez/Youtube WorkSpace/geopolitik-x-autopost/src/db.ts:14:43) {
  code: 'ERR_DLOPEN_FAILED'
}

Node.js v24.13.0
[2026-01-27 16:04:33] [ERROR] cycle failed

> geopolitik-x-autopost@1.0.0 dev
> tsx src/run_once.ts --live


============================================================
🌍 GEOPOLITIK X AUTOPOST
📅 2026-01-27T22:00:01.324Z
🔧 Mode: LIVE (explicit --live)
============================================================

📊 Posts today: 4/20

🔗 Testing X connection...

🤖 Automatic mode: curating best story...
  ✓ BBC Mundo: 56 items
  ✓ RFI Español: 28 items
  ✓ France 24 Español: 24 items
  ✓ El País América: 145 items
  ✗ La Nación Argentina: Status code 404
  ✗ Infobae Latinoamérica: Status code 404
  ✓ Al Jazeera English: 25 items
  ✗ Al Jazeera Español: Status code 404
  ✓ BBC World: 35 items
  ✗ DW English: Attribute without value
Line: 110
Column: 38
Char: >
  ✗ DW Español: Status code 404
  ✓ The Guardian World: 45 items
  ✓ NPR World: 10 items
  ✗ Reuters World News: getaddrinfo ENOTFOUND feeds.reuters.com
  ✗ AP News - World: Attribute without value
Line: 348
Column: 33
Char: d
  ✗ Politico International: Status code 403
  ✓ Google News - Cuba Trump: 100 items
  ✓ Radio Habana Cuba - Spanish: 0 items
  ✓ OnCubaNews: 27 items
  ✓ Havana Times: 7 items
  ✓ Military Times News: 25 items
  ✓ Defense News Global: 25 items
  ✓ Press TV - Iran: 107 items
  ✓ South China Morning Post: 50 items
  ✓ CGTN World: 50 items
  ✓ CNN World News: 29 items
  ✓ NBC News World: 25 items
  ✓ TeleSUR English: 30 items
  ✓ Mexico News Daily: 10 items
  ✓ Brasil Wire: 10 items
  ✗ La Prensa Panamá: Invalid character in entity name
Line: 0
Column: 144
Char: &
  ✓ RT en Español: 10 items
  ✓ Sputnik Mundo: 100 items
  ✓ ANSA Latinoamérica: 28 items
  ✗ EFE América: Attribute without value
Line: 33
Column: 52
Char: r
  ✓ Clarín Argentina: 10 items
  ✗ Página 12 Argentina: Status code 404
  ✓ Perfil Argentina: 50 items
  ✗ Folha de S.Paulo: Status code 404
  ✓ O Globo Brasil: 0 items
  ✗ UOL Notícias Brasil: Feed not recognized as RSS 1 or 2.
  ✗ Emol Chile: Invalid attribute name
Line: 68
Column: 167
Char: "
  ✗ La Tercera Chile: Status code 404
  ✗ El Mostrador Chile: Status code 404
  ✓ El Tiempo Colombia: 10 items
  ✗ El Espectador Colombia: Status code 404
  ✗ Semana Colombia: Status code 404
  ✗ Proceso México: Status code 404
  ✓ Reforma México: 10 items
  ✗ Excélsior México: Status code 404
  ✓ La Jornada México: 104 items
  ✓ Milenio México: 20 items
  ✗ El Comercio Perú: Invalid character in entity name
Line: 0
Column: 2326
Char: &
  ✗ RPP Noticias Perú: Unable to parse XML.
  ✗ La República Perú: Status code 404
  ✓ Efecto Cocuyo Venezuela: 15 items
  ✓ El Pitazo Venezuela: 10 items
  ✓ Runrunes Venezuela: 8 items
  ✗ El Universo Ecuador: Invalid character in entity name
Line: 0
Column: 3702
Char: &
  ✓ El Comercio Ecuador: 20 items
  ✗ El País Uruguay: Feed not recognized as RSS 1 or 2.
  ✗ El Observador Uruguay: Attribute without value
Line: 91
Column: 34
Char: t
  ✗ Página Siete Bolivia: Feed not recognized as RSS 1 or 2.
  ✗ El Deber Bolivia: Attribute without value
Line: 0
Column: 482
Char: >
  ✗ La Prensa Gráfica El Salvador: Unable to parse XML.
  ✗ El Heraldo Honduras: Status code 404
  ✗ La Prensa Nicaragua: getaddrinfo ENOTFOUND www.laprensa.com.ni
  ✓ La Nación Costa Rica: 100 items
  ✓ Prensa Libre Guatemala: 99 items
  ✗ Jamaica Observer: Status code 403
  ✓ Dominican Today: 0 items
  ✗ Caribbean360: Attribute without value
Line: 0
Column: 243
Char: s
  ✓ Euronews World: 50 items
  ✓ France 24 English: 24 items
  ✓ RFI English: 22 items
  ✓ DW World News: 12 items
  ✓ Le Monde International: 20 items
  ✓ El País España Internacional: 24 items
  ✓ The Independent UK: 94 items
  ✗ The Telegraph World: Status code 403
  ✓ Japan Times: 30 items
  ✗ Korea Times: getaddrinfo ENOTFOUND home
  ✓ Straits Times Singapore: 50 items
  ✓ The News Pakistan: 50 items
  ✓ Hindustan Times India: 100 items
  ✓ Times of India World: 20 items
  ✗ Haaretz Israel: Status code 403
  ✓ Times of Israel: 15 items
  ✗ Arab News: Status code 403
  ✗ The National UAE: Status code 404
  ✗ Middle East Eye: Non-whitespace before first tag.
Line: 0
Column: 1
Char: 
  ✓ Daily Maverick South Africa: 29 items
  ✓ AllAfrica News: 32 items
  ✗ The Africa Report: Status code 403
  ✓ The Moscow Times: 50 items
  ✓ TASS Russia: 100 items
  ✓ New York Times World: 60 items
  ✓ Washington Post World: 14 items
  ✓ Wall Street Journal World: 20 items
  ✓ Foreign Policy Magazine: 25 items
  ✓ The Hill International: 15 items
  ✗ Janes Defense: Status code 404
  ✗ Defense One: Status code 404
  ✓ Financial Times World: 25 items
  ✓ The Economist World: 300 items
  ✓ CounterPunch: 30 items
  ✓ Common Dreams: 30 items

🎯 Cuba-first pick from news_picker (avoids repeats)

📰 Selected: "Petro exige a EE. UU. "devolver" a Maduro a Venezuela en vís..."
   Source: France 24 Español
   URL: https://www.france24.com/es/am%C3%A9rica-latina/20260127-petro-exige-a-ee-uu-devolver-a-maduro-a-venezuela-en-v%C3%ADsperas-de-su-cita-prevista-con-trump

⚡ Using deterministic thread template (score=188 < 85 OR no hard-geo)

📝 Thread preview:
   1. Petro exige a EE. UU. "devolver" a Maduro a Venezuela en vísperas de su cita prevista con Trump
Esto puede mover el tabl…
   2. Contexto: Gustavo Petro afirmó este martes que Estados Unidos debe devolver a Nicolás Maduro a Venezuela y criticó el at…
   3. Vigilar: si actor A confirma, escalada; si actor B modera, negociación.
A/B: ¿Escalada o negociación?
Sigue @realgeopoli…

🧩 Visual meta: [CLAVE] "PETRO EXIGE A EE. UU. "DEVOLVER" A MADURO A VENEZU" | #

🎨 Generating image...
🎨 Generating image: "PETRO EXIGE A EE. UU. "DEVOLVER" A MADUR..."
✅ Base image saved: out/images/news-20260127T220206.png
✅ SVG badge and logo overlay applied: out/images/news-20260127T220206.rg.png
[IMG] mode: COMPOSED
[IMG] entity: maduro
[IMG] portrait: MADURO.jpg
[IMG] reason: Portrait available for entity: maduro (MADURO.jpg)
[IMG COMPOSER] Starting composition...
[IMG COMPOSER]   BG: news-20260127T220206.rg.png
[IMG COMPOSER]   Portrait: MADURO.jpg
[IMG COMPOSER] ❌ Composition failed: Image to composite must have same dimensions or smaller
   ⚠️  Composition failed: Image to composite must have same dimensions or smaller
   ✅ Fallback to DALL·E FULL: out/images/news-20260127T220206.rg.png
   [IMAGE] generated=out/images/news-20260127T220206.rg.png
   [TAGS] final_hashtags=[Venezuela,Trump]
[MEDIA] uploading to: https://upload.twitter.com/1.1/media/upload.json
[MEDIA] auth header: Authorization
✅ Media uploaded: 2016270528764366849
[MEDIA] uploaded media_id=2016270528764366849

✅ Thread posted successfully!
   View: https://x.com/i/status/2016270531197100100
   [MEDIA] posted_with_image=true
[2026-01-27 17:04:33] [WARN] flock not found; running WITHOUT lock

> geopolitik-x-autopost@1.0.0 dev
> tsx src/run_once.ts --live

node:internal/modules/cjs/loader:1920
  return process.dlopen(module, path.toNamespacedPath(filename));
                 ^

Error: The module '/Users/alexgonzalez/Youtube WorkSpace/geopolitik-x-autopost/node_modules/better-sqlite3/build/Release/better_sqlite3.node'
was compiled against a different Node.js version using
NODE_MODULE_VERSION 115. This version of Node.js requires
NODE_MODULE_VERSION 137. Please try re-compiling or re-installing
the module (for instance, using `npm rebuild` or `npm install`).
    at Object..node (node:internal/modules/cjs/loader:1920:18)
    at Module.load (node:internal/modules/cjs/loader:1481:32)
    at Module._load (node:internal/modules/cjs/loader:1300:12)
    at TracingChannel.traceSync (node:diagnostics_channel:328:14)
    at wrapModuleLoad (node:internal/modules/cjs/loader:245:24)
    at Module.require (node:internal/modules/cjs/loader:1504:12)
    at require (node:internal/modules/helpers:152:16)
    at bindings (/Users/alexgonzalez/Youtube WorkSpace/geopolitik-x-autopost/node_modules/bindings/bindings.js:112:48)
    at new Database (/Users/alexgonzalez/Youtube WorkSpace/geopolitik-x-autopost/node_modules/better-sqlite3/lib/database.js:48:64)
    at <anonymous> (/Users/alexgonzalez/Youtube WorkSpace/geopolitik-x-autopost/src/db.ts:14:43) {
  code: 'ERR_DLOPEN_FAILED'
}

Node.js v24.13.0
[2026-01-27 17:04:33] [ERROR] cycle failed

> geopolitik-x-autopost@1.0.0 dev
> tsx src/run_once.ts --live


============================================================
🌍 GEOPOLITIK X AUTOPOST
📅 2026-01-27T23:00:01.302Z
🔧 Mode: LIVE (explicit --live)
============================================================

📊 Posts today: 5/20

🔗 Testing X connection...

🤖 Automatic mode: curating best story...
  ✓ BBC Mundo: 56 items
  ✓ RFI Español: 28 items
  ✓ France 24 Español: 24 items
  ✓ El País América: 145 items
  ✗ La Nación Argentina: Status code 404
  ✗ Infobae Latinoamérica: Status code 404
  ✓ Al Jazeera English: 25 items
  ✗ Al Jazeera Español: Status code 404
  ✓ BBC World: 36 items
  ✗ DW English: Attribute without value
Line: 110
Column: 38
Char: >
  ✗ DW Español: Status code 404
  ✓ The Guardian World: 45 items
  ✓ NPR World: 10 items
  ✗ Reuters World News: getaddrinfo ENOTFOUND feeds.reuters.com
  ✗ AP News - World: Attribute without value
Line: 348
Column: 33
Char: d
  ✗ Politico International: Status code 403
  ✓ Google News - Cuba Trump: 100 items
  ✓ Radio Habana Cuba - Spanish: 0 items
  ✓ OnCubaNews: 27 items
  ✓ Havana Times: 7 items
  ✓ Military Times News: 25 items
  ✓ Defense News Global: 25 items
  ✓ Press TV - Iran: 107 items
  ✓ South China Morning Post: 50 items
  ✓ CGTN World: 50 items
  ✓ CNN World News: 29 items
  ✓ NBC News World: 25 items
  ✓ TeleSUR English: 30 items
  ✓ Mexico News Daily: 10 items
  ✓ Brasil Wire: 10 items
  ✗ La Prensa Panamá: Invalid character in entity name
Line: 0
Column: 144
Char: &
  ✓ RT en Español: 10 items
  ✓ Sputnik Mundo: 100 items
  ✓ ANSA Latinoamérica: 28 items
  ✗ EFE América: Attribute without value
Line: 33
Column: 52
Char: r
  ✓ Clarín Argentina: 10 items
  ✗ Página 12 Argentina: Status code 404
  ✓ Perfil Argentina: 50 items
  ✗ Folha de S.Paulo: Status code 404
  ✓ O Globo Brasil: 0 items
  ✗ UOL Notícias Brasil: Feed not recognized as RSS 1 or 2.
  ✗ Emol Chile: read ECONNRESET
  ✗ La Tercera Chile: Status code 404
  ✗ El Mostrador Chile: Status code 404
  ✓ El Tiempo Colombia: 10 items
  ✗ El Espectador Colombia: Status code 404
  ✗ Semana Colombia: Status code 404
  ✗ Proceso México: Status code 404
  ✓ Reforma México: 10 items
  ✗ Excélsior México: Status code 404
  ✓ La Jornada México: 104 items
  ✓ Milenio México: 20 items
  ✗ El Comercio Perú: Invalid character in entity name
Line: 0
Column: 2326
Char: &
  ✗ RPP Noticias Perú: Unable to parse XML.
  ✗ La República Perú: Status code 404
  ✓ Efecto Cocuyo Venezuela: 15 items
  ✓ El Pitazo Venezuela: 10 items
  ✓ Runrunes Venezuela: 8 items
  ✗ El Universo Ecuador: Invalid character in entity name
Line: 0
Column: 3702
Char: &
  ✓ El Comercio Ecuador: 20 items
  ✗ El País Uruguay: Feed not recognized as RSS 1 or 2.
  ✗ El Observador Uruguay: Attribute without value
Line: 91
Column: 34
Char: t
  ✗ Página Siete Bolivia: Feed not recognized as RSS 1 or 2.
  ✗ El Deber Bolivia: Attribute without value
Line: 0
Column: 482
Char: >
  ✗ La Prensa Gráfica El Salvador: Unable to parse XML.
  ✗ El Heraldo Honduras: Status code 404
  ✗ La Prensa Nicaragua: getaddrinfo ENOTFOUND www.laprensa.com.ni
  ✓ La Nación Costa Rica: 100 items
  ✓ Prensa Libre Guatemala: 99 items
  ✗ Jamaica Observer: Status code 403
  ✓ Dominican Today: 0 items
  ✗ Caribbean360: Attribute without value
Line: 0
Column: 243
Char: s
  ✗ Euronews World: Too many redirects
  ✓ France 24 English: 23 items
  ✓ RFI English: 22 items
  ✓ DW World News: 12 items
  ✓ Le Monde International: 20 items
  ✓ El País España Internacional: 24 items
  ✓ The Independent UK: 94 items
  ✗ The Telegraph World: Status code 403
  ✓ Japan Times: 30 items
  ✗ Korea Times: getaddrinfo ENOTFOUND home
  ✓ Straits Times Singapore: 50 items
  ✓ The News Pakistan: 50 items
  ✓ Hindustan Times India: 100 items
  ✓ Times of India World: 20 items
  ✗ Haaretz Israel: Status code 403
  ✓ Times of Israel: 15 items
  ✗ Arab News: Status code 403
  ✗ The National UAE: Status code 404
  ✓ Middle East Eye: 20 items
  ✓ Daily Maverick South Africa: 29 items
  ✓ AllAfrica News: 32 items
  ✗ The Africa Report: Status code 403
  ✓ The Moscow Times: 50 items
  ✓ TASS Russia: 100 items
  ✓ New York Times World: 60 items
  ✓ Washington Post World: 14 items
  ✓ Wall Street Journal World: 20 items
  ✓ Foreign Policy Magazine: 25 items
  ✓ The Hill International: 15 items
  ✗ Janes Defense: Status code 404
  ✗ Defense One: Status code 404
  ✓ Financial Times World: 25 items
  ✓ The Economist World: 300 items
  ✓ CounterPunch: 30 items
  ✓ Common Dreams: 30 items

🎯 Cuba-first pick from news_picker (avoids repeats)

📰 Selected: "Cuba busca extender la cultura financiera en medio de una ec..."
   Source: OnCubaNews
   URL: https://oncubanews.com/cuba/economia/cuba-busca-extender-la-cultura-financiera-en-medio-de-una-economia-en-bancarrota/

⚡ Using deterministic thread template (score=183 < 85 OR no hard-geo)

📝 Thread preview:
   1. Cuba busca extender la cultura financiera en medio de una economía en bancarrota
Esto puede mover el tablero en 72h.
   2. Contexto: El objetivo es dotar a ciudadanos y empresas de herramientas para gestionar sus finanzas, comprender riesgos y…
   3. Vigilar: si actor A confirma, escalada; si actor B modera, negociación.
A/B: ¿Escalada o negociación?
Sigue @realgeopoli…

🧩 Visual meta: [CLAVE] "CUBA BUSCA EXTENDER LA CULTURA FINANCIERA EN MEDIO" | #

🎨 Generating image...
🎨 Generating image: "CUBA BUSCA EXTENDER LA CULTURA FINANCIER..."
✅ Base image saved: out/images/news-20260127T230207.png
✅ SVG badge and logo overlay applied: out/images/news-20260127T230207.rg.png
[IMG] mode: DALLE_FULL
[IMG] entity: NONE
[IMG] portrait: none
[IMG] reason: No entities detected
   ✅ Image ready (DALL·E FULL): out/images/news-20260127T230207.rg.png
   [IMAGE] generated=out/images/news-20260127T230207.rg.png
   [TAGS] final_hashtags=[Cuba]
[MEDIA] uploading to: https://upload.twitter.com/1.1/media/upload.json
[MEDIA] auth header: Authorization
✅ Media uploaded: 2016285627575099392
[MEDIA] uploaded media_id=2016285627575099392

✅ Thread posted successfully!
   View: https://x.com/i/status/2016285630305595585
   [MEDIA] posted_with_image=true
[2026-01-27 18:21:59] [WARN] flock not found; running WITHOUT lock

> geopolitik-x-autopost@1.0.0 dev
> tsx src/run_once.ts --live

node:internal/modules/cjs/loader:1920
  return process.dlopen(module, path.toNamespacedPath(filename));
                 ^

Error: The module '/Users/alexgonzalez/Youtube WorkSpace/geopolitik-x-autopost/node_modules/better-sqlite3/build/Release/better_sqlite3.node'
was compiled against a different Node.js version using
NODE_MODULE_VERSION 115. This version of Node.js requires
NODE_MODULE_VERSION 137. Please try re-compiling or re-installing
the module (for instance, using `npm rebuild` or `npm install`).
    at Object..node (node:internal/modules/cjs/loader:1920:18)
    at Module.load (node:internal/modules/cjs/loader:1481:32)
    at Module._load (node:internal/modules/cjs/loader:1300:12)
    at TracingChannel.traceSync (node:diagnostics_channel:328:14)
    at wrapModuleLoad (node:internal/modules/cjs/loader:245:24)
    at Module.require (node:internal/modules/cjs/loader:1504:12)
    at require (node:internal/modules/helpers:152:16)
    at bindings (/Users/alexgonzalez/Youtube WorkSpace/geopolitik-x-autopost/node_modules/bindings/bindings.js:112:48)
    at new Database (/Users/alexgonzalez/Youtube WorkSpace/geopolitik-x-autopost/node_modules/better-sqlite3/lib/database.js:48:64)
    at <anonymous> (/Users/alexgonzalez/Youtube WorkSpace/geopolitik-x-autopost/src/db.ts:14:43) {
  code: 'ERR_DLOPEN_FAILED'
}

Node.js v24.13.0
[2026-01-27 18:22:00] [ERROR] cycle failed

> geopolitik-x-autopost@1.0.0 dev
> tsx src/run_once.ts --live


============================================================
🌍 GEOPOLITIK X AUTOPOST
📅 2026-01-28T00:00:01.028Z
🔧 Mode: LIVE (explicit --live)
============================================================

📊 Posts today: 0/20

🔗 Testing X connection...

🤖 Automatic mode: curating best story...
  ✓ BBC Mundo: 55 items
  ✓ RFI Español: 28 items
  ✓ France 24 Español: 24 items
  ✓ El País América: 145 items
  ✗ La Nación Argentina: Status code 404
  ✗ Infobae Latinoamérica: Status code 404
  ✓ Al Jazeera English: 25 items
  ✗ Al Jazeera Español: Status code 404
  ✓ BBC World: 37 items
  ✗ DW English: Attribute without value
Line: 110
Column: 38
Char: >
  ✗ DW Español: Status code 404
  ✓ The Guardian World: 45 items
  ✓ NPR World: 10 items
  ✗ Reuters World News: getaddrinfo ENOTFOUND feeds.reuters.com
  ✗ AP News - World: Attribute without value
Line: 348
Column: 33
Char: d
  ✗ Politico International: Status code 403
  ✓ Google News - Cuba Trump: 100 items
  ✓ Radio Habana Cuba - Spanish: 0 items
  ✗ OnCubaNews: Status code 502
  ✓ Havana Times: 7 items
  ✓ Military Times News: 25 items
  ✓ Defense News Global: 25 items
  ✓ Press TV - Iran: 107 items
  ✓ South China Morning Post: 50 items
  ✓ CGTN World: 50 items
  ✓ CNN World News: 29 items
  ✓ NBC News World: 25 items
  ✓ TeleSUR English: 30 items
  ✓ Mexico News Daily: 10 items
  ✓ Brasil Wire: 10 items
  ✗ La Prensa Panamá: Invalid character in entity name
Line: 0
Column: 144
Char: &
  ✓ RT en Español: 10 items
  ✓ Sputnik Mundo: 100 items
  ✓ ANSA Latinoamérica: 28 items
  ✗ EFE América: Attribute without value
Line: 33
Column: 52
Char: r
  ✓ Clarín Argentina: 10 items
  ✗ Página 12 Argentina: Status code 404
  ✓ Perfil Argentina: 50 items
  ✗ Folha de S.Paulo: Status code 404
  ✓ O Globo Brasil: 0 items
  ✗ UOL Notícias Brasil: Feed not recognized as RSS 1 or 2.
  ✗ Emol Chile: getaddrinfo ENOTFOUND www.emol.com
  ✗ La Tercera Chile: Status code 404
  ✗ El Mostrador Chile: Status code 404
  ✓ El Tiempo Colombia: 10 items
  ✗ El Espectador Colombia: Status code 404
  ✗ Semana Colombia: Status code 404
  ✗ Proceso México: Status code 404
  ✗ Reforma México: Status code 406
  ✗ Excélsior México: Status code 404
  ✓ La Jornada México: 104 items
  ✓ Milenio México: 20 items
  ✗ El Comercio Perú: Invalid character in entity name
Line: 0
Column: 2326
Char: &
  ✗ RPP Noticias Perú: Unable to parse XML.
  ✗ La República Perú: Status code 404
  ✓ Efecto Cocuyo Venezuela: 15 items
  ✓ El Pitazo Venezuela: 10 items
  ✓ Runrunes Venezuela: 8 items
  ✗ El Universo Ecuador: Invalid character in entity name
Line: 0
Column: 3702
Char: &
  ✓ El Comercio Ecuador: 20 items
  ✗ El País Uruguay: Feed not recognized as RSS 1 or 2.
  ✗ El Observador Uruguay: Attribute without value
Line: 91
Column: 34
Char: t
  ✗ Página Siete Bolivia: Feed not recognized as RSS 1 or 2.
  ✗ El Deber Bolivia: Attribute without value
Line: 0
Column: 482
Char: >
  ✗ La Prensa Gráfica El Salvador: Unable to parse XML.
  ✗ El Heraldo Honduras: Status code 404
  ✗ La Prensa Nicaragua: getaddrinfo ENOTFOUND www.laprensa.com.ni
  ✓ La Nación Costa Rica: 100 items
  ✓ Prensa Libre Guatemala: 99 items
  ✗ Jamaica Observer: Status code 403
  ✓ Dominican Today: 0 items
  ✗ Caribbean360: Attribute without value
Line: 0
Column: 243
Char: s
  ✓ Euronews World: 50 items
  ✓ France 24 English: 23 items
  ✓ RFI English: 22 items
  ✓ DW World News: 12 items
  ✓ Le Monde International: 20 items
  ✓ El País España Internacional: 24 items
  ✓ The Independent UK: 92 items
  ✗ The Telegraph World: Status code 403
  ✓ Japan Times: 30 items
  ✗ Korea Times: getaddrinfo ENOTFOUND home
  ✓ Straits Times Singapore: 50 items
  ✓ The News Pakistan: 50 items
  ✓ Hindustan Times India: 100 items
  ✓ Times of India World: 20 items
  ✗ Haaretz Israel: Status code 403
  ✓ Times of Israel: 15 items
  ✗ Arab News: Status code 403
  ✗ The National UAE: Status code 404
  ✓ Middle East Eye: 20 items
  ✓ Daily Maverick South Africa: 29 items
  ✓ AllAfrica News: 32 items
  ✗ The Africa Report: Status code 403
  ✓ The Moscow Times: 50 items
  ✓ TASS Russia: 100 items
  ✓ New York Times World: 60 items
  ✓ Washington Post World: 14 items
  ✓ Wall Street Journal World: 20 items
  ✓ Foreign Policy Magazine: 25 items
  ✓ The Hill International: 15 items
  ✗ Janes Defense: Status code 404
  ✗ Defense One: Status code 404
  ✓ Financial Times World: 25 items
  ✓ The Economist World: 300 items
  ✓ CounterPunch: 30 items
  ✓ Common Dreams: 30 items

🎯 Cuba-first pick from news_picker (avoids repeats)

📰 Selected: "Cuba acusa a EEUU de planear bloqueo naval al petróleo y cal..."
   Source: Google News - Cuba Trump
   URL: https://news.google.com/rss/articles/CBMiwgFBVV95cUxPY3RaT0xqZWhzSGtaUUVpdGk3OUc1ODBwWUtZa1c3SjZ5Y2pXVk5FeEFBQ0lkT2trUl9hSzF1d25jY0Q4aVQ0ano0TndYM0NVMXZFQjNoMEVraml1VUltMFFCdEJ2WEVIb09ObnpPNlpYME9wRkpRQWNqTGxSZkJwaUlLb1BsM093UWtlY2VJaG1tVGZzSnFqSDU3b1cyOUwtOTBWVy03dEF0OWdDNGhCMko5WkFTNWw1OTdhc0RiNHktZ9IBxwFBVV95cUxNUmZvR3lmRmxISDhueXNUNnJYNkNBclltQ1hILTVFRkZkYjlIRWs4SkdrWEdXMllxU194ckxIeExqWlFYWWQtWFVDRkpZdExDd3dkM3Z1M1gzZzFTZGlDYXBKaDcyYUpuRjVkZ3BuOFExLVBZbHItUWxYVzlvSXprZGljOGowRlBmNzNDMVdLazREcS1lRFhBVjAyMHRsZHJSZlQzNVVRR0ZzcE5iQmY5WkxjY2czRVNKZ2dhWmRvZTR5REo0bGdF?oc=5

🧠 Using LLM thread generation (score=170 >= 85 AND has hard-geo)
✅ PRE-FILTER: 3 geopolitical keyword(s) found.
[JSON Parse Error] Response: {
  "action": "POST",
  "reason": "OK",
  "mode": "single",
  "language": "es",
  "urgency_tag": "ÚLTIMA HORA",
  "topic_hashtags": ["#Cuba", "#Trump"],
  "tweet": {
    "text": "🇨🇺🇺🇸‼️ | Cuba acusa a EEUU de planear bloqueo naval al petróleo y califica la medida de \"acto de guerra\". La tensió
❌ Generation error: No valid JSON found

📝 Thread preview:
   1. 🚨 ÚLTIMA HORA | Cuba acusa a EEUU de planear bloqueo naval al petróleo y califica la medida de "acto de guerra" - Améri…

🧩 Visual meta: [ÚLTIMA HORA] "CUBA ACUSA A EEUU DE PLANEAR BLOQUEO NAVAL AL PETR" | #Google

🎨 Generating image...
🎨 Generating image: "CUBA ACUSA A EEUU DE PLANEAR BLOQUEO NAV..."
✅ Base image saved: out/images/news-20260128T000220.png
✅ SVG badge and logo overlay applied: out/images/news-20260128T000220.rg.png
[IMG] mode: DALLE_FULL
[IMG] entity: NONE
[IMG] portrait: none
[IMG] reason: Entities detected (Google) but no matching portraits found
   ✅ Image ready (DALL·E FULL): out/images/news-20260128T000220.rg.png
   [IMAGE] generated=out/images/news-20260128T000220.rg.png
   [TAGS] final_hashtags=[Cuba,Geopolitica]
[MEDIA] uploading to: https://upload.twitter.com/1.1/media/upload.json
[MEDIA] auth header: Authorization
✅ Media uploaded: 2016300783440949248
[MEDIA] uploaded media_id=2016300783440949248

✅ Thread posted successfully!
   View: https://x.com/i/status/2016300786498617499
   [MEDIA] posted_with_image=true
[2026-01-27 19:23:28] [WARN] flock not found; running WITHOUT lock

> geopolitik-x-autopost@1.0.0 dev
> tsx src/run_once.ts --live

node:internal/modules/cjs/loader:1920
  return process.dlopen(module, path.toNamespacedPath(filename));
                 ^

Error: The module '/Users/alexgonzalez/Youtube WorkSpace/geopolitik-x-autopost/node_modules/better-sqlite3/build/Release/better_sqlite3.node'
was compiled against a different Node.js version using
NODE_MODULE_VERSION 115. This version of Node.js requires
NODE_MODULE_VERSION 137. Please try re-compiling or re-installing
the module (for instance, using `npm rebuild` or `npm install`).
    at Object..node (node:internal/modules/cjs/loader:1920:18)
    at Module.load (node:internal/modules/cjs/loader:1481:32)
    at Module._load (node:internal/modules/cjs/loader:1300:12)
    at TracingChannel.traceSync (node:diagnostics_channel:328:14)
    at wrapModuleLoad (node:internal/modules/cjs/loader:245:24)
    at Module.require (node:internal/modules/cjs/loader:1504:12)
    at require (node:internal/modules/helpers:152:16)
    at bindings (/Users/alexgonzalez/Youtube WorkSpace/geopolitik-x-autopost/node_modules/bindings/bindings.js:112:48)
    at new Database (/Users/alexgonzalez/Youtube WorkSpace/geopolitik-x-autopost/node_modules/better-sqlite3/lib/database.js:48:64)
    at <anonymous> (/Users/alexgonzalez/Youtube WorkSpace/geopolitik-x-autopost/src/db.ts:14:43) {
  code: 'ERR_DLOPEN_FAILED'
}

Node.js v24.13.0
[2026-01-27 19:23:29] [ERROR] cycle failed

> geopolitik-x-autopost@1.0.0 dev
> tsx src/run_once.ts --live


============================================================
🌍 GEOPOLITIK X AUTOPOST
📅 2026-01-28T03:00:01.867Z
🔧 Mode: LIVE (explicit --live)
============================================================

📊 Posts today: 5/20

🔗 Testing X connection...

📰 NEWS MODE: Selecting text/image post...

🤖 Automatic mode: curating best story...
  ✓ BBC Mundo: 56 items
  ✓ RFI Español: 28 items
  ✓ France 24 Español: 24 items
  ✓ El País América: 145 items
  ✗ La Nación Argentina: Status code 404
  ✗ Infobae Latinoamérica: Status code 404
  ✓ Al Jazeera English: 25 items
  ✗ Al Jazeera Español: Status code 404
  ✓ BBC World: 39 items
  ✗ DW English: Attribute without value
Line: 110
Column: 38
Char: >
  ✗ DW Español: Status code 404
  ✓ The Guardian World: 45 items
  ✓ NPR World: 10 items
  ✗ Reuters World News: getaddrinfo ENOTFOUND feeds.reuters.com
  ✗ AP News - World: Attribute without value
Line: 348
Column: 33
Char: d
  ✗ Politico International: Status code 403
  ✓ Google News - Cuba Trump: 100 items
  ✓ Radio Habana Cuba - Spanish: 0 items
  ✓ OnCubaNews: 27 items
  ✓ Havana Times: 7 items
  ✓ Military Times News: 25 items
  ✓ Defense News Global: 25 items
  ✓ Press TV - Iran: 107 items
  ✓ South China Morning Post: 50 items
  ✓ CGTN World: 50 items
  ✓ CNN World News: 29 items
  ✓ NBC News World: 25 items
  ✓ TeleSUR English: 30 items
  ✓ Mexico News Daily: 10 items
  ✓ Brasil Wire: 10 items
  ✗ La Prensa Panamá: Invalid character in entity name
Line: 0
Column: 144
Char: &
  ✓ RT en Español: 10 items
  ✓ Sputnik Mundo: 100 items
  ✓ ANSA Latinoamérica: 28 items
  ✗ EFE América: Attribute without value
Line: 33
Column: 52
Char: r
  ✓ Clarín Argentina: 10 items
  ✗ Página 12 Argentina: Status code 404
  ✓ Perfil Argentina: 50 items
  ✗ Folha de S.Paulo: Status code 404
  ✓ O Globo Brasil: 0 items
  ✗ UOL Notícias Brasil: Feed not recognized as RSS 1 or 2.
  ✗ Emol Chile: Invalid attribute name
Line: 68
Column: 167
Char: "
  ✗ La Tercera Chile: Status code 404
  ✗ El Mostrador Chile: Status code 404
  ✓ El Tiempo Colombia: 10 items
  ✗ El Espectador Colombia: Status code 404
  ✗ Semana Colombia: Status code 404
  ✗ Proceso México: Status code 404
  ✗ Reforma México: Status code 406
  ✗ Excélsior México: Status code 404
  ✓ La Jornada México: 104 items
  ✓ Milenio México: 20 items
  ✗ El Comercio Perú: Invalid character in entity name
Line: 0
Column: 2326
Char: &
  ✗ RPP Noticias Perú: Unable to parse XML.
  ✗ La República Perú: Status code 404
  ✓ Efecto Cocuyo Venezuela: 15 items
  ✓ El Pitazo Venezuela: 10 items
  ✓ Runrunes Venezuela: 8 items
  ✗ El Universo Ecuador: Invalid character in entity name
Line: 0
Column: 3702
Char: &
  ✓ El Comercio Ecuador: 20 items
  ✗ El País Uruguay: Feed not recognized as RSS 1 or 2.
  ✗ El Observador Uruguay: Attribute without value
Line: 91
Column: 34
Char: t
  ✗ Página Siete Bolivia: Feed not recognized as RSS 1 or 2.
  ✗ El Deber Bolivia: Attribute without value
Line: 0
Column: 482
Char: >
  ✗ La Prensa Gráfica El Salvador: Unable to parse XML.
  ✗ El Heraldo Honduras: Status code 404
  ✗ La Prensa Nicaragua: getaddrinfo ENOTFOUND www.laprensa.com.ni
  ✓ La Nación Costa Rica: 100 items
  ✓ Prensa Libre Guatemala: 99 items
  ✗ Jamaica Observer: Status code 403
  ✓ Dominican Today: 0 items
  ✗ Caribbean360: Attribute without value
Line: 0
Column: 243
Char: s
  ✓ Euronews World: 50 items
  ✓ France 24 English: 23 items
  ✓ RFI English: 22 items
  ✓ DW World News: 12 items
  ✓ Le Monde International: 20 items
  ✓ El País España Internacional: 24 items
  ✓ The Independent UK: 95 items
  ✗ The Telegraph World: Status code 403
  ✓ Japan Times: 30 items
  ✗ Korea Times: getaddrinfo ENOTFOUND home
  ✓ Straits Times Singapore: 50 items
  ✓ The News Pakistan: 50 items
  ✓ Hindustan Times India: 100 items
  ✓ Times of India World: 20 items
  ✗ Haaretz Israel: Status code 403
  ✓ Times of Israel: 15 items
  ✗ Arab News: Status code 403
  ✗ The National UAE: Status code 404
  ✓ Middle East Eye: 20 items
  ✓ Daily Maverick South Africa: 29 items
  ✓ AllAfrica News: 32 items
  ✗ The Africa Report: Status code 403
  ✓ The Moscow Times: 50 items
  ✓ TASS Russia: 100 items
  ✓ New York Times World: 60 items
  ✓ Washington Post World: 14 items
  ✓ Wall Street Journal World: 20 items
  ✓ Foreign Policy Magazine: 25 items
  ✓ The Hill International: 15 items
  ✗ Janes Defense: Status code 404
  ✗ Defense One: Status code 404
  ✓ Financial Times World: 25 items
  ✓ The Economist World: 300 items
  ✓ CounterPunch: 30 items
  ✓ Common Dreams: 30 items

🎯 Cuba-first pick from news_picker (avoids repeats)

📰 Selected: "Trump evalúa un bloqueo naval a Cuba para cortar el suminist..."
   Source: Google News - Cuba Trump
   URL: https://news.google.com/rss/articles/CBMiqwFBVV95cUxOOXJLaEtqZlNuUDhwTGVtUzA5cjR1LW1UemFsTE8ya3QxbnRFdFVOZmtqd21zNExKUkpnTmxCdmhacU9tS291V2NSNmpHQ25nM0ZUUVNkSTRKVS1OTzY2cHVBa01IZERWOTF1dGpoWERPcW5mdXA3N0ItOHhsZ0hUSWFsOF9CaVpuc3d2bFYxdFJpQ3JzZWJIV19xcnd2dHZIcFBnLWRkdmtVdFE?oc=5

🧠 Using LLM thread generation (score=208 >= 85 AND has hard-geo)
✅ PRE-FILTER: 5 geopolitical keyword(s) found.
✅ Generated: mode="single" urgency="ÚLTIMA HORA" hashtags=[#Cuba,#Trump]

📝 Thread preview:
   1. 🇺🇸🇨🇺‼️ | Trump evalúa implementar un bloqueo naval contra Cuba para cortar completamente el suministro de petróleo a…

🧩 Visual meta: [ÚLTIMA HORA] "TRUMP EVALÚA BLOQUEO NAVAL CONTRA CUBA PARA CORTAR" | ##Cuba, #Trump

🎨 Generating image...
🎨 Generating image: "TRUMP EVALÚA BLOQUEO NAVAL CONTRA CUBA P..."
✅ Base image saved: out/images/news-20260128T030224.png
✅ SVG badge and logo overlay applied: out/images/news-20260128T030224.rg.png
[IMG] mode: DALLE_FULL
[IMG] entity: NONE
[IMG] portrait: none
[IMG] reason: Entities detected (#Cuba, #Trump, trump) but no matching portraits found
   ✅ Image ready (DALL·E FULL): out/images/news-20260128T030224.rg.png
   [IMAGE] generated=out/images/news-20260128T030224.rg.png
   [TAGS] final_hashtags=[Cuba,Trump]
[URL_VALIDATION] Expected URL, found 0 in final tweet
  Final text: 🇺🇸🇨🇺‼️ | Trump evalúa implementar un bloqueo naval contra Cuba para cortar completamente el sumi...
[MEDIA] uploading to: https://upload.twitter.com/1.1/media/upload.json
[MEDIA] auth header: Authorization
✅ Media uploaded: 2016346098453884928
[MEDIA] uploaded media_id=2016346098453884928

✅ Thread posted successfully!
   View: https://x.com/i/status/2016346100899172373
   [MEDIA] posted_with_image=true
[2026-01-27 22:02:40] [WARN] flock not found; running WITHOUT lock

> geopolitik-x-autopost@1.0.0 dev
> tsx src/run_once.ts --live

node:internal/modules/cjs/loader:1920
  return process.dlopen(module, path.toNamespacedPath(filename));
                 ^

Error: The module '/Users/alexgonzalez/Youtube WorkSpace/geopolitik-x-autopost/node_modules/better-sqlite3/build/Release/better_sqlite3.node'
was compiled against a different Node.js version using
NODE_MODULE_VERSION 115. This version of Node.js requires
NODE_MODULE_VERSION 137. Please try re-compiling or re-installing
the module (for instance, using `npm rebuild` or `npm install`).
    at Object..node (node:internal/modules/cjs/loader:1920:18)
    at Module.load (node:internal/modules/cjs/loader:1481:32)
    at Module._load (node:internal/modules/cjs/loader:1300:12)
    at TracingChannel.traceSync (node:diagnostics_channel:328:14)
    at wrapModuleLoad (node:internal/modules/cjs/loader:245:24)
    at Module.require (node:internal/modules/cjs/loader:1504:12)
    at require (node:internal/modules/helpers:152:16)
    at bindings (/Users/alexgonzalez/Youtube WorkSpace/geopolitik-x-autopost/node_modules/bindings/bindings.js:112:48)
    at new Database (/Users/alexgonzalez/Youtube WorkSpace/geopolitik-x-autopost/node_modules/better-sqlite3/lib/database.js:48:64)
    at <anonymous> (/Users/alexgonzalez/Youtube WorkSpace/geopolitik-x-autopost/src/db.ts:14:43) {
  code: 'ERR_DLOPEN_FAILED'
}

Node.js v24.13.0
[2026-01-27 22:02:40] [ERROR] cycle failed
[2026-01-27 22:19:21] [WARN] flock not found; running WITHOUT lock

> geopolitik-x-autopost@1.0.0 dev
> tsx src/run_once.ts --live

node:internal/modules/cjs/loader:1920
  return process.dlopen(module, path.toNamespacedPath(filename));
                 ^

Error: The module '/Users/alexgonzalez/Youtube WorkSpace/geopolitik-x-autopost/node_modules/better-sqlite3/build/Release/better_sqlite3.node'
was compiled against a different Node.js version using
NODE_MODULE_VERSION 115. This version of Node.js requires
NODE_MODULE_VERSION 137. Please try re-compiling or re-installing
the module (for instance, using `npm rebuild` or `npm install`).
    at Object..node (node:internal/modules/cjs/loader:1920:18)
    at Module.load (node:internal/modules/cjs/loader:1481:32)
    at Module._load (node:internal/modules/cjs/loader:1300:12)
    at TracingChannel.traceSync (node:diagnostics_channel:328:14)
    at wrapModuleLoad (node:internal/modules/cjs/loader:245:24)
    at Module.require (node:internal/modules/cjs/loader:1504:12)
    at require (node:internal/modules/helpers:152:16)
    at bindings (/Users/alexgonzalez/Youtube WorkSpace/geopolitik-x-autopost/node_modules/bindings/bindings.js:112:48)
    at new Database (/Users/alexgonzalez/Youtube WorkSpace/geopolitik-x-autopost/node_modules/better-sqlite3/lib/database.js:48:64)
    at <anonymous> (/Users/alexgonzalez/Youtube WorkSpace/geopolitik-x-autopost/src/db.ts:14:43) {
  code: 'ERR_DLOPEN_FAILED'
}

Node.js v24.13.0
[2026-01-27 22:19:22] [ERROR] cycle failed

> geopolitik-x-autopost@1.0.0 dev
> tsx src/run_once.ts --live


============================================================
🌍 GEOPOLITIK X AUTOPOST
📅 2026-01-28T04:01:34.569Z
🔧 Mode: LIVE (explicit --live)
============================================================

📊 Posts today: 11/20

🔗 Testing X connection...

📰 NEWS MODE: Selecting text/image post...

🤖 Automatic mode: curating best story...
  ✓ BBC Mundo: 56 items
  ✓ RFI Español: 28 items
  ✓ France 24 Español: 24 items
  ✓ El País América: 145 items
  ✗ La Nación Argentina: Status code 404
  ✗ Infobae Latinoamérica: Status code 404
  ✓ Al Jazeera English: 25 items
  ✗ Al Jazeera Español: Status code 404
  ✓ BBC World: 40 items
  ✗ DW English: Attribute without value
Line: 110
Column: 38
Char: >
  ✗ DW Español: Status code 404
  ✓ The Guardian World: 45 items
  ✓ NPR World: 10 items
  ✗ Reuters World News: getaddrinfo ENOTFOUND feeds.reuters.com
  ✗ AP News - World: Attribute without value
Line: 348
Column: 33
Char: d
  ✗ Politico International: Status code 403
  ✓ Google News - Cuba Trump: 100 items
  ✓ Radio Habana Cuba - Spanish: 0 items
  ✓ OnCubaNews: 27 items
  ✓ Havana Times: 7 items
  ✓ Military Times News: 25 items
  ✓ Defense News Global: 25 items
  ✓ Press TV - Iran: 107 items
  ✓ South China Morning Post: 50 items
  ✓ CGTN World: 50 items
  ✓ CNN World News: 29 items
  ✓ NBC News World: 25 items
  ✓ TeleSUR English: 30 items
  ✓ Mexico News Daily: 10 items
  ✓ Brasil Wire: 10 items
  ✗ La Prensa Panamá: Invalid character in entity name
Line: 0
Column: 144
Char: &
  ✓ RT en Español: 10 items
  ✓ Sputnik Mundo: 100 items
  ✓ ANSA Latinoamérica: 28 items
  ✗ EFE América: Attribute without value
Line: 33
Column: 52
Char: r
  ✓ Clarín Argentina: 10 items
  ✗ Página 12 Argentina: Status code 404
  ✓ Perfil Argentina: 50 items
  ✗ Folha de S.Paulo: Status code 404
  ✓ O Globo Brasil: 0 items
  ✗ UOL Notícias Brasil: Feed not recognized as RSS 1 or 2.
  ✗ Emol Chile: Invalid attribute name
Line: 68
Column: 167
Char: "
  ✗ La Tercera Chile: Status code 404
  ✗ El Mostrador Chile: Status code 404
  ✓ El Tiempo Colombia: 10 items
  ✗ El Espectador Colombia: Status code 404
  ✗ Semana Colombia: Status code 404
  ✗ Proceso México: Status code 404
  ✓ Reforma México: 10 items
  ✗ Excélsior México: Status code 404
  ✓ La Jornada México: 104 items
  ✓ Milenio México: 20 items
  ✗ El Comercio Perú: Invalid character in entity name
Line: 0
Column: 2326
Char: &
  ✗ RPP Noticias Perú: Unable to parse XML.
  ✗ La República Perú: Status code 404
  ✓ Efecto Cocuyo Venezuela: 15 items
  ✓ El Pitazo Venezuela: 10 items
  ✓ Runrunes Venezuela: 8 items
  ✗ El Universo Ecuador: Invalid character in entity name
Line: 0
Column: 3702
Char: &
  ✓ El Comercio Ecuador: 20 items
  ✗ El País Uruguay: Feed not recognized as RSS 1 or 2.
  ✗ El Observador Uruguay: Attribute without value
Line: 91
Column: 34
Char: t
  ✗ Página Siete Bolivia: Feed not recognized as RSS 1 or 2.
  ✗ El Deber Bolivia: Attribute without value
Line: 0
Column: 482
Char: >
  ✗ La Prensa Gráfica El Salvador: Unable to parse XML.
  ✗ El Heraldo Honduras: Status code 404
  ✗ La Prensa Nicaragua: getaddrinfo ENOTFOUND www.laprensa.com.ni
  ✓ La Nación Costa Rica: 100 items
  ✓ Prensa Libre Guatemala: 99 items
  ✗ Jamaica Observer: Status code 403
  ✓ Dominican Today: 0 items
  ✗ Caribbean360: Attribute without value
Line: 0
Column: 243
Char: s
  ✓ Euronews World: 50 items
  ✓ France 24 English: 23 items
  ✓ RFI English: 22 items
  ✓ DW World News: 13 items
  ✓ Le Monde International: 20 items
  ✓ El País España Internacional: 24 items
  ✓ The Independent UK: 96 items
  ✗ The Telegraph World: Status code 403
  ✓ Japan Times: 30 items
  ✗ Korea Times: getaddrinfo ENOTFOUND home
  ✓ Straits Times Singapore: 50 items
  ✓ The News Pakistan: 50 items
  ✓ Hindustan Times India: 100 items
  ✓ Times of India World: 20 items
  ✗ Haaretz Israel: Status code 403
  ✓ Times of Israel: 15 items
  ✗ Arab News: Status code 403
  ✗ The National UAE: Status code 404
  ✓ Middle East Eye: 20 items
  ✓ Daily Maverick South Africa: 29 items
  ✓ AllAfrica News: 32 items
  ✗ The Africa Report: Status code 403
  ✓ The Moscow Times: 50 items
  ✓ TASS Russia: 100 items
  ✓ New York Times World: 60 items
  ✓ Washington Post World: 14 items
  ✓ Wall Street Journal World: 20 items
  ✓ Foreign Policy Magazine: 25 items
  ✓ The Hill International: 15 items
  ✗ Janes Defense: Status code 404
  ✗ Defense One: Status code 404
  ✓ Financial Times World: 25 items
  ✓ The Economist World: 300 items
  ✓ CounterPunch: 30 items
  ✓ Common Dreams: 30 items
📰 Candidates: 381 total, 192 fresh (<24h)
[CURATOR] ✅ picked score=146 bucket=geopolitics region=MIDDLE_EAST
[CURATOR] tags=[Iran,USA] title="At least 6,126 people killed in Iran's crackdown o..."
[CURATOR] source="NPR World" link="https://npr.org/2026/01/27/nx-s1-5689793/6-126-iran-crackdow..."
[CURATOR] geo_ratio=56% (target=75%)

🔍 Anti-duplicate check...
   ⚠️  Best pick is duplicate (DUP_TOPIC)
   🔄 Trying to find non-duplicate from ranked candidates...
[DROP] low_geopolitics (region=OTHER score=50) :: "ORIGINS OF THE ANTHROPOCENE: Part 2: Human-wildlif..."
[DROP] low_geopolitics (region=OTHER score=50) :: "Amazon bungles Wednesday layoff plan with misfired..."
[DROP] low_geopolitics (region=OTHER score=50) :: "Trump says Alex Pretti should not have carried gun..."
[DROP] low_geopolitics (region=OTHER score=50) :: "AMABHUNGANE: PetroSA’s R3.5bn ‘raid’ on student fu..."
[DROP] low_geopolitics (region=OTHER score=50) :: "Taiwan’s defence ministry slams TPP’s ‘unworkable’..."
[DROP] low_geopolitics (region=OTHER score=50) :: ""Resiliencia democrática": Expresidente polaco hal..."
[DROP] low_geopolitics (region=OTHER score=50) :: "Minneapolis shootings: OpenAI’s Altman, Apple’s Co..."
[DROP] low_geopolitics (region=OTHER score=50) :: "OpenAI debuts new tool Prism for scientists in pus..."
[DROP] low_geopolitics (region=OTHER score=50) :: "Suman 22 cuerpos localizados en fosas clandestinas..."
[DROP] low_geopolitics (region=OTHER score=50) :: "Laura Fernández a Natalia Díaz: ‘Usted prefirió qu..."
[DROP] low_geopolitics (region=OTHER score=50) :: "Ukraine-Russia war latest: Putin accused of ‘act o..."
[DROP] low_geopolitics (region=OTHER score=50) :: "Nationals MP Colin Boyce to challenge David Little..."
[DROP] low_geopolitics (region=OTHER score=50) :: "Glissement de terrain en Indonésie : le bilan s’al..."
[DROP] low_geopolitics (region=OTHER score=50) :: "Francia vetará plataformas de EE.UU. a sus funcion..."
[DROP] low_geopolitics (region=OTHER score=50) :: "Australia news live: Imams castigate Scott Morriso..."
[DROP] low_geopolitics (region=OTHER score=50) :: "Presencia militar de EEUU aumenta la tensión entre..."
[DROP] low_geopolitics (region=OTHER score=50) :: "Francia busca acelerar prohibición de redes social..."
[DROP] low_geopolitics (region=OTHER score=50) :: "Wayne State University shooting: Shelter in place ..."
[DROP] low_geopolitics (region=OTHER score=50) :: "Mauricio Wright revela una queja que le compartió ..."
[DROP] low_geopolitics (region=OTHER score=50) :: "Mom describes heartbreaking moment she tried rescu..."
[DROP] low_geopolitics (region=OTHER score=50) :: "Debate Repretel-Noticias Monumental: ‘Pídale la re..."
[DROP] low_geopolitics (region=OTHER score=50) :: "Detienen a dos implicados en desaparición de tres ..."
[DROP] low_geopolitics (region=OTHER score=50) :: "Neil Young offers Greenlanders free access to his ..."
[DROP] low_geopolitics (region=OTHER score=50) :: "‘Don’t blindly follow’ US changes to infant vaccin..."
[DROP] low_geopolitics (region=OTHER score=50) :: "Diablos Rojos del México buscará el bicampeonato e..."
[DROP] low_geopolitics (region=OTHER score=50) :: "Baseball Champions League Americas anuncia su segu..."
[DROP] low_geopolitics (region=OTHER score=50) :: "Demex incumple pago de deuda; alega problemas oper..."
[DROP] low_geopolitics (region=OTHER score=50) :: "At least 42 killed by snowstorm in US — ABC News..."
[DROP] low_geopolitics (region=OTHER score=50) :: "New Zealand could see more deadly landslides as cl..."
[DROP] low_geopolitics (region=OTHER score=50) :: "¿Llegan al Mundial? Seleccionados lesionados, la o..."
[DROP] low_geopolitics (region=OTHER score=50) :: "Russian captain denies accusations in March tanker..."
[DROP] low_geopolitics (region=OTHER score=50) :: "Minnesota congresswoman Ilhan Omar attacked with '..."
[DROP] low_geopolitics (region=OTHER score=50) :: "Trump praises Syrias’ Sharaa after offensive in Ku..."
[DROP] low_geopolitics (region=OTHER score=50) :: "Ecuador says ICE agent tried to enter consulate in..."
[DROP] low_geopolitics (region=OTHER score=50) :: "Israel will not allow Palestinian state to be crea..."
[DROP] low_geopolitics (region=OTHER score=50) :: "Price of gold futures hits fresh all-time high sur..."
[DROP] low_geopolitics (region=OTHER score=50) :: "Clima hoy en San Bernardo del Tuyú, Buenos Aires: ..."
[DROP] low_geopolitics (region=OTHER score=50) :: "Clima hoy en San Fernando, Buenos Aires: el pronós..."
[DROP] low_geopolitics (region=OTHER score=50) :: "Clima hoy en San Clemente del Tuyú, Buenos Aires: ..."
[DROP] low_geopolitics (region=OTHER score=50) :: "Democrats win two Minnesota special elections, bri..."
[DROP] low_geopolitics (region=OTHER score=50) :: "Clima hoy en Salinas Grandes, Jujuy: el pronóstico..."
[DROP] low_geopolitics (region=OTHER score=50) :: "Clima hoy en San Agustín del Valle Fértil, San Jua..."
[DROP] low_geopolitics (region=OTHER score=50) :: "Clima hoy en Saladillo, Buenos Aires: el pronóstic..."
[DROP] low_geopolitics (region=OTHER score=50) :: "Clima hoy en Río Tercero, Córdoba: el pronóstico d..."
[DROP] low_geopolitics (region=OTHER score=50) :: "Clima hoy en Saenz Peña, Chaco: el pronóstico del ..."
[DROP] low_geopolitics (region=OTHER score=50) :: "Clima hoy en Río Grande, Tierra del Fuego: el pron..."
[DROP] low_geopolitics (region=OTHER score=50) :: "Clima hoy en Río Cuarto, Córdoba: el pronóstico de..."
[DROP] low_geopolitics (region=OTHER score=50) :: "Mujer es arrojada desde un auto en movimiento en c..."
[DROP] low_geopolitics (region=OTHER score=50) :: "Several Palestinians reportedly wounded during set..."
[DROP] low_geopolitics (region=OTHER score=50) :: "Trump warns Iraq against returning former prime mi..."
[DROP] low_geopolitics (region=OTHER score=50) :: "President talks up strength of US economy in advan..."
[DROP] low_geopolitics (region=OTHER score=50) :: "Asesinan a balazos al hijo del santero de La Anti ..."
[DROP] low_geopolitics (region=OTHER score=50) :: "Ilhan Omar sprayed with unknown substance during t..."
[DROP] low_geopolitics (region=OTHER score=50) :: "Encontronazo entre Claudia Dobles y Natalia Díaz p..."
[DROP] low_geopolitics (region=OTHER score=50) :: "Nicaragua conmemora el 82 aniversario del fin del ..."
[DROP] low_geopolitics (region=OTHER score=50) :: "River Plate anuncia ampliación del Estadio Monumen..."
[DROP] low_geopolitics (region=OTHER score=50) :: "“Voy a decir la verdad”: lanchero defiende su vers..."
[DROP] low_geopolitics (region=OTHER score=50) :: "Mexico president asks South Korea for more BTS con..."
[DROP] low_geopolitics (region=OTHER score=50) :: "Local governments tap worker cooperatives for serv..."
[DROP] low_geopolitics (region=OTHER score=50) :: "Repretel anuncia un debate poco convencional para ..."
[DROP] low_geopolitics (region=OTHER score=50) :: "¿Se va o no se va? Publican resultados de la revoc..."
[DROP] low_geopolitics (region=OTHER score=50) :: "Rwanda sues UK over contentious migrant deal..."
[DROP] low_geopolitics (region=OTHER score=50) :: "Petro pide a Trump devolver a Maduro para que sea ..."
[DROP] low_geopolitics (region=OTHER score=50) :: "Who is Stella Carlson? Woman in pink jacket who fi..."
[DROP] low_geopolitics (region=OTHER score=50) :: "Premios Oscar 2026: 'El agente secreto', la pelícu..."
[DROP] low_geopolitics (region=OTHER score=50) :: "Venezuelan opposition figure seen in public for fi..."
[DROP] low_geopolitics (region=OTHER score=50) :: "¿Por qué Roy Barreras no levanta en las encuestas ..."
[DROP] low_geopolitics (region=OTHER score=50) :: "Partnerships, not plants: Chinese companies rethin..."
[DROP] low_geopolitics (region=OTHER score=50) :: "Nomura’s revival faces challenge from Japan’s ambi..."
[DROP] low_geopolitics (region=OTHER score=50) :: "Elefante marino aparece en playa de Los Ayala, Nay..."
[DROP] low_geopolitics (region=OTHER score=50) :: "Five killed in fire in Russia’s Siberian region of..."
[DROP] low_geopolitics (region=OTHER score=50) :: "Counting the days: How Jews clung to the Hebrew ca..."
[DROP] low_geopolitics (region=OTHER score=50) :: "Man in hospital after shooting by border agent in ..."
[DROP] low_geopolitics (region=OTHER score=50) :: "US intelligence raises doubts about Venezuela lead..."
[DROP] low_geopolitics (region=OTHER score=50) :: "US president praises Syrian leader al-Sharaa after..."
[DROP] low_geopolitics (region=OTHER score=50) :: "La “Doble Nelson” del Panal: encaminar la gestión ..."
[DROP] low_geopolitics (region=OTHER score=50) :: "Choque frontal de camiones en Quito deja un conduc..."
[DROP] low_geopolitics (region=OTHER score=50) :: "Zelenskyy condemns 'terrorism' after Russia hits t..."
[DROP] low_geopolitics (region=OTHER score=50) :: "Un hombre irrumpe con una jeringa y rocía a la con..."
[DROP] low_geopolitics (region=OTHER score=50) :: "Bill Belichick quedaría fuera del Salón de la Fama..."
[DROP] low_geopolitics (region=OTHER score=50) :: "‘It’s doing great’: Trump not concerned about decl..."
[DROP] low_geopolitics (region=OTHER score=50) :: "Crisis migratoria en EE. UU.: un juez ordena a jef..."
[DROP] low_geopolitics (region=OTHER score=50) :: "Dozens of protesters arrested at hotel in Manhatta..."
[DROP] low_geopolitics (region=OTHER score=50) :: "Por complicaciones de salud, murió Francisco Vener..."
[DROP] low_geopolitics (region=OTHER score=50) :: "Mercado bancario mexicano atrae a financieras brit..."
[DROP] low_geopolitics (region=OTHER score=50) :: "Reuters: Meta permitió el acceso de niños a 'chatb..."
[DROP] low_geopolitics (region=OTHER score=50) :: "Netanyahu's covered phone camera sparks speculatio..."
[DROP] low_geopolitics (region=OTHER score=50) :: "Controversy in Italy over ICE presence at Winter O..."
[DROP] low_geopolitics (region=OTHER score=50) :: "Importación de gasolinas en 2025 registra su mayor..."
[DROP] low_geopolitics (region=OTHER score=50) :: "Bullrich comienza a aceitar las negociaciones en e..."
[DROP] low_geopolitics (region=OTHER score=50) :: "Óscar ‘Macho’ Ramírez: ‘Hemos mejorado a puro vide..."
[DROP] low_geopolitics (region=OTHER score=50) :: ""Que no me vengan a hablar los bancos de piso pare..."
[DROP] low_geopolitics (region=OTHER score=50) :: "Operation Santa Claus: law firm volunteers dig dee..."
[DROP] low_geopolitics (region=OTHER score=50) :: "Medicare picks Botox and Trulicity for latest roun..."
[DROP] low_geopolitics (region=OTHER score=50) :: "Dollar slides as Trump says he is not concerned wi..."
[DROP] low_geopolitics (region=OTHER score=50) :: "Trump says ‘we’ll work something out with South Ko..."
[DROP] low_geopolitics (region=OTHER score=50) :: "NYT: El Consejo de Paz otorgaría a Trump amplios p..."
[DROP] low_geopolitics (region=OTHER score=50) :: "Malaysian man arrested after illegal sea crossing ..."
[DROP] low_geopolitics (region=OTHER score=50) :: "NRI finds life in US ‘boring’ after vacationing in..."
[DROP] low_geopolitics (region=OTHER score=50) :: "‘Another beautiful armada floating toward Iran’: T..."
[DROP] low_geopolitics (region=OTHER score=50) :: "Elías Alvarado muestra las incomodidades que pasa ..."
[DROP] low_geopolitics (region=OTHER score=50) :: "Suspect detained after Rep. Ilhan Omar sprayed wit..."
[DROP] low_geopolitics (region=OTHER score=50) :: "Minnesota ICE live updates: Stephen Miller admits ..."
[DROP] low_geopolitics (region=OTHER score=50) :: "Townhall attack: Congresswoman Ilhan Omar sprayed ..."
[DROP] low_geopolitics (region=OTHER score=50) :: "Saint-Louis, la antigua capital de Senegal, amenaz..."
[DROP] low_geopolitics (region=OTHER score=50) :: "«Se nos acabó el miedo», madres firmes y esperanza..."
[DROP] low_geopolitics (region=OTHER score=50) :: "Republicans criticise immigration force but steer ..."
[DROP] low_geopolitics (region=OTHER score=50) :: "¿Fracaso 'colchonero'? Inteligencia Artificial rev..."
[DROP] low_geopolitics (region=OTHER score=50) :: "Ilhan Omar attack: 5 things to know about man who ..."
[DROP] low_geopolitics (region=OTHER score=50) :: "Gustavo Petro rompe protocolo y habla de su vida í..."
[DROP] low_geopolitics (region=OTHER score=50) :: "Juan Carlos Hidalgo y Eli Feinzaig explican riesgo..."
[DROP] low_geopolitics (region=OTHER score=50) :: "SoftBank in talks to invest $30 billion more in Op..."
[DROP] low_geopolitics (region=OTHER score=50) :: "Debate de Repretel-Noticias Monumental: Laura Fern..."
[DROP] low_geopolitics (region=OTHER score=50) :: "Trump says Alex Pretti should not have carried gun..."
[DROP] low_geopolitics (region=OTHER score=50) :: "Exdiputada denuncia públicamente a Fabricio Alvara..."
[DROP] low_geopolitics (region=OTHER score=50) :: "More than 40 deaths from US winter storm as snow a..."
[DROP] low_geopolitics (region=OTHER score=50) :: "Debate de Repretel-Noticias Monumental: ‘Usted pus..."
[DROP] DUP_TOPIC :: "México suspende el envío de petróleo a Cuba tras r..."
[DROP] low_geopolitics (region=OTHER score=50) :: "Man disrupts US congresswoman Ilhan Omar event in ..."
[DROP] low_geopolitics (region=OTHER score=50) :: "Historic heatwave expected to break records in NSW..."
[DROP] low_geopolitics (region=OTHER score=50) :: "Comité por la Libertad reporta excarcelación de oc..."
[DROP] low_geopolitics (region=OTHER score=50) :: "Presidente Petro asegura que a colombianos en EE. ..."
[DROP] low_geopolitics (region=OTHER score=50) :: "AI will not lead to mass layoffs, says head of Ind..."
[DROP] low_geopolitics (region=OTHER score=50) :: "US congresswoman Ilhan Omar sprayed with unknown s..."
[DROP] low_geopolitics (region=OTHER score=50) :: "Perro ataca a su dueña dentro de vivienda en San C..."
[DROP] low_geopolitics (region=OTHER score=50) :: "Directo D. C. y el foco de Trump en las ciudades s..."
[DROP] low_geopolitics (region=OTHER score=50) :: "QUINIELA de hoy 27 de enero de 2026 EN VIVO: resul..."
[DROP] low_geopolitics (region=OTHER score=50) :: "Mexicano Ángel Zaldívar se roba el show en victori..."
[DROP] low_geopolitics (region=OTHER score=50) :: "Chances de la JPS: vea los números ganadores del s..."
[DROP] low_geopolitics (region=OTHER score=50) :: "Trump aseguró que "desescalará un poco" la situaci..."
[DROP] low_geopolitics (region=OTHER score=50) :: "China has a drug that could help India battle dead..."
[DROP] low_geopolitics (region=OTHER score=50) :: "Petro responde a "periodistas chismosos": hago "co..."
[DROP] low_geopolitics (region=OTHER score=50) :: "Aux Etats-Unis, un juge bloque l’expulsion d’un en..."
[DROP] low_geopolitics (region=OTHER score=50) :: "Former French senator convicted of drugging a coll..."
[DROP] low_geopolitics (region=OTHER score=50) :: "¿Quién es el Padre Guilherme?..."
[DROP] low_geopolitics (region=OTHER score=50) :: "Sniffer dogs and bag searches can make drug danger..."
[DROP] low_geopolitics (region=OTHER score=50) :: "ICE agent tries to enter Ecuador consulate in Minn..."
[DROP] low_geopolitics (region=OTHER score=50) :: "Bloomberg: La producción de Pemex cae a mínimos hi..."
[DROP] low_geopolitics (region=OTHER score=50) :: "Philippines steps up patrols around ‘significant’ ..."
[DROP] low_geopolitics (region=OTHER score=50) :: "US collects $600 billion in customs tariffs — Trum..."
[DROP] low_geopolitics (region=OTHER score=50) :: "La garde-robe très politisée et polarisée des Brés..."
[DROP] low_geopolitics (region=OTHER score=50) :: "Marilyn Manson: US judge reopens sexual assault ca..."
[DROP] DUP_TOPIC :: "Cuba revives the Torchlight March..."
[DROP] low_geopolitics (region=OTHER score=50) :: "Expectations grow for interest rate hike next week..."
[DROP] low_geopolitics (region=OTHER score=50) :: "Impuestos 2026 en Córdoba: cómo pagarlos en 6 cuot..."
[DROP] low_geopolitics (region=OTHER score=50) :: "Greg Bovino fired? Social media silence fuels clai..."
[DROP] low_geopolitics (region=OTHER score=50) :: "In Iowa, Trump touts economy as protests roil neig..."
[DROP] low_geopolitics (region=OTHER score=50) :: "Trump says US will 'no longer help Iraq' if it pic..."
[DROP] low_geopolitics (region=OTHER score=50) :: "Elon Musk hits back at Indian-American billionaire..."
[DROP] DUP_TOPIC :: "Vélez por la mañana | Juan Carlos Pinzón habló de ..."
[DROP] low_geopolitics (region=OTHER score=50) :: "País nórdico de la OTAN logra acuerdo para comprar..."
[DROP] low_geopolitics (region=OTHER score=50) :: "Likud MK says legislation regulating Haredi enlist..."
[DROP] low_geopolitics (region=OTHER score=50) :: "Investigators say deadly midair collision near Was..."
[DROP] low_geopolitics (region=OTHER score=50) :: "Ecuador envía una nota de protesta a EE.UU. por un..."
[DROP] low_geopolitics (region=OTHER score=50) :: "Man tackled after spraying Omar with unknown subst..."
[DROP] low_geopolitics (region=OTHER score=50) :: "Un activo disuasivo: Pionyang da detalles de su má..."
[DROP] low_geopolitics (region=OTHER score=50) :: "Trump backs down on immigration enforcement push a..."
[DROP] low_geopolitics (region=OTHER score=50) :: "Murkowski says Noem should resign over Minneapolis..."
[DROP] low_geopolitics (region=OTHER score=50) :: "Iran-US tensions LIVE: Trump says another ‘armada’..."
[DROP] low_geopolitics (region=OTHER score=50) :: "Bernardo Arévalo participa en foro económico regio..."
[DROP] low_geopolitics (region=OTHER score=50) :: "Petrismo alista acciones jurídicas para defender a..."
[DROP] low_geopolitics (region=OTHER score=50) :: "Tras cruzar a Paolo Rocca, Milei apuntó en La Dere..."
[DROP] low_geopolitics (region=OTHER score=50) :: "North Korea to soon unveil 'next-stage' nuclear pl..."
[DROP] low_geopolitics (region=OTHER score=50) :: "No joint operation with US in Wedding capture, She..."
[DROP] low_geopolitics (region=OTHER score=50) :: "... Y detienen a operador  de Tren..."
[DROP] low_geopolitics (region=OTHER score=50) :: "Entra en vigor nuevas reglas para repartidores en ..."
[DROP] low_geopolitics (region=OTHER score=50) :: "Rony Morataya, el guatemalteco que murió tras ser ..."
[DROP] low_geopolitics (region=OTHER score=50) :: "La madre de Jeremías Monzón habló sobre el caso: “..."
[DROP] low_geopolitics (region=OTHER score=50) :: "Trump says government will 'de-escalate' in Minnes..."
[DROP] low_geopolitics (region=OTHER score=50) :: "La física del cabezazo récord: cómo Martín Palermo..."
[DROP] low_geopolitics (region=OTHER score=50) :: "El riesgo país perforó los 500 puntos por primera ..."
[DROP] low_geopolitics (region=OTHER score=50) :: "Canadian PM Carney denies walking back Davos speec..."
[DROP] DUP_TOPIC :: "Colombia prepara nuevos aranceles del 30% a produc..."
[DROP] low_geopolitics (region=OTHER score=50) :: "China’s slowing overseas investment reflects cauti..."
[DROP] low_geopolitics (region=OTHER score=50) :: "Muere reconocido actor de doblaje de ‘Spider-Man’ ..."
[DROP] low_geopolitics (region=OTHER score=50) :: "Nuevo delantero mexicano de Alajuelense anota otra..."
[DROP] low_geopolitics (region=OTHER score=50) :: ""Libertad o muerte": Petro lanza una advertencia a..."
[DROP] low_geopolitics (region=OTHER score=50) :: "Minnesota Representative Ilhan Omar attacked durin..."
[DROP] low_geopolitics (region=OTHER score=50) :: "48 presas políticas excarceladas y 140 aún detenid..."
[DROP] low_geopolitics (region=OTHER score=50) :: "Virtually defenseless: Moscow's attacks in Ukraine..."
[DROP] low_geopolitics (region=OTHER score=50) :: "Netanyahu vows to retaliate possible Iranian attac..."
[DROP] low_geopolitics (region=OTHER score=50) :: "The Latest: Trump wants ‘honest’ investigation int..."
[DROP] low_geopolitics (region=OTHER score=50) :: "China sees surge in pet ownership as the country’s..."
[DROP] low_geopolitics (region=OTHER score=50) :: "El secreto de la cúrcuma: ¿cómo consumirla para de..."
[DROP] low_geopolitics (region=OTHER score=50) :: "Trump again hints at possibility of running for th..."
[DROP] low_geopolitics (region=OTHER score=50) :: "Sleeping with one eye open: Venezuelans reel from ..."
[DROP] low_geopolitics (region=OTHER score=50) :: "Israel’s Netanyahu says it would be a ‘mistake’ to..."
[DROP] low_geopolitics (region=OTHER score=50) :: "Suspect shot by Border Patrol after opening fire o..."
[DROP] low_geopolitics (region=OTHER score=50) :: "‘I will erase your voice’: Chilling remark from IC..."
[DROP] low_geopolitics (region=OTHER score=50) :: "El nuevo ‘9′ de Alajuelense ya anotó su primer dob..."
[DROP] low_geopolitics (region=OTHER score=50) :: "German Federal Bank chief says gold and currency r..."
[DROP] low_geopolitics (region=OTHER score=50) :: "Saudi Arabia-UAE tensions put Middle East business..."
[DROP] low_geopolitics (region=OTHER score=50) :: "El Gobierno le cierra la puerta al dumping de Tech..."
[DROP] low_geopolitics (region=OTHER score=50) :: "Ilhan Omar 'attacked' at Minneapolis town hall eve..."
[DROP] low_geopolitics (region=OTHER score=50) :: "Did feds know Alex Pretti before fatal shooting? I..."
[DROP] low_geopolitics (region=OTHER score=50) :: "Diaco registra 31 quejas contra colegios por cobro..."
[DROP] low_geopolitics (region=OTHER score=50) :: "Cómo Trump contribuyó a que la Unión Europea e Ind..."
[DROP] low_geopolitics (region=OTHER score=50) :: "Anger as branch of ICE to help with security at Wi..."
[DROP] low_geopolitics (region=OTHER score=50) :: "Del Toro’s talent for terror — and tortillas — cel..."
[DROP] low_geopolitics (region=OTHER score=50) :: "Russia-Ukraine war: List of key events, day 1,434..."
[DROP] low_geopolitics (region=OTHER score=50) :: "Al menos 16 personas habitaban la vivienda que se ..."
[DROP] low_geopolitics (region=OTHER score=50) :: "Ecuador afirma que un agente del ICE intentó entra..."
[DROP] low_geopolitics (region=OTHER score=50) :: "Israel apaga reloj de rehenes tras 844 días; pales..."
[DROP] low_geopolitics (region=OTHER score=50) :: "Así avanza la conformación de la comitiva que acom..."
[DROP] low_geopolitics (region=OTHER score=50) :: "Debate Repretel - Noticias Monumental: vea aquí la..."
[DROP] low_geopolitics (region=OTHER score=50) :: "Un herido de bala en un incidente con la Patrulla ..."
[DROP] low_geopolitics (region=OTHER score=50) :: "Honduras: Nasry Asfura, el 'favorito' de Trump, se..."
[DROP] low_geopolitics (region=OTHER score=50) :: "Así puede activar el ‘modo BTS’ en WhatsApp..."
[DROP] low_geopolitics (region=OTHER score=50) :: "Major US sports arena becomes first to start selli..."
[DROP] DUP_TOPIC :: "Iranian president says US threats ‘will achieve no..."
[DROP] low_geopolitics (region=OTHER score=50) :: "Ileana Garcia: 5 things to know about 'Latinas for..."
[DROP] low_geopolitics (region=OTHER score=50) :: "Estudiantes le exigen, cara a cara, a Delcy Rodríg..."
[DROP] low_geopolitics (region=OTHER score=50) :: "Star Kirkland partner’s future in doubt as firm si..."
[DROP] low_geopolitics (region=OTHER score=50) :: "Trump ignores Minnesota uproar and tries sticking ..."
[DROP] low_geopolitics (region=OTHER score=50) :: "Inamhi mantiene alerta por lluvias en Quito y gran..."
[DROP] low_geopolitics (region=OTHER score=50) :: "China ‘drama queen’ lamb goes viral for pretending..."
[DROP] low_geopolitics (region=OTHER score=50) :: "Netanyahu: No Gaza rebuild before Hamas disarms, I..."
[DROP] low_geopolitics (region=OTHER score=50) :: "Bureaucratic confusion leaves DOD sites exposed to..."
[DROP] low_geopolitics (region=OTHER score=50) :: "Bureaucratic confusion leaves DOD sites exposed to..."
[DROP] low_geopolitics (region=OTHER score=50) :: "JIP struggles with perception and unity ahead of L..."
[DROP] low_geopolitics (region=OTHER score=50) :: "Mexicans will spend how much on tamales next Monda..."
[DROP] low_geopolitics (region=OTHER score=50) :: "“El futuro de nuestros hijos está en juego”: la tr..."
[DROP] low_geopolitics (region=OTHER score=50) :: "Venezuela’s Acting President says US unfreezing sa..."
[DROP] low_geopolitics (region=OTHER score=50) :: "IA y una revolución que no es tecnológica sino cre..."
[DROP] low_geopolitics (region=OTHER score=50) :: "Fotos | Así transcurre la noche en las inmediacion..."
[DROP] low_geopolitics (region=OTHER score=50) :: "Gonzalo Valle solicita la ‘suspensión condicional ..."
[DROP] low_geopolitics (region=OTHER score=50) :: "How Trump was forced to back off his harshest immi..."
[DROP] low_geopolitics (region=OTHER score=50) :: "El riesgo país de Ecuador baja con fuerza tras la ..."
[DROP] low_geopolitics (region=OTHER score=50) :: "Chef Doris Goldgewicht lanza fuerte mensaje previo..."
[DROP] low_geopolitics (region=OTHER score=50) :: "U.S. trade spat with South Korea driven by tech la..."
[DROP] low_geopolitics (region=OTHER score=50) :: "PANI solicita sumarse a proceso judicial para soli..."
[DROP] DUP_TOPIC :: "'We all know someone who was killed' -  Iran prote..."
[DROP] low_geopolitics (region=OTHER score=50) :: "Qué dice el informe de la DHS sobre cómo ocurrió l..."
[DROP] low_geopolitics (region=OTHER score=50) :: "Delcy Rodríguez dice que desbloquean activos venez..."
[DROP] low_geopolitics (region=OTHER score=50) :: "Humberto Zurita, Stephanie Salas, Chantal Andere y..."
[DROP] low_geopolitics (region=OTHER score=50) :: "Scandal tests Peru’s China ties as U.S. scrutiny i..."
[DROP] low_geopolitics (region=OTHER score=50) :: "Detienen al expresidente panameño José Gabriel Car..."
[DROP] low_geopolitics (region=OTHER score=50) :: "Millie the comeback cat is ready for her next chap..."
[DROP] low_geopolitics (region=OTHER score=50) :: "Republicans say Kristi Noem needs to go after late..."
[DROP] low_geopolitics (region=OTHER score=50) :: "¿Quiénes son los enmascarados del ICE? Los ejecuto..."
[DROP] low_geopolitics (region=OTHER score=50) :: "Diana Osorio, esposa de Daniel Quintero, podría re..."
[DROP] DUP_TOPIC :: "Au Venezuela, la présidente par intérim annonce le..."
[DROP] low_geopolitics (region=OTHER score=50) :: "Netanyahu says Israel focusing on disarming Hamas,..."
[DROP] low_geopolitics (region=OTHER score=50) :: "Tabla de posiciones del Clausura 2026: Cobán super..."
[DROP] low_geopolitics (region=OTHER score=50) :: "Acting President Invites Students to Join the Prog..."
[DROP] low_geopolitics (region=OTHER score=50) :: "Oficialismo denuncia a diputados de la UNE por sup..."
[DROP] low_geopolitics (region=OTHER score=50) :: "Congreso ajusta el control de fondos para los Cons..."
[DROP] low_geopolitics (region=OTHER score=50) :: "Who was Nick Mastrascusa? Father of 3 killed in Ba..."
[DROP] low_geopolitics (region=OTHER score=50) :: "Botox, Trulicity among 15 drugs on new Medicare ne..."
[DROP] low_geopolitics (region=OTHER score=50) :: "Trump responds after Kristi Noem faces growing cal..."
[DROP] low_geopolitics (region=OTHER score=50) :: "Detuvieron a "La Trader de los Buñuelos", socia de..."
[DROP] low_geopolitics (region=OTHER score=50) :: "Alex Pretti photos: Malkia Gross comparisons made ..."
[DROP] low_geopolitics (region=OTHER score=50) :: "Hongkongers urged to avoid India’s West Bengal ami..."
[DROP] low_geopolitics (region=OTHER score=50) :: "‘You can’t have guns’: Trump signals limits on the..."
[DROP] low_geopolitics (region=OTHER score=50) :: "Adam the Woo father breaks silence, confirms cause..."
[DROP] low_geopolitics (region=OTHER score=50) :: "Pays-Bas : un accord de coalition ouvre la voie à ..."
[DROP] low_geopolitics (region=OTHER score=50) :: "Estrenos de Netflix en febrero del 2026: “El aboga..."
[DROP] low_geopolitics (region=OTHER score=50) :: "Trump takes to Iowa to pitch midterms, economy..."
[DROP] low_geopolitics (region=OTHER score=50) :: "Denmark’s leader isn’t sure how long America will ..."
[DROP] low_geopolitics (region=OTHER score=50) :: "Marilyn Manson vuelve a tribunales tras reactivaci..."
[DROP] low_geopolitics (region=OTHER score=50) :: "US population growth slows sharply due to less imm..."
[DROP] low_geopolitics (region=OTHER score=50) :: "Trump seeks ‘honorable’ probe, signals de-escalati..."
[DROP] low_geopolitics (region=OTHER score=50) :: "Archer Daniels Midland pays $40mn to settle accoun..."
[DROP] low_geopolitics (region=OTHER score=50) :: "Trump: ‘A beautiful armada’ is sailing toward Iran..."
[DROP] low_geopolitics (region=OTHER score=50) :: "Atomic scientists set ‘Doomsday Clock’ closer to m..."
[DROP] low_geopolitics (region=OTHER score=50) :: "Zona franca de San Carlos alista llegada de más co..."
[DROP] low_geopolitics (region=OTHER score=50) :: "Guatemala y EE. UU. preparan firma de acuerdo para..."
[DROP] low_geopolitics (region=OTHER score=50) :: "Joint Putin-Trump photo from Alaska summit hung in..."
[DROP] low_geopolitics (region=OTHER score=50) :: "Utah mom who feared ‘end times’ arrested after tak..."
[DROP] low_geopolitics (region=OTHER score=50) :: "IRS funding could lapse Saturday. What does that m..."
[DROP] DUP_TOPIC :: "Trump says major US military force is approaching ..."
[DROP] low_geopolitics (region=OTHER score=50) :: "'My prosthetic leg represents my love for this cou..."
[DROP] low_geopolitics (region=OTHER score=50) :: "TSE abre investigación a hermanos financistas de L..."
[DROP] low_geopolitics (region=OTHER score=50) :: "US Air Force to hold exercises in CENTCOM zone of ..."
[DROP] low_geopolitics (region=OTHER score=50) :: "Trump warns U.S. will no longer help Iraq if al-Ma..."
[DROP] low_geopolitics (region=OTHER score=50) :: "US Marines flew on New England Patriots’ private j..."
[DROP] low_geopolitics (region=OTHER score=50) :: "US administration social media posts echo white su..."
[DROP] low_geopolitics (region=OTHER score=50) :: "EN DIRECT, guerre en Ukraine : l’attaque d’un trai..."
[DROP] low_geopolitics (region=OTHER score=50) :: "Florida Senate advances bill to name Palm Beach ai..."
[DROP] low_geopolitics (region=OTHER score=50) :: "Gobierno de EE. UU. notifica al Congreso el inicio..."
[DROP] low_geopolitics (region=OTHER score=50) :: "Not allies, not enemies: Britain’s ties with China..."
[DROP] low_geopolitics (region=OTHER score=50) :: "US formally exits Paris Agreement..."
[DROP] low_geopolitics (region=OTHER score=50) :: "Precio del huevo se recupera en Ecuador tras meses..."
[DROP] low_geopolitics (region=OTHER score=50) :: "Evidence repeatedly contradicts Trump immigration ..."
[DROP] low_geopolitics (region=OTHER score=50) :: "EU warns of over-reliance on U.S. gas after Russia..."
[DROP] DUP_TOPIC :: "Trump sobre Cuba: «Está a punto de caer, obtenía p..."
[DROP] low_geopolitics (region=OTHER score=50) :: "Las demandas y anhelos que marcarán el voto joven..."
[DROP] low_geopolitics (region=OTHER score=50) :: "El Banco Central volvió a comprar dólares y las re..."
[DROP] low_geopolitics (region=OTHER score=50) :: "Altas temperaturas y sequía encienden alarmas para..."
[DROP] low_geopolitics (region=OTHER score=50) :: "Detuvieron a un joven tras golpear la camioneta de..."
[DROP] low_geopolitics (region=OTHER score=50) :: "'Geopolitical momentum': Is EU-India deal a challe..."
[DROP] low_geopolitics (region=OTHER score=50) :: "UN experts condemn US move to strip migrant childr..."
[DROP] low_geopolitics (region=OTHER score=50) :: "Doomsday Clock ticks four second closer to midnigh..."
[DROP] low_geopolitics (region=OTHER score=50) :: "French former senator found guilty of drugging MP ..."
[DROP] low_geopolitics (region=OTHER score=50) :: "Seven out of 10 UK mothers feel overloaded, resear..."
[DROP] low_geopolitics (region=OTHER score=50) :: "Two-year-old pots two Guinness World Records with ..."
[DROP] low_geopolitics (region=OTHER score=50) :: "Coinbase adverts banned in UK for suggesting crypt..."
[DROP] low_geopolitics (region=OTHER score=50) :: "UK’s deadline for paying IHT on pensions poses ‘hu..."
[DROP] low_geopolitics (region=OTHER score=50) :: "Why Britain seeks to take its relationship with Ch..."
[DROP] low_geopolitics (region=OTHER score=50) :: "China crushes rumours of after-school tutoring com..."
[DROP] low_geopolitics (region=OTHER score=50) :: "The Japanese public welcomes a Chinese tourist dro..."
[DROP] low_geopolitics (region=OTHER score=50) :: "Pat McAfee posts hilarious meme on Bill Belichick'..."
[DROP] low_geopolitics (region=OTHER score=50) :: "Fed ready to hold steady..."
[DROP] low_geopolitics (region=OTHER score=50) :: "El rechazo al ICE llega a Italia: ¿por qué van age..."
[DROP] low_geopolitics (region=OTHER score=50) :: "Por qué volvió a llegar un avión de la Fuerza Aére..."
[DROP] low_geopolitics (region=OTHER score=50) :: "Acting President Reaffirms Path to Dialogue with t..."
[DROP] low_geopolitics (region=OTHER score=50) :: "Brutal crimen en Alausí, sentencian a 40 años al a..."
[DROP] low_geopolitics (region=OTHER score=50) :: "Netanyahu: If Saudis want deal, we expect them not..."
[DROP] low_geopolitics (region=OTHER score=50) :: "TikTok settles landmark social media addiction law..."
[DROP] low_geopolitics (region=OTHER score=50) :: "Marvin Solano continúa destrozando mitos en El Sal..."
[DROP] low_geopolitics (region=OTHER score=50) :: "Pilar Cisneros justifica incorporación de Leslye B..."
[DROP] low_geopolitics (region=OTHER score=50) :: "Director de Silent Hill afirma que recibió amenaza..."
[DROP] low_geopolitics (region=OTHER score=50) :: "Enrique Tarrio GiveSendGo: Former Proud Boys leade..."
[DROP] low_geopolitics (region=OTHER score=50) :: "Proyecto de ley para reducir listas de espera en l..."
[DROP] low_geopolitics (region=OTHER score=50) :: "Israelis stop hostage clock after last remains com..."
[DROP] low_geopolitics (region=OTHER score=50) :: "Hombre buscaba un martillo perdido en su patio y e..."
[DROP] low_geopolitics (region=OTHER score=50) :: "Cartaginés inscribió a estos futbolistas para la C..."
[DROP] low_geopolitics (region=OTHER score=50) :: "Après le retour du corps du dernier otage à Gaza, ..."
[DROP] low_geopolitics (region=OTHER score=50) :: "In Iowa, Trump backs year-round sales of high-etha..."
[DROP] low_geopolitics (region=OTHER score=50) :: "Netherlands set for minority coalition as parties ..."
[DROP] low_geopolitics (region=OTHER score=50) :: "New York man who beat 4 to death in Chinatown ramp..."
[DROP] low_geopolitics (region=OTHER score=50) :: "Femminicidio di Federica Torzullo, i carabinieri e..."
[DROP] low_geopolitics (region=OTHER score=50) :: "Colombia acusa falta de voluntad de Ecuador para s..."
[DROP] low_geopolitics (region=OTHER score=50) :: "La CIA toma protagonismo en Venezuela tras la caíd..."
[DROP] low_geopolitics (region=OTHER score=50) :: "TikTok settles ahead of social media trial..."
[DROP] low_geopolitics (region=OTHER score=50) :: "Murió legendario presentador de Univision, quien m..."
[DROP] low_geopolitics (region=OTHER score=50) :: "Quiénes deben evitar el consumo de ajo y por qué n..."
[DROP] low_geopolitics (region=OTHER score=50) :: "Ben & Jerry's co-founder: 'ICE must be defunded an..."
[DROP] low_geopolitics (region=OTHER score=50) :: "Reserva Federal celebra primera reunión de 2026 ma..."
[DROP] low_geopolitics (region=OTHER score=50) :: "Microsoft Pledged to Save Water. In the A.I. Era, ..."
[DROP] low_geopolitics (region=OTHER score=50) :: "¿Está en Bolivia o en otra nación? El paradero de ..."
[DROP] low_geopolitics (region=OTHER score=50) :: "Nigeria rescues 11 kidnap victims in late-night op..."
[DROP] low_geopolitics (region=OTHER score=50) :: "Tillis says Noem should be 'out of a job' over Min..."
[DROP] low_geopolitics (region=OTHER score=50) :: "Famoso actor de Hollywood, demandado por acoso sex..."
[DROP] low_geopolitics (region=OTHER score=50) :: "Qué dicen y qué no dicen las encuestas electorales..."
[DROP] low_geopolitics (region=OTHER score=50) :: "Cancillería de Ecuador se pronunció por intento de..."
[DROP] low_geopolitics (region=OTHER score=50) :: "Caminata del granjero: el ejercicio simple que gan..."
[DROP] low_geopolitics (region=OTHER score=50) :: "Watch: Why Trump is hitting the road to rally Amer..."
[DROP] low_geopolitics (region=OTHER score=50) :: "Senado realizó debate de control político a la eme..."
[DROP] low_geopolitics (region=OTHER score=50) :: "Este bus recorrerá Moravia para apoyar el regreso ..."
[DROP] low_geopolitics (region=OTHER score=50) :: "Elecciones presidenciales en Portugal: Ventura se ..."
[DROP] low_geopolitics (region=OTHER score=50) :: "Did Ohio AG candidate say he would ‘kill Trump’? H..."
[DROP] low_geopolitics (region=OTHER score=50) :: "Dubái tendrá el primer barrio residencial de ultra..."
[DROP] low_geopolitics (region=OTHER score=50) :: "Euro rompe la barrera de los $1,20 por primera vez..."
[DROP] low_geopolitics (region=OTHER score=50) :: "Clima y esperanza: el pronóstico que podría frenar..."
[DROP] low_geopolitics (region=OTHER score=50) :: "Figura internacional del fútbol de Costa Rica anun..."
[DROP] low_geopolitics (region=OTHER score=50) :: "Netflix presenta The Rip: el golpe millonario que ..."
[DROP] low_geopolitics (region=OTHER score=50) :: "Óscar Ramírez tomó esta decisión con Malcon Pilone..."
[DROP] low_geopolitics (region=OTHER score=50) :: "A string of scandals and luxury handbags: Who is S..."
[DROP] low_geopolitics (region=OTHER score=50) :: "Florida business owner found guilty of murdering 2..."
[DROP] low_geopolitics (region=OTHER score=50) :: "Mexico’s 2025 exports hit record high, creating fi..."
[DROP] low_geopolitics (region=OTHER score=50) :: "Petro dice que Estados Unidos debe devolver a Madu..."
[DROP] low_geopolitics (region=OTHER score=50) :: "Concacaf revela a quiénes inscribió Alajuelense en..."
[DROP] low_geopolitics (region=OTHER score=50) :: "Man sues Minecraft and Fortnite saying they fueled..."
[DROP] low_geopolitics (region=OTHER score=50) :: "Temblor de magnitud 3,7 se registró la tarde de es..."
[DROP] low_geopolitics (region=OTHER score=50) :: "Netanyahu: Israeli soldiers lost their lives in Ga..."
[DROP] low_geopolitics (region=OTHER score=50) :: "Estos son los temas y candidatos que han protagoni..."
[DROP] low_geopolitics (region=OTHER score=50) :: "The Nuclearized World w/ Sean J Patrick Carney..."
[DROP] low_geopolitics (region=OTHER score=50) :: "Industrial que votó a Milei: "Queremos competir, p..."
[DROP] low_geopolitics (region=OTHER score=50) :: "Fiebre por BTS en México: Sheinbaum interviene y s..."
[DROP] low_geopolitics (region=OTHER score=50) :: "Two Russians detained in US, face repatriation — R..."
[DROP] low_geopolitics (region=OTHER score=50) :: "Delcy Rodríguez Inaugurates Nephrology Service as ..."
[DROP] low_geopolitics (region=OTHER score=50) :: "Ley penal juvenil: Berni propuso "un test psiquiát..."
[DROP] low_geopolitics (region=OTHER score=50) :: "¿Por qué recomiendan mezclar cáscaras de zanahoria..."
[DROP] low_geopolitics (region=OTHER score=50) :: "TESTING JUGGLING ACT: Bok's Rassie: ‘If we’re not ..."
[DROP] low_geopolitics (region=OTHER score=50) :: "Netanyahu vows to disarm Hamas, demilitarise Gaza ..."
[DROP] low_geopolitics (region=OTHER score=50) :: "Arquero de Pérez Zeledón, Bryan Segura, estalla co..."
[DROP] low_geopolitics (region=OTHER score=50) :: "Baja California Sur bumps up its tourist tax to fu..."
[DROP] low_geopolitics (region=OTHER score=50) :: "New Military Purge Rocks the CCP..."
[DROP] low_geopolitics (region=OTHER score=50) :: "Hombre irá a la cárcel por violar a compañera de d..."
[DROP] low_geopolitics (region=OTHER score=50) :: "Trump says he will ‘de-escalate’ in Minneapolis af..."
[DROP] low_geopolitics (region=OTHER score=50) :: "Menor de edad vendía drogas a metros de una escuel..."
[DROP] low_geopolitics (region=OTHER score=50) :: "Nicaragua condena a excomandante sandinista Bayard..."
[DROP] low_geopolitics (region=OTHER score=50) :: "Trump asegura que no le preocupa la caída del dóla..."
[DROP] low_geopolitics (region=OTHER score=50) :: "Juez frena deportación de niño ecuatoriano de 5 añ..."
[DROP] low_geopolitics (region=OTHER score=50) :: "Major incident declared in Somerset after Storm Ch..."
[DROP] low_geopolitics (region=OTHER score=50) :: "Fiscalía recibe otra denuncia por violación en per..."
[DROP] low_geopolitics (region=OTHER score=50) :: "Incendio consume reconocido restaurante frente a l..."
[DROP] low_geopolitics (region=OTHER score=50) :: "¿Siente ‘mariposas’ en el pecho al entrenar? Cuida..."
[DROP] low_geopolitics (region=OTHER score=50) :: "Trump says US will end support for Iraq if al-Mali..."
[DROP] low_geopolitics (region=OTHER score=50) :: "Cómo vaciar la papelera de WhatsApp y liberar espa..."
[DROP] low_geopolitics (region=OTHER score=50) :: "Celulares con Android se blindan contra robos con ..."
[DROP] low_geopolitics (region=OTHER score=50) :: "Mediaset reagisce al metodo Corona: 'Monetizza l'i..."
[DROP] DUP_TOPIC :: "Las bajas militares en la guerra de Ucrania se ace..."
[DROP] low_geopolitics (region=OTHER score=50) :: "¿Por qué tantos pacientes con hipertensión no se m..."
[DROP] low_geopolitics (region=OTHER score=50) :: "Mientras quede una chispa en la ceniza..."
[DROP] low_geopolitics (region=OTHER score=50) :: "Nearly 2 million military casualties from Ukraine ..."
[DROP] low_geopolitics (region=OTHER score=50) :: "Carnaval 2026: cuándo es el primer fin de semana l..."
[DROP] low_geopolitics (region=OTHER score=50) :: "Alex Pretti shooting: ICE agent issues chilling wa..."
[DROP] low_geopolitics (region=OTHER score=50) :: "GUEST ESSAY: A field of dreams — and the quiet mak..."
[DROP] low_geopolitics (region=OTHER score=50) :: "Cobán Imperial mantiene el paso perfecto en el Cla..."
[DROP] low_geopolitics (region=OTHER score=50) :: "Joe Biden finally comments on Minnesota ICE shooti..."
[DROP] low_geopolitics (region=OTHER score=50) :: "Atribuyen accidente  de Interoce�nico  a exceso de..."
[DROP] low_geopolitics (region=OTHER score=50) :: "Temperaturas bajarán este miércoles por empuje frí..."
[DROP] low_geopolitics (region=OTHER score=50) :: "Mexico vows ‘solidarity’ with Cuba after oil shipm..."
[DROP] low_geopolitics (region=OTHER score=50) :: "Italy clarifies ICE’s role during Winter Olympics ..."
[DROP] low_geopolitics (region=OTHER score=50) :: "Sin red y a 508 metros del suelo: la escalada extr..."
[DROP] low_geopolitics (region=OTHER score=50) :: "La intendenta de Moreno se anota como candidata a ..."
[DROP] low_geopolitics (region=OTHER score=50) :: "Trump says will ‘de-escalate a little bit’ in Minn..."
[DROP] low_geopolitics (region=OTHER score=50) :: "‘Very low bar’: analysts say Starmer faces slim pi..."
[DROP] low_geopolitics (region=OTHER score=50) :: "Starmer vows to remain ‘clear-eyed’ over national ..."
[DROP] low_geopolitics (region=OTHER score=50) :: "UK veterinary sector reforms planned to tackle hig..."
[DROP] low_geopolitics (region=OTHER score=50) :: "More signs about climate change and Native America..."
[DROP] low_geopolitics (region=OTHER score=50) :: "Departamento de Estado comunica al Congreso posibl..."
[DROP] low_geopolitics (region=OTHER score=50) :: "UK energy company urges Starmer to ‘embrace’ Chine..."
[DROP] low_geopolitics (region=OTHER score=50) :: "Brazil: Flaws Revealed in Forensic Investigations ..."
[DROP] low_geopolitics (region=OTHER score=50) :: "Top Hungarian diplomat confirms that Budapest will..."
[DROP] low_geopolitics (region=OTHER score=50) :: "Rare sightings of jaguar cubs and a black bear on ..."
[DROP] low_geopolitics (region=OTHER score=50) :: "Trump backs Noem as pressure mounts over deadly de..."
[DROP] low_geopolitics (region=OTHER score=50) :: "The Isolation of Nicaragua..."
[DROP] low_geopolitics (region=OTHER score=50) :: "Marta Esquivel, candidata a diputada del PPSO, sal..."
[DROP] low_geopolitics (region=OTHER score=50) :: "¿Qué hay detrás de la salida del embajador español..."
[DROP] low_geopolitics (region=OTHER score=50) :: "Operativos a motociclistas dejan más de 400 motos ..."
[DROP] low_geopolitics (region=OTHER score=50) :: "Texas Governor Greg Abbott halts new H-1B visa pet..."
[DROP] low_geopolitics (region=OTHER score=50) :: "While You Were Sleeping: 5 stories you might have ..."
[DROP] low_geopolitics (region=OTHER score=50) :: "UNESCO warns of alarming rise in antisemitism and ..."
[DROP] low_geopolitics (region=OTHER score=50) :: "FutBotMX 2026: Mexico’s science ministry launches ..."
[DROP] low_geopolitics (region=OTHER score=50) :: "Lots of world leaders are attacking Europe. Why?..."
[DROP] low_geopolitics (region=OTHER score=50) :: "Estados Unidos deporta a expresidente del congreso..."
[DROP] low_geopolitics (region=OTHER score=50) :: "Trump administration sued over 2 deaths in boat st..."
[DROP] low_geopolitics (region=OTHER score=50) :: "Rwanda sues UK over scrapped asylum seeker deal..."
[DROP] low_geopolitics (region=OTHER score=50) :: "Dutch parties agree on rare minority government..."
[DROP] low_geopolitics (region=OTHER score=50) :: "Argentina’s Milei clashes with billionaire CEO ove..."
[DROP] low_geopolitics (region=OTHER score=50) :: "Explainer: What do US Democrats and Republicans wa..."
[DROP] low_geopolitics (region=OTHER score=50) :: "El París Basketball frena la racha del Real Madrid..."
[DROP] DUP_TOPIC :: "Ucrania: nuevo ataque ruso deja al menos seis muer..."
[DROP] low_geopolitics (region=OTHER score=50) :: "CITY RAID: Joburg Development Agency boss reported..."
[DROP] low_geopolitics (region=OTHER score=50) :: "Texas H-1B visa freeze: Will private firms be affe..."
[DROP] low_geopolitics (region=OTHER score=50) :: "Apenas entre el 10% y el 20% del padrón electoral ..."
[DROP] low_geopolitics (region=OTHER score=50) :: "Directo a...Tegucigalpa y la juramentación de Nasr..."
[DROP] low_geopolitics (region=OTHER score=50) :: "Fernanda Bonilla y Luis Marroquín enfrentarán juic..."
[DROP] low_geopolitics (region=OTHER score=50) :: "Russian drone strike on Ukrainian passenger train ..."
[DROP] low_geopolitics (region=OTHER score=50) :: "‘Como agua para chocolate’ y otros estrenos de HBO..."
[DROP] low_geopolitics (region=OTHER score=50) :: "Año Nuevo Chino 2026: ¿qué animal representa el nu..."
[DROP] low_geopolitics (region=OTHER score=50) :: "Asume Lucero Ibarra direcci�n del CIDE..."
[DROP] low_geopolitics (region=OTHER score=50) :: "Saudi Arabia asks wealthy families to invest domes..."
[DROP] DUP_TOPIC :: "Trump afirma que "Cuba va a colapsar muy pronto" -..."
[DROP] low_geopolitics (region=OTHER score=50) :: "Petro exige a Trump que devuelva a Maduro para que..."
[DROP] low_geopolitics (region=OTHER score=50) :: "Japanese have 'greater awareness of security issue..."
[DROP] low_geopolitics (region=OTHER score=50) :: "Texas Monthly’s taco editor says he is ‘shaken and..."
[DROP] DUP_TOPIC :: "Saudi won't allow airspace to be used for military..."
[DROP] low_geopolitics (region=OTHER score=50) :: "Two people arrested after a mom died while sleddin..."
[DROP] low_geopolitics (region=OTHER score=50) :: "Italian officials voice outrage at the presence of..."
[DROP] low_geopolitics (region=OTHER score=50) :: "Imágenes falsas del Holocausto generadas con IA al..."
[DROP] low_geopolitics (region=OTHER score=50) :: "MADLANGA COMMISSION: KZN Hawks boss details ‘Cat’ ..."
[DROP] low_geopolitics (region=OTHER score=50) :: "US to end support to Iraq is al-Maliki becomes pre..."
[DROP] low_geopolitics (region=OTHER score=50) :: "India, EU Clinch Long-Delayed Trade Deal Amid Trum..."
[DROP] low_geopolitics (region=OTHER score=50) :: "Menos del 1% de los solicitantes podrán asistir al..."
[DROP] low_geopolitics (region=OTHER score=50) :: "Former French Senator Convicted of Drugging a Coll..."
[DROP] low_geopolitics (region=OTHER score=50) :: "Iran warns against 'instability' after U.S. strike..."
[DROP] low_geopolitics (region=OTHER score=50) :: "Former French senator found guilty of drugging MP..."
[DROP] low_geopolitics (region=OTHER score=50) :: "Live by the Sea: Luxury Living Starting from 2.75M..."
[DROP] low_geopolitics (region=OTHER score=50) :: "Quién es Kristi Noem, la mujer que lidera la ofens..."
[DROP] low_geopolitics (region=OTHER score=50) :: "Trump slammed for 'can't have guns' remark in Alex..."
[DROP] low_geopolitics (region=OTHER score=50) :: "Melissa Mora no se guardó nada y contó por quién v..."
[DROP] low_geopolitics (region=OTHER score=50) :: "EU signs 'mother of all deals' to boost trade with..."
[DROP] low_geopolitics (region=OTHER score=50) :: "In the age of Trump, are ‘safe-haven’ US assets no..."
[DROP] DUP_URL :: "Herediano lanza emotivo video para invitar a votar..."
[DROP] low_geopolitics (region=OTHER score=50) :: "Trump no anunció salario mínimo en Venezuela de 2...."
[DROP] DUP_TOPIC :: "Trump asegura que Cuba “está a punto de caer” porq..."
[DROP] low_geopolitics (region=OTHER score=50) :: "Benfica’s Jose to kill Real with love, says Madrid..."
[DROP] low_geopolitics (region=OTHER score=50) :: "Boeing reports $565M loss on KC-46 as firm looks f..."
[DROP] low_geopolitics (region=OTHER score=50) :: "Córdoba vuelve a ser capital del rugby: Los Pumas ..."
[DROP] low_geopolitics (region=OTHER score=50) :: "Nicaraguan court finds long-time Ortega adviser gu..."
[DROP] low_geopolitics (region=OTHER score=50) :: "Sensitive agricultural products excluded from EU -..."
[DROP] low_geopolitics (region=OTHER score=50) :: "FirstFT: EU and India clinch trade deal to slash €..."
[DROP] low_geopolitics (region=OTHER score=50) :: "French ex-senator found guilty of spiking MP's dri..."
[DROP] low_geopolitics (region=OTHER score=50) :: "Analiza CSP con Banxico y banqueros perspectivas e..."
[DROP] low_geopolitics (region=OTHER score=50) :: "The Trader Joe's tote bag goes global..."
[DROP] low_geopolitics (region=OTHER score=50) :: "Families of Kenyans lured into Russia-Ukraine war ..."
[DROP] low_geopolitics (region=OTHER score=50) :: "COPS IN THE DOCK: Bail denial for AGU members on m..."
[DROP] low_geopolitics (region=OTHER score=50) :: "Kelly Olmos lanzó un proyecto de Reforma Laboral a..."
[DROP] low_geopolitics (region=OTHER score=50) :: "$40m rights, $35m marketing: Melania Trump documen..."
[DROP] low_geopolitics (region=OTHER score=50) :: "America’s burning town is quietly coming back to l..."
[DROP] low_geopolitics (region=OTHER score=50) :: "Man acquitted in murder-for-hire plot against Bovi..."
[DROP] low_geopolitics (region=OTHER score=50) :: "EE. UU. | ICE detiene a un venezolano en Georgia: ..."
[DROP] low_geopolitics (region=OTHER score=50) :: "Más ola de calor y menos lluvias: el escenario cli..."
[DROP] low_geopolitics (region=OTHER score=50) :: "FBI’s Kash Patel falsely claims Americans ‘cannot ..."
[DROP] low_geopolitics (region=OTHER score=50) :: "Zelensky condemns deadly Russian drone strike on p..."
[DROP] low_geopolitics (region=OTHER score=50) :: "Reuters: Estados Unidos prepara licencia para leva..."
[DROP] low_geopolitics (region=OTHER score=50) :: "Activists fear U.S. visa restrictions for Palestin..."
[DROP] low_geopolitics (region=OTHER score=50) :: "World Cup 2026: Former Fifa president urges footba..."
[DROP] DUP_TOPIC :: "Donald Trump asegura que Cuba ‘está a punto de cae..."
[DROP] low_geopolitics (region=OTHER score=50) :: "UPS to cut up to 30,000 jobs and close facilities ..."
[DROP] low_geopolitics (region=OTHER score=50) :: "POWER OUTRAGE: Nelson Mandela Bay metro warned abo..."
[DROP] low_geopolitics (region=OTHER score=50) :: "Do you qualify for a payout from Apple after Siri ..."
[DROP] low_geopolitics (region=OTHER score=50) :: "Trump annuncia una piccola de-escalation e salva N..."
[DROP] DUP_TOPIC :: "Trump says ‘Cuba will be failing pretty soon’..."
[DROP] low_geopolitics (region=OTHER score=50) :: "Agentes del ICE intentaron ingresar al Consulado d..."
[DROP] low_geopolitics (region=OTHER score=50) :: "Ex-FIFA president Sepp Blatter joins those calling..."
[DROP] low_geopolitics (region=OTHER score=50) :: "Cinco colores de uñas que rejuvenecen las manos..."
[DROP] low_geopolitics (region=OTHER score=50) :: ""Sos un gordo trolo": conductor de Uber agredió a ..."
[DROP] low_geopolitics (region=OTHER score=50) :: "¿Los huevos se deben guardar en la nevera o a temp..."
[DROP] low_geopolitics (region=OTHER score=50) :: "GNARLY BLOW: How Gayton McKenzie's Department of S..."
[DROP] low_geopolitics (region=OTHER score=50) :: "Minnesota man admits killing and dismembering preg..."
[DROP] low_geopolitics (region=OTHER score=50) :: "‘We are just not stopping’: How Minnesotans turned..."
[DROP] DUP_URL :: "Cuba busca extender la cultura financiera en medio..."
[DROP] low_geopolitics (region=OTHER score=50) :: "Alianza Democrática en AN pide libertad para todos..."
[DROP] low_geopolitics (region=OTHER score=50) :: "Family speaks out after Minnesota woman dies on fl..."
[DROP] low_geopolitics (region=OTHER score=50) :: "Jeremy Sarmiento rompe los préstamos y es el prime..."
[DROP] low_geopolitics (region=OTHER score=50) :: "Presión tributaria récord: las pymes enfrentan has..."
[DROP] low_geopolitics (region=OTHER score=50) :: "Córdoba obtuvo financiamiento externo para mejorar..."
[DROP] low_geopolitics (region=OTHER score=50) :: "Trump pide ahora una “investigación honrada” sobre..."
[DROP] DUP_TOPIC :: "How Iran Crushed an Uprising..."
[DROP] DUP_TOPIC :: "Is Cuba Next?..."
[DROP] low_geopolitics (region=OTHER score=50) :: "STEADY SOVEREIGNTY : Despite challenges, the Afric..."
[DROP] low_geopolitics (region=OTHER score=50) :: "Primera petición de indulto para el ex fiscal gene..."
[DROP] low_geopolitics (region=OTHER score=50) :: "El riesgo país perforó los 500 puntos por primera ..."
[DROP] low_geopolitics (region=OTHER score=50) :: "French government survives no-confidence votes on ..."
[DROP] low_geopolitics (region=OTHER score=50) :: "Ecuador gana proyección turística y económica con ..."
[DROP] low_geopolitics (region=OTHER score=50) :: "Former US soldiers turned Palestine advocates make..."
[DROP] low_geopolitics (region=OTHER score=50) :: "Landslide leaves Sicilian town teetering on cliff ..."
[DROP] DUP_TOPIC :: "Cuban President Reaffirms Commitment to Strengthen..."
[DROP] low_geopolitics (region=OTHER score=50) :: "Who is Micayla Pretti? Alex Pretti's sister speaks..."
[DROP] low_geopolitics (region=OTHER score=50) :: "Fought without a single bullet: Official warns of ..."
[DROP] DUP_TOPIC :: "Cuba caer� muy pronto.- Trump..."
[DROP] low_geopolitics (region=OTHER score=50) :: "Ciberataques: “El 60% de las empresas atacadas cie..."
[DROP] low_geopolitics (region=OTHER score=50) :: "Muere una mujer en Torremolinos al caerle encima u..."
[DROP] low_geopolitics (region=OTHER score=50) :: "Alex Pretti had a confrontation with ICE officers ..."
[DROP] low_geopolitics (region=OTHER score=50) :: "844 días después, Israel frena el reloj de los reh..."
[DROP] low_geopolitics (region=OTHER score=50) :: "Bari Weiss tells CBS News staff to love it or leav..."
[DROP] low_geopolitics (region=OTHER score=50) :: "¿En qué consiste el permiso que regularizará a 500..."
[DROP] low_geopolitics (region=OTHER score=50) :: "Arno Klarsfeld visé par une procédure disciplinair..."
[DROP] DUP_URL :: "Petro exige "devolver" a Maduro a Venezuela, pero ..."
[DROP] low_geopolitics (region=OTHER score=50) :: "Los detalles del video que muestra el intento de a..."
[DROP] low_geopolitics (region=OTHER score=50) :: "Trump signs order to take over Los Angeles wildfir..."
[DROP] low_geopolitics (region=OTHER score=50) :: "Buenos Aires de espaldas al río: las trabas para a..."
[DROP] low_geopolitics (region=OTHER score=50) :: "US base commanders to have more say in defeating d..."
[DROP] low_geopolitics (region=OTHER score=50) :: "US base commanders to have more say in defeating d..."
[DROP] low_geopolitics (region=OTHER score=50) :: "¿Qué está pasando con BTS en México? El regreso de..."
[DROP] low_geopolitics (region=OTHER score=50) :: "Who is Tom Homan, Trump's 'border tsar' deployed t..."
[DROP] low_geopolitics (region=OTHER score=50) :: "Ten people die in NYC's frigid cold, raising quest..."
[DROP] low_geopolitics (region=OTHER score=50) :: "INS reporta aumento de amputaciones en 2025: ocho ..."
[DROP] low_geopolitics (region=OTHER score=50) :: "New details about moments leading up to mid-air co..."
[DROP] low_geopolitics (region=OTHER score=50) :: "Gerardo Fernández: “Construir cuesta tres veces má..."
[DROP] low_geopolitics (region=OTHER score=50) :: "US health insurer stocks plummet on Trump Medicare..."
[DROP] low_geopolitics (region=OTHER score=50) :: "¿Por qué recomiendan consumir gelatina sin sabor e..."
[DROP] low_geopolitics (region=OTHER score=50) :: "FINANCIAL RELIEF: Nelson Mandela Bay municipality ..."
[DROP] low_geopolitics (region=OTHER score=50) :: "L'Ice collaborerà con gli agenti italiani, ma non ..."
[DROP] low_geopolitics (region=OTHER score=50) :: "Rechazo en Italia a la presencia del ICE en inaugu..."
[DROP] low_geopolitics (region=OTHER score=50) :: "TonyPitony verso Sanremo, nella serata cover con D..."
[DROP] low_geopolitics (region=OTHER score=50) :: "Los derechos se ganan, se dan y no se quitan..."
[DROP] low_geopolitics (region=OTHER score=50) :: "World Bank approves $200m to help Lebanon's vulner..."
[DROP] low_geopolitics (region=OTHER score=50) :: "Trump says US won't help Iraq if it picks Maliki a..."
[DROP] low_geopolitics (region=OTHER score=50) :: "Democrats push for Kristi Noem’s impeachment if Tr..."
[DROP] low_geopolitics (region=OTHER score=50) :: "El Gobierno provincial invierten más de $67 mil mi..."
[DROP] low_geopolitics (region=OTHER score=50) :: "Federal judge stops deportation of 5-year-old boy ..."
[DROP] low_geopolitics (region=OTHER score=50) :: "Camión de basura se lleva sofá que una mujer dejó ..."
[DROP] low_geopolitics (region=OTHER score=50) :: "Streamer Dr Disrespect sparks social media controv..."
[DROP] low_geopolitics (region=OTHER score=50) :: "Del papel al clic: cómo la digitalización redefine..."
[DROP] low_geopolitics (region=OTHER score=50) :: "La Unión Europea e India firman acuerdo histórico ..."
[DROP] low_geopolitics (region=OTHER score=50) :: "Family of ‘perfectly healthy’ asylum-seeker who di..."
[DROP] low_geopolitics (region=OTHER score=50) :: "Japanese American soldiers once branded ‘enemy ali..."
[DROP] low_geopolitics (region=OTHER score=50) :: "Petro pide a Trump devolver a Maduro para que sea ..."
[DROP] low_geopolitics (region=OTHER score=50) :: "Cómo medir los microplásticos en el cuerpo humano:..."
[DROP] low_geopolitics (region=OTHER score=50) :: "UPS retiring entire fleet of cargo plane model inv..."
[DROP] low_geopolitics (region=OTHER score=50) :: "Mattarella tre giorni a Milano per i Giochi invern..."
[DROP] DUP_TOPIC :: "Iran-aligned militias threaten retaliatory strikes..."
[DROP] low_geopolitics (region=OTHER score=50) :: "La jueza del ‘caso FP’ estrecha el cerco sobre el ..."
[DROP] low_geopolitics (region=OTHER score=50) :: "Spain Offers Undocumented Migrants a Legal Way to ..."
[DROP] low_geopolitics (region=OTHER score=50) :: "Policía libera a dos víctimas de secuestro y abate..."
[DROP] low_geopolitics (region=OTHER score=50) :: "El exolímpico Ryan Wedding se declara inocente de ..."
[DROP] low_geopolitics (region=OTHER score=50) :: "TikTok settles social media addiction lawsuit ahea..."
[DROP] low_geopolitics (region=OTHER score=50) :: "Dongfeng fortalece su presencia en Ecuador con la ..."
[DROP] low_geopolitics (region=OTHER score=50) :: "Ley Penal Juvenil: a ciegas, el Gobierno le da la ..."
[DROP] low_geopolitics (region=OTHER score=50) :: "Miembros de los Tony’s Boys mataron a hombre por u..."
[DROP] low_geopolitics (region=OTHER score=50) :: "Las impresionantes imágenes del pueblo italiano qu..."
[DROP] low_geopolitics (region=OTHER score=50) :: "Guerra en Gaza: ¿cómo funcionará la reapertura lim..."
[DROP] low_geopolitics (region=OTHER score=50) :: "Cambios en el Código Aduanero: qué cambia para imp..."
[DROP] low_geopolitics (region=OTHER score=50) :: "Zelensky, flanked by Ukrainian rabbis, marks Holoc..."
[DROP] low_geopolitics (region=OTHER score=50) :: "Trump’s use of AI images sparks alarm and misinfor..."
[DROP] low_geopolitics (region=OTHER score=50) :: "Frenchman deceived by employer after visa expiry s..."
[DROP] low_geopolitics (region=OTHER score=50) :: "Erdogan, Trump discuss Syria, Gaza Board of Peace..."
[DROP] low_geopolitics (region=OTHER score=50) :: "Kurds agree to deployment of Syrian security force..."
[DROP] low_geopolitics (region=OTHER score=50) :: "Aldo Abram: “El riesgo país es como un termómetro,..."
[DROP] low_geopolitics (region=OTHER score=50) :: "EE. UU., seguridad y economía: las promesas de Nas..."
[DROP] low_geopolitics (region=OTHER score=50) :: "La radical decisión que tomó Choché Romano y que a..."
[DROP] low_geopolitics (region=OTHER score=50) :: "Nasry Asfura, apoyado por Trump, asume el cargo co..."
[DROP] low_geopolitics (region=OTHER score=50) :: "Trump Vows Higher Tariffs for South Korea Months A..."
[DROP] low_geopolitics (region=OTHER score=50) :: "Laboratorio de Paz alerta a la ONU sobre posible m..."
[DROP] low_geopolitics (region=OTHER score=50) :: "Accidente en Santa María Cauqué provoca caos vehic..."
[DROP] low_geopolitics (region=OTHER score=50) :: "US ANALYSIS: With midterms looming, Trump softens ..."
[DROP] low_geopolitics (region=OTHER score=50) :: "Patricio De la Barra: “Desde 2023 las penas por ra..."
[DROP] low_geopolitics (region=OTHER score=50) :: "ICE on US streets challenges American norms, found..."
[DROP] low_geopolitics (region=OTHER score=50) :: "Up to 80% of all draft evaders are ultra-Orthodox,..."
[DROP] low_geopolitics (region=OTHER score=50) :: "US-China cooperation backed by most Americans, new..."
[DROP] low_geopolitics (region=OTHER score=50) :: "Cidh amplía medidas de protección en favor de las ..."
[DROP] DUP_TOPIC :: "El Reloj del Juicio Final queda a 85 segundos del ..."
[DROP] low_geopolitics (region=OTHER score=50) :: "Some 710,000 users remain without electricity in K..."
[DROP] low_geopolitics (region=OTHER score=50) :: "Valid visa but sent back from Abu Dhabi preclearan..."
[DROP] low_geopolitics (region=OTHER score=50) :: "La firma cordobesa Winclap se expande en Estados U..."
[DROP] low_geopolitics (region=OTHER score=50) :: "Winter storm kills dozens as cold lingers in centr..."
[DROP] low_geopolitics (region=OTHER score=50) :: "CD&R targets $6bn Indicor exit in drive to return ..."
[DROP] low_geopolitics (region=OTHER score=50) :: "Los derechos ciudadanos no se toman vacaciones..."
[DROP] low_geopolitics (region=OTHER score=50) :: "New video shows run up to killing of Alex Pretti a..."
[DROP] low_geopolitics (region=OTHER score=50) :: "Cierran precios del gas en EU con alza de 2.3%..."
[DROP] low_geopolitics (region=OTHER score=50) :: "Kyle Rittenhouse responds to Alex Pretti compariso..."
[DROP] low_geopolitics (region=OTHER score=50) :: "Exclusive: Blair meeting with Gaza committee stres..."
[DROP] low_geopolitics (region=OTHER score=50) :: "Viral Alex Pretti 'crossdresser' claim sparks back..."
[DROP] low_geopolitics (region=OTHER score=50) :: "Petro exige a EE. UU. "devolver" a Maduro a Venezu..."
[DROP] low_geopolitics (region=OTHER score=50) :: "Leonel Búccolo: “Si el riesgo país baja a 400 punt..."
[DROP] low_geopolitics (region=OTHER score=50) :: "Delsa Solórzano sale de la clandestinidad y ratifi..."
[DROP] low_geopolitics (region=OTHER score=50) :: "Trump’s DOJ accused of ‘extorting’ Minnesota for v..."
[DROP] low_geopolitics (region=OTHER score=50) :: "Families of two men killed in Caribbean boat strik..."
[DROP] low_geopolitics (region=OTHER score=50) :: "'Voter rolls could be used to intimidate', profess..."
[DROP] low_geopolitics (region=OTHER score=50) :: "Israel’s Foreign Minister Sa'ar visits Baku amid r..."
[DROP] low_geopolitics (region=OTHER score=50) :: "El mapa invisible que sostiene al Universo y ahora..."
[DROP] low_geopolitics (region=OTHER score=50) :: "US judge orders ICE chief to appear in court or ri..."
[DROP] low_geopolitics (region=OTHER score=50) :: "“Peaky Blinders: el hombre inmortal” llega a los c..."
[DROP] low_geopolitics (region=OTHER score=50) :: "Will Palestinians ever find their loved ones in Ga..."
[DROP] low_geopolitics (region=OTHER score=50) :: "Who is Varun Chandra? Meet UK's Indian-origin spec..."
[DROP] low_geopolitics (region=OTHER score=50) :: "Trump to receive unlimited powers to govern Gaza w..."
[DROP] low_geopolitics (region=OTHER score=50) :: "Former Virginia Gov. Youngkin pardoned ex-police s..."
[DROP] low_geopolitics (region=OTHER score=50) :: "Un exagente de la dictadura de Pinochet, entre los..."
[DROP] low_geopolitics (region=OTHER score=50) :: "YouTuber iShowSpeed completes Africa tour, calls t..."
[DROP] low_geopolitics (region=OTHER score=50) :: "TikTok US pushes back on claims it is censoring co..."
[DROP] low_geopolitics (region=OTHER score=50) :: "Families sue US over deadly boat strike off Venezu..."
[DROP] low_geopolitics (region=OTHER score=50) :: "Kiev hopes US will sign separate peace documents w..."
[DROP] low_geopolitics (region=OTHER score=50) :: "Sebastián Orlandi: “No necesitás mucha plata para ..."
[DROP] low_geopolitics (region=OTHER score=50) :: "Iran’s President Pezeshkian warns of regional inst..."
[DROP] low_geopolitics (region=OTHER score=50) :: "Israel's Netanyahu says a Palestinian state in Gaz..."
[DROP] low_geopolitics (region=OTHER score=50) :: "Flu cases are finally dropping - but don’t let you..."
[DROP] low_geopolitics (region=OTHER score=50) :: "Rwanda says UK 'intransigence' forced it to sue ov..."
[DROP] low_geopolitics (region=OTHER score=50) :: "Yoga, relajación y equilibrio emocional: la inicia..."
[DROP] low_geopolitics (region=OTHER score=50) :: "Peaky Blinders: The Immortal Man, el regreso de To..."
[DROP] low_geopolitics (region=OTHER score=50) :: "BUSINESS REFLECTION: After the Bell: Eskom... just..."
[DROP] low_geopolitics (region=OTHER score=50) :: "Petro dice que Estados Unidos debería retornar a M..."
[DROP] low_geopolitics (region=OTHER score=50) :: "Críticos denuncian purga militar en China tras acu..."
[DROP] low_geopolitics (region=OTHER score=50) :: "Julio Iglesias podría enfrentar proceso por abuso ..."
[DROP] low_geopolitics (region=OTHER score=50) :: "Captain of seized Venezuela-linked tanker now aboa..."
[DROP] low_geopolitics (region=OTHER score=50) :: "EN VIVO | Cobán Imperial vs. Marquense por la jorn..."
[DROP] low_geopolitics (region=OTHER score=50) :: "La Fiscalía abre una investigación por las acusaci..."
[DROP] low_geopolitics (region=OTHER score=50) :: "See inside the former US embassy in Tehran..."
[DROP] low_geopolitics (region=OTHER score=50) :: "Palestinian patients wait for reopening of the Raf..."
[DROP] low_geopolitics (region=OTHER score=50) :: "Capgemini dans la tourmente pour son travail avec ..."
[DROP] low_geopolitics (region=OTHER score=50) :: "Evidence contradicts Trump immigration officials’ ..."
[DROP] DUP_TOPIC :: "US announces multi-day aerial military drills in t..."
[DROP] low_geopolitics (region=OTHER score=50) :: "As Doomsday Clock moves closer to midnight, UN cal..."
[DROP] low_geopolitics (region=OTHER score=50) :: "Hondurans Reject Nasry Asfura’s Inauguration as Pr..."
[DROP] low_geopolitics (region=OTHER score=50) :: "Agenda final de debates presidenciales antes de la..."
[DROP] low_geopolitics (region=OTHER score=50) :: "“Estamos haciendo las cosas bien”, dice el preside..."
[DROP] low_geopolitics (region=OTHER score=50) :: "More Pressure Needed to Secure Congo’s Peace..."
[DROP] low_geopolitics (region=OTHER score=50) :: "Explained: Why Kanye West's swastika apology anger..."
[DROP] low_geopolitics (region=OTHER score=50) :: "US Border Patrol shoots and wounds human trafficki..."
[DROP] low_geopolitics (region=OTHER score=50) :: "AfD leader says Germany heading toward gas crisis..."
[DROP] low_geopolitics (region=OTHER score=50) :: "All-Night Concerts in War-Ravaged Myanmar..."
[DROP] low_geopolitics (region=OTHER score=50) :: "After 843 days, 12 hours, 6 minutes, Hostages Squa..."
[DROP] low_geopolitics (region=OTHER score=50) :: "French PM Lecornu survives no-confidence votes as ..."
[DROP] low_geopolitics (region=OTHER score=50) :: "Shooting involving Border Patrol leaves one in cri..."
[DROP] low_geopolitics (region=OTHER score=50) :: "Côte d’Ivoire : Jean-François Kouassi, le « présid..."
[DROP] DUP_TOPIC :: "London-based Persian TV aims to air 'truth' about ..."
[DROP] low_geopolitics (region=OTHER score=50) :: "TROUBLED WATERS: Inside SA’s fishing industry: Mar..."
[DROP] low_geopolitics (region=OTHER score=50) :: "ICE Agents Will Join Olympics Delegation in Italy...."
[DROP] low_geopolitics (region=OTHER score=50) :: "Davie shooting reports: Police respond near Aveda ..."
[DROP] low_geopolitics (region=OTHER score=50) :: "'Catch the first flight to New Delhi': Indian-orig..."
[DROP] low_geopolitics (region=OTHER score=50) :: "Anger as branch of ICE to help with security at Wi..."
[DROP] low_geopolitics (region=OTHER score=50) :: "‘Mother of all deals’: India, EU broker trade agre..."
[DROP] low_geopolitics (region=OTHER score=50) :: "Caracas | Mujer se descompensa luego de visitar a ..."
[DROP] low_geopolitics (region=OTHER score=50) :: "Federal agents tackled him, broke his rib: what ha..."
[DROP] low_geopolitics (region=OTHER score=50) :: "España aprueba la regularización de más de 500.000..."
[DROP] low_geopolitics (region=OTHER score=50) :: "Bongiorno rilancia sul ddl stupri, dissenso e sanz..."
[DROP] low_geopolitics (region=OTHER score=50) :: "¿Fernán Faerron jugará en Segunda División? Repres..."
[DROP] low_geopolitics (region=OTHER score=50) :: "WhatsApp rolls out advanced security mode for high..."
[DROP] low_geopolitics (region=OTHER score=50) :: "Moldovan president, ruling party boosting military..."
[DROP] low_geopolitics (region=OTHER score=50) :: "How Computer Warfare Is Becoming Part of the Penta..."
[DROP] low_geopolitics (region=OTHER score=50) :: "NASA WB-57 research aircraft makes emergency belly..."
[DROP] low_geopolitics (region=OTHER score=50) :: "Board of Peace may expand its mission to other ter..."
[DROP] low_geopolitics (region=OTHER score=50) :: "IOC extends 2026 Winter Olympics invitations to Ru..."
[DROP] low_geopolitics (region=OTHER score=50) :: "The US Coast Guard’s newest weapon in border secur..."
[DROP] low_geopolitics (region=OTHER score=50) :: "Israel plans large camp for Palestinians in southe..."
[DROP] low_geopolitics (region=OTHER score=50) :: "Trump defends Noem in wake of Minnesota shooting a..."
[DROP] low_geopolitics (region=OTHER score=50) :: "La lamentable noticia que empañó el concierto de L..."
[DROP] low_geopolitics (region=OTHER score=50) :: "Así marcha la tabla de posiciones de la Champions ..."
[DROP] low_geopolitics (region=OTHER score=50) :: "Who is Paul Varoff? Oak Ridge High ex-teacher arre..."
[DROP] low_geopolitics (region=OTHER score=50) :: "‘Doomsday Clock’ set to closer to midnight than ev..."
[DROP] low_geopolitics (region=OTHER score=50) :: "UK Seeks Trade With China Without Triggering Trump..."
[DROP] low_geopolitics (region=OTHER score=50) :: "French government survives no-confidence votes on ..."
[DROP] low_geopolitics (region=OTHER score=50) :: "Twitch streamer Agent becomes the first to complet..."
[DROP] low_geopolitics (region=OTHER score=50) :: "CBS News’ Bari Weiss unveils new strategy amid bac..."
[DROP] low_geopolitics (region=OTHER score=50) :: "What happened in Pima County, AZ? Border Patrol of..."
[DROP] low_geopolitics (region=OTHER score=50) :: "Some remote Tricare families will get prescription..."
[DROP] low_geopolitics (region=OTHER score=50) :: "Ecoanalítica: esquema de subastas se ampliará con ..."
[DROP] low_geopolitics (region=OTHER score=50) :: "US Border Patrol shoots and wounds human trafficki..."
[DROP] low_geopolitics (region=OTHER score=50) :: "Le condizioni Usa: 'Garanzie per Kiev se rinuncia ..."
[DROP] low_geopolitics (region=OTHER score=50) :: "Mort d’Alex Pretti à Minneapolis : Stephen Miller,..."
[DROP] low_geopolitics (region=OTHER score=50) :: "El cometa 3I/ATLAS ‘despertó’ tras acercarse al So..."
[DROP] low_geopolitics (region=OTHER score=50) :: "Why is ‘Cloud Dancer’ the colour of the year?..."
[DROP] low_geopolitics (region=OTHER score=50) :: "Indonesia’s Flood Catastrophe | The Full Report..."
[DROP] low_geopolitics (region=OTHER score=50) :: "Why divers in Chile are putting wine bottles under..."
[DROP] low_geopolitics (region=OTHER score=50) :: "Cárcel de Masagua podría tardar hasta dos años en ..."
[DROP] low_geopolitics (region=OTHER score=50) :: "Fallece Alexis Ortega, voz de Spider-Man en españo..."
[DROP] low_geopolitics (region=OTHER score=50) :: "El Supremo decidirá si avala la ‘tasa Amazon’ de B..."
[DROP] low_geopolitics (region=OTHER score=50) :: "‘No lo dudé’: las primeras reacciones de Malcon Pi..."
[DROP] low_geopolitics (region=OTHER score=50) :: "What ICE is doing to America is familiar to me as ..."
[DROP] low_geopolitics (region=OTHER score=50) :: "La justicia da la razón a una estudiante de La Rio..."
[DROP] low_geopolitics (region=OTHER score=50) :: "Se revela la gravedad de la lesión que tiene Fidel..."
[DROP] low_geopolitics (region=OTHER score=50) :: "Draghi to join EU leaders at retreat to boost comp..."
[DROP] low_geopolitics (region=OTHER score=50) :: "Sin diplomacia no hay pandas: China retira últimos..."
[DROP] low_geopolitics (region=OTHER score=50) :: "Comité de Madres presenta propuesta de ley de amni..."
[DROP] low_geopolitics (region=OTHER score=50) :: "L'Ue e l'India firmano 'la madre di tutti gli acco..."
[DROP] low_geopolitics (region=OTHER score=50) :: "The mother of all deals? EU and India sign trade d..."
[DROP] low_geopolitics (region=OTHER score=50) :: "Tras resolución de la CC,  presidente Arévalo aseg..."
[DROP] low_geopolitics (region=OTHER score=50) :: "Trump tried to put the ICE in ‘Minnesota Nice.’ Lo..."
[DROP] low_geopolitics (region=OTHER score=50) :: "Big Tech’s Reckless Release of AI Companion Produc..."
[DROP] low_geopolitics (region=OTHER score=50) :: "Les Etats-Unis accélèrent leur offensive contre le..."
[DROP] low_geopolitics (region=OTHER score=50) :: "Russian strikes in Ukraine kill 11, target passeng..."
[DROP] low_geopolitics (region=OTHER score=50) :: "La Svizzera all'Italia, sì alle squadre investigat..."
[DROP] low_geopolitics (region=OTHER score=50) :: "Honduras' Asfura takes office after razor-thin ele..."
[DROP] low_geopolitics (region=OTHER score=50) :: "« Giorgia Meloni manie avec virtuosité la politiqu..."
[DROP] low_geopolitics (region=OTHER score=50) :: "US to send ICE agents to Winter Olympics, promptin..."
[DROP] low_geopolitics (region=OTHER score=50) :: "Nasry ‘Tito’ Asfura asume como nuevo presidente de..."
[DROP] low_geopolitics (region=OTHER score=50) :: "Katapulk alerta sobre un caso de suplantación de m..."
[DROP] low_geopolitics (region=OTHER score=50) :: "Scandal tests Peru’s China ties as US scrutiny int..."
[DROP] low_geopolitics (region=OTHER score=50) :: "Tras querella de Arévalo, Curruchiche asiste a aud..."
[DROP] low_geopolitics (region=OTHER score=50) :: "Triángulo inestable..."
[DROP] low_geopolitics (region=OTHER score=50) :: "Quién es Nasry Asfura, el nuevo presidente de Hond..."
[DROP] low_geopolitics (region=OTHER score=50) :: "Trump, seeking damage control, weighs less aggress..."
[DROP] low_geopolitics (region=OTHER score=50) :: "Men jailed for life by Russia for 2022 Crimea brid..."
[DROP] DUP_TOPIC :: "EU expected to approve new Iran sanctions in respo..."
[DROP] low_geopolitics (region=OTHER score=50) :: "UN experts slam trespassing convictions for Swiss ..."
[DROP] low_geopolitics (region=OTHER score=50) :: "‘Doomsday Clock’ moves closer to midnight than eve..."
[DROP] low_geopolitics (region=OTHER score=50) :: "TSE advierte a votantes: estas prácticas pueden an..."
[DROP] low_geopolitics (region=OTHER score=50) :: "Los K-dramas que llegan a Netflix en 2026: ‘El art..."
[DROP] low_geopolitics (region=OTHER score=50) :: "La Spagna sceglie l'inclusione, sanatoria per oltr..."
[DROP] low_geopolitics (region=OTHER score=50) :: "Anti-ICE protest in Minneapolis: Biden praises Min..."
[DROP] low_geopolitics (region=OTHER score=50) :: "Aumenta tensión EE. UU. - Irán por envío de portaa..."
[DROP] low_geopolitics (region=OTHER score=50) :: "Social  network  vietati agli under 15, primo sì i..."
[DROP] low_geopolitics (region=OTHER score=50) :: "Mexico’s president says cancellation of oil shipme..."
[DROP] low_geopolitics (region=OTHER score=50) :: "Vicepresidenta legislativa sobre adhesión de Lesly..."
[DROP] low_geopolitics (region=OTHER score=50) :: "Over $163.3 mln to be invested in Ulyanovsk Automo..."
[DROP] DUP_TOPIC :: "Iran delegates emergency powers as threat of confl..."
[DROP] DUP_TOPIC :: "US to terminate some sanctions against Venezuelan ..."
[DROP] low_geopolitics (region=OTHER score=50) :: "Joseph Blatter, expresidente de la FIFA, respalda ..."
[DROP] low_geopolitics (region=OTHER score=50) :: "Arizona Border Patrol shooting: One critical after..."
[DROP] low_geopolitics (region=OTHER score=50) :: "La actualización del plan de Rodalies duplica los ..."
[DROP] low_geopolitics (region=OTHER score=50) :: "Accidente de lancha en el lago de Atitlán deja dos..."
[DROP] low_geopolitics (region=OTHER score=50) :: "What to know about America's colossal winter storm..."
[DROP] low_geopolitics (region=OTHER score=50) :: "Trump Seeks U.S. Control of Gaza, A Leaked Documen..."
[DROP] low_geopolitics (region=OTHER score=50) :: "ONG denuncia que Estado utiliza a presas políticas..."
[DROP] low_geopolitics (region=OTHER score=50) :: "Former Opec chief enjoyed ‘life of luxury’ in UK t..."
[DROP] low_geopolitics (region=OTHER score=50) :: "Anthropic doubles VC fundraising to $20bn on surgi..."
[DROP] low_geopolitics (region=OTHER score=50) :: "Philip Glass cancela el estreno mundial de su sinf..."
[DROP] low_geopolitics (region=OTHER score=50) :: "China’s CMOC makes US$1 billion Brazil gold push a..."
[DROP] low_geopolitics (region=OTHER score=50) :: "ESA revela las primeras imágenes del nuevo satélit..."
[DROP] low_geopolitics (region=OTHER score=50) :: "Presos y en desaparición forzada: la doble marca q..."
[DROP] low_geopolitics (region=OTHER score=50) :: "Why is Pakistan backing Bangladesh in its T20 Worl..."
[DROP] low_geopolitics (region=OTHER score=50) :: "UN experts denounce Switzerland for sentencing stu..."
[DROP] low_geopolitics (region=OTHER score=50) :: "L'intera collina di Niscemi sta crollando. Schlein..."
[DROP] low_geopolitics (region=OTHER score=50) :: "Niagara Falls Frozen, Ontario, Canada – Photo of t..."
[DROP] low_geopolitics (region=OTHER score=50) :: "Emboscada, vehículos y armas: así actuaron los sic..."
[DROP] low_geopolitics (region=OTHER score=50) :: "Estados Unidos: proyectan video en protesta a los ..."
[DROP] low_geopolitics (region=OTHER score=50) :: "Puma atrapado en gallinero en Pérez Zeledón fue li..."
[DROP] low_geopolitics (region=OTHER score=50) :: "Trump’s Board of Peace Will Help Strong Countries ..."
[DROP] low_geopolitics (region=OTHER score=50) :: "Iran welcomes any process leading to peace, preven..."
[DROP] low_geopolitics (region=OTHER score=50) :: "Iran warns against 'instability' after US strike g..."
[DROP] low_geopolitics (region=OTHER score=50) :: "Chisinau’s allegations about Russia’s 'defiant att..."
[DROP] low_geopolitics (region=OTHER score=50) :: "Trump insiste que tiene «muy buena relación» con V..."
[DROP] low_geopolitics (region=OTHER score=50) :: "‘A militia that kills’: uproar in Italy over ICE s..."
[DROP] DUP_TOPIC :: "Under mounting US pressure, Pemex cancels schedule..."
[DROP] low_geopolitics (region=OTHER score=50) :: "EU imposed sanctions on over 30 countries with pop..."
[DROP] low_geopolitics (region=OTHER score=50) :: "Pubs to get 15% cut to business rates bill after g..."
[DROP] low_geopolitics (region=OTHER score=50) :: "NTSB arrives to investigate Maine plane crash that..."
[DROP] low_geopolitics (region=OTHER score=50) :: "Giorno della Memoria, Mattarella contro l'antisemi..."
[DROP] low_geopolitics (region=OTHER score=50) :: "Dutch court sentences Eritrean man to 20 years in ..."
[DROP] low_geopolitics (region=OTHER score=50) :: "Nearly 80% of French view Macron negatively — poll..."
[DROP] low_geopolitics (region=OTHER score=50) :: "“Perdí el contacto con la realidad”: Kanye West se..."
[DROP] low_geopolitics (region=OTHER score=50) :: "Carney rolls eyes at US Treasury chief, says he to..."
[DROP] low_geopolitics (region=OTHER score=50) :: "WhatsApp activa nueva herramienta que bloquea arch..."
[DROP] low_geopolitics (region=OTHER score=50) :: "Lula and Macron Urge to Strengthen the United Nati..."
[DROP] low_geopolitics (region=OTHER score=50) :: "Fondos generacionales del ROP se postergan definit..."
[DROP] DUP_TOPIC :: "Febrero entrará con los días más fríos de la actua..."
[DROP] low_geopolitics (region=OTHER score=50) :: "New Sollers SUV set for late August-early Septembe..."
[DROP] low_geopolitics (region=OTHER score=50) :: "Victoria Beckham reaparece con su familia tras men..."
[DROP] low_geopolitics (region=OTHER score=50) :: "New Year’s Forum 2026, le grandi trasformazioni gl..."
[DROP] low_geopolitics (region=OTHER score=50) :: "Advocacy group claims ‘Ace of Spades’ playing card..."
[DROP] low_geopolitics (region=OTHER score=50) :: "Francia y España replican a Rutte que no es “ningú..."
[DROP] low_geopolitics (region=OTHER score=50) :: "Agroalimentare tra nuovi record e sfide del futuro..."
[DROP] low_geopolitics (region=OTHER score=50) :: "Brasil y Francia rechazan la ‘Junta de Paz’ de Tru..."
[DROP] low_geopolitics (region=OTHER score=50) :: "US judge threatens ICE chief with contempt, orders..."
[DROP] low_geopolitics (region=OTHER score=50) :: "L'ira di Teheran con Roma, convocata l'ambasciatri..."
[DROP] low_geopolitics (region=OTHER score=50) :: "Demanda acusa a Meta de acceder a chats de WhatsAp..."
[DROP] low_geopolitics (region=OTHER score=50) :: "Trump reports 'very good' developments around Ukra..."
[DROP] low_geopolitics (region=OTHER score=50) :: "New polyethylene plants with 40 mln tons capacity ..."
[DROP] low_geopolitics (region=OTHER score=50) :: "Gina, la niña de 5 años sustraída por su padre, ya..."
[DROP] low_geopolitics (region=OTHER score=50) :: "Vilnius Airport halts flights again after suspecte..."
[DROP] low_geopolitics (region=OTHER score=50) :: "Intervention will not reverse yen weakness..."
[DROP] low_geopolitics (region=OTHER score=50) :: "Philip Glass annule la première mondiale de sa nou..."
[DROP] low_geopolitics (region=OTHER score=50) :: "Minnesota judge orders ICE chief to appear in cour..."
[DROP] low_geopolitics (region=OTHER score=50) :: "EU lawmakers back declaration urging the bloc to l..."
[DROP] low_geopolitics (region=OTHER score=50) :: "MEP says powerless EU's only tool of influence is ..."
[DROP] low_geopolitics (region=OTHER score=50) :: "El baloncesto español pasa revista a su cantera en..."
[DROP] low_geopolitics (region=OTHER score=50) :: "Meta alista suscripciones de pago en Instagram, Fa..."
[DROP] low_geopolitics (region=OTHER score=50) :: "Incendio consume vivienda y afecta iglesia en Ciud..."
[DROP] low_geopolitics (region=OTHER score=50) :: "Qué se sabe de las cámaras corporales del ICE que ..."
[DROP] low_geopolitics (region=OTHER score=50) :: "Angola: Shot By Police, Jailed Without a Crime..."
[DROP] low_geopolitics (region=OTHER score=50) :: "Spain approves plan to grant legal status to thous..."
[DROP] low_geopolitics (region=OTHER score=50) :: "Excellence Group announces new family-friendly Fin..."
[DROP] low_geopolitics (region=OTHER score=50) :: ""Suicidio energético": Eslovaquia arremete contra ..."
[DROP] low_geopolitics (region=OTHER score=50) :: "US consumer confidence plunges to 12-year low..."
[DROP] low_geopolitics (region=OTHER score=50) :: "Rampant attempts to defraud troops warrants crack ..."
[DROP] low_geopolitics (region=OTHER score=50) :: "City refuses to dismiss 40,000 traffic tickets iss..."
[DROP] low_geopolitics (region=OTHER score=50) :: "Board of Peace Set to Hand Trump Sweeping Powers O..."
[DROP] DUP_TOPIC :: "Iran death toll hits 6,159 and currency plunges to..."
[DROP] low_geopolitics (region=OTHER score=50) :: "Trabajo ordena prorrogar el salario mínimo de 2025..."
[DROP] low_geopolitics (region=OTHER score=50) :: "Nipah outbreak to Trump-Greenland tensions: What '..."
[DROP] low_geopolitics (region=OTHER score=50) :: "Why Israel clock marking time since October 7 atta..."
[DROP] low_geopolitics (region=OTHER score=50) :: "Alex Jeffrey Pretti: 10 key facts about 37-year-ol..."
[DROP] low_geopolitics (region=OTHER score=50) :: "Hija de Ligia Faerron desautoriza a Laura Fernánde..."
[DROP] low_geopolitics (region=OTHER score=50) :: "Nicki Minaj to appear at Trump's high-profile summ..."
[DROP] low_geopolitics (region=OTHER score=50) :: "Watch: Doomsday Clock puts Trump and Putin in spot..."
[DROP] low_geopolitics (region=OTHER score=50) :: "Russian rare-earth metals cluster to be launched i..."
[DROP] low_geopolitics (region=OTHER score=50) :: "Over 1,700 people raise nearly 64,000 euros for la..."
[DROP] low_geopolitics (region=OTHER score=50) :: "El calor que absorbieron los océanos en 2025 equiv..."
[DROP] low_geopolitics (region=OTHER score=50) :: "Troop Casualties in Ukraine War Near 2 Million, St..."
[DROP] low_geopolitics (region=OTHER score=50) :: "La Red Mundial de Virus advierte sobre el resurgim..."
[DROP] low_geopolitics (region=OTHER score=50) :: "Georgia Power critic arrested for allegedly steali..."
[DROP] low_geopolitics (region=OTHER score=50) :: "Operación Trueno de Enero: 82 años del fin del sit..."
[DROP] low_geopolitics (region=OTHER score=50) :: "Cortes de luz dejarán sin servicio este miércoles ..."
[DROP] low_geopolitics (region=OTHER score=50) :: "¿Presencia permanente de Estados Unidos en Venezue..."
[DROP] low_geopolitics (region=OTHER score=50) :: "Xiomara Castro Led the Honduran Refoundation..."
[DROP] low_geopolitics (region=OTHER score=50) :: "Iran protests: Are viral atrocity numbers part of ..."
[DROP] low_geopolitics (region=OTHER score=50) :: "Canadian mom devastated after she says diabetic an..."
[DROP] low_geopolitics (region=OTHER score=50) :: "Russia plans 15 new and upgraded rare earth metals..."
[DROP] low_geopolitics (region=OTHER score=50) :: "Relatives say detained archeologist in relatively ..."
[DROP] low_geopolitics (region=OTHER score=50) :: "Nación de Vinos brings the best of Mexican wine to..."
[DROP] low_geopolitics (region=OTHER score=50) :: "Leslye Bojorges se declara diputado independiente ..."
[DROP] low_geopolitics (region=OTHER score=50) :: "ICE is ‘hunting down’ Minnesota refugees with lega..."
[DROP] low_geopolitics (region=OTHER score=50) :: "Nigeria: A Mirage of Extraversion - The Political ..."
[DROP] DUP_URL :: "Claudia Sheinbaum defiende apoyo a Cuba ante presi..."
[DROP] low_geopolitics (region=OTHER score=50) :: "Feijóo llevará a Europa su rechazo a la regulariza..."
[DROP] low_geopolitics (region=OTHER score=50) :: "Russian MP says Europe wary of sending more resour..."
[DROP] low_geopolitics (region=OTHER score=50) :: "Volodymyr Zelenskyy sets 2027 as target for Ukrain..."
[DROP] low_geopolitics (region=OTHER score=50) :: "Britain increases number of troops in Ukraine — de..."
[DROP] low_geopolitics (region=OTHER score=50) :: "Mexico Cancels Oil Shipment Bound for Cuba..."
[DROP] low_geopolitics (region=OTHER score=50) :: "Coesione Ue tra revisione e bilancio, sfide e oppo..."
[DROP] low_geopolitics (region=OTHER score=50) :: "Las madres de los presos políticos que han falleci..."
[DROP] low_geopolitics (region=OTHER score=50) :: "ICE role at the Winter Olympics prompts fury in It..."
[DROP] low_geopolitics (region=OTHER score=50) :: "Rimasto per ore senza barella a Senigallia, morto ..."
[DROP] low_geopolitics (region=OTHER score=50) :: "Former Panamanian Vice President is Arrested for U..."
[DROP] low_geopolitics (region=OTHER score=50) :: "È un soldato l'uomo che ha fermato i due carabinie..."
[DROP] low_geopolitics (region=OTHER score=50) :: "TikTok cites technical glitch as California probes..."
[DROP] low_geopolitics (region=OTHER score=50) :: "‘Fanzone’: el calamitós xou culer de Gerard Romero..."
[DROP] low_geopolitics (region=OTHER score=50) :: "Netanyahu’s government hosts antisemitism conferen..."
[DROP] DUP_URL :: "Maru Gutiérrez, jazzista: “Estoy muy feliz de esta..."
[DROP] low_geopolitics (region=OTHER score=50) :: "TikTok settles just before social media addiction ..."
[DROP] low_geopolitics (region=OTHER score=50) :: "La sanidad vasca administra por error vacunas cadu..."
[DROP] low_geopolitics (region=OTHER score=50) :: "Anticorrupción pide nueva documentación de Equipo ..."
[DROP] low_geopolitics (region=OTHER score=50) :: "Butyagin’s defense to appeal to Justice Ministry, ..."
[DROP] low_geopolitics (region=OTHER score=50) :: "Three arrested for trafficking elephant tusks, rhi..."
[DROP] low_geopolitics (region=OTHER score=50) :: "Former Labour MP charged with sexual assault..."
[DROP] low_geopolitics (region=OTHER score=50) :: "One year on, Trump's Golden Dome missile shield ma..."
[DROP] DUP_TOPIC :: "Acting President Rodriguez Rejects U.S. Claims of ..."
[DROP] low_geopolitics (region=OTHER score=50) :: "Trump’s JPMorgan Chase lawsuit revives debanking c..."
[DROP] low_geopolitics (region=OTHER score=50) :: "At least three killed in Russian strike on Odesa a..."
[DROP] low_geopolitics (region=OTHER score=50) :: "A Bethléem, l’UEFA réussit un petit miracle en sau..."
[DROP] low_geopolitics (region=OTHER score=50) :: "Russian archeologist arrested in Poland could spen..."
[DROP] low_geopolitics (region=OTHER score=50) :: "Is the Doomsday Clock real? Atomic scientists set ..."
[DROP] DUP_TOPIC :: "How Iran Crushed a Citizen Uprising With Lethal Fo..."
[DROP] low_geopolitics (region=OTHER score=50) :: "Benfica vs. Real Madrid: Mourinho y Arbeloa se ree..."
[DROP] low_geopolitics (region=OTHER score=50) :: "Criminal justice reforms will undermine trust in t..."
[DROP] low_geopolitics (region=OTHER score=50) :: "Jon Stewart and Anderson Cooper roast Trump’s seem..."
[DROP] low_geopolitics (region=OTHER score=50) :: "Ucciso a Milano, l'agente: 'Volevo rincorrerlo poi..."
[DROP] DUP_URL :: "Preso político Yandir Loggiodice requiere una ciru..."
[DROP] DUP_TOPIC :: "Boxeo: Yuriolkis Gamboa regresa a Miami, a más de ..."
[DROP] low_geopolitics (region=OTHER score=50) :: "North Korea fires ballistic missiles as US signals..."
[DROP] low_geopolitics (region=OTHER score=50) :: "'Time is of the essence' to build a made-in-Europe..."
[DROP] low_geopolitics (region=OTHER score=50) :: "Trump is a bigger threat to Nato than Putin, says ..."
[DROP] low_geopolitics (region=OTHER score=50) :: "El tráfico de cocaína hacia Europa adapta sus méto..."
[DROP] low_geopolitics (region=OTHER score=50) :: "New ‘Grocery Code of Conduct’ goes into effect spa..."
[DROP] low_geopolitics (region=OTHER score=50) :: "Could RFK Jr’s push to reshape the American diet s..."
[DROP] low_geopolitics (region=OTHER score=50) :: "El juicio a los Pujol se ‘acerca’ a Cataluña: el e..."
[DROP] low_geopolitics (region=OTHER score=50) :: "Polish court delays hearing on recusal of judge in..."
[DROP] low_geopolitics (region=OTHER score=50) :: "Le directeur de l’ICE, Todd Lyons, convoqué devant..."
[DROP] low_geopolitics (region=OTHER score=50) :: "Times of Israel publishes 18 near-identical blogs ..."
[DROP] low_geopolitics (region=OTHER score=50) :: "UK government announces relief for pubs, live musi..."
[DROP] low_geopolitics (region=OTHER score=50) :: "Dutch court sentences Eritrean migrant smuggler to..."
[DROP] low_geopolitics (region=OTHER score=50) :: "Spain approves decree to regularise half a million..."
[DROP] low_geopolitics (region=OTHER score=50) :: "Nipah virus outbreak in India triggers Asia airpor..."
[DROP] low_geopolitics (region=OTHER score=50) :: "Municipales 2026 : à Annemasse, les inégalités et ..."
[DROP] low_geopolitics (region=OTHER score=50) :: "Trump should’ve accepted Putin’s proposal to exten..."
[DROP] low_geopolitics (region=OTHER score=50) :: "FOMO FATIGUE: The AI trade is crowded, pushing leg..."
[DROP] low_geopolitics (region=OTHER score=50) :: "Holocaust survivor, 93, bears witness for young 'm..."
[DROP] low_geopolitics (region=OTHER score=50) :: "Germany offers €1 million reward to help catch far..."
[DROP] low_geopolitics (region=OTHER score=50) :: "La indignación en Italia tras conocerse que EE.UU...."
[DROP] low_geopolitics (region=OTHER score=50) :: "Latest news bulletin | January 27th, 2026 – Evenin..."
[DROP] low_geopolitics (region=OTHER score=50) :: "FREIGHT REVIVAL: Richards Bay Coal Terminal export..."
[DROP] low_geopolitics (region=OTHER score=50) :: "Nomura-backed crypto group Laser Digital seeks US ..."
[DROP] low_geopolitics (region=OTHER score=50) :: "Accord commercial Inde-UE : le secteur agricole, p..."
[DROP] low_geopolitics (region=OTHER score=50) :: "Municipal regresa a El Trébol para medirse al Xela..."
[DROP] low_geopolitics (region=OTHER score=50) :: "World pauses as it observes annual International H..."
[DROP] low_geopolitics (region=OTHER score=50) :: "Spain plans to give half a million undocumented mi..."
[DROP] low_geopolitics (region=OTHER score=50) :: "Japan says goodbye to last pandas amid strained ti..."
[DROP] low_geopolitics (region=OTHER score=50) :: "Polar Lithium expects continued price growth for l..."
[DROP] low_geopolitics (region=OTHER score=50) :: "Rupert Murdoch sends unsubtle message to Trump to ..."
[DROP] low_geopolitics (region=OTHER score=50) :: "Tormenta invernal en EE. UU. deja 30 fallecidos: q..."
[DROP] low_geopolitics (region=OTHER score=50) :: "Gobierno alerta sobre uso de Internet satelital St..."
[DROP] low_geopolitics (region=OTHER score=50) :: "El juez que investiga el fraccionamiento de contra..."
[DROP] low_geopolitics (region=OTHER score=50) :: "France sends flagship carrier into Atlantic as ten..."
[DROP] low_geopolitics (region=OTHER score=50) :: "Laboratorio de Paz resume recomendaciones de la CI..."
[DROP] low_geopolitics (region=OTHER score=50) :: "French politician Phillippot announces plans for '..."
[DROP] low_geopolitics (region=OTHER score=50) :: "ICE plans to be camped out at the Super Bowl looki..."
[DROP] low_geopolitics (region=OTHER score=50) :: "Foreign investors show interest in Rosatom’s proje..."
[DROP] low_geopolitics (region=OTHER score=50) :: "Rosatom suggests creating nuclear cluster in Uzbek..."
[DROP] low_geopolitics (region=OTHER score=50) :: "French MP recounts trauma in trial of ex-senator a..."
[DROP] low_geopolitics (region=OTHER score=50) :: "Men Jailed Over 2022 Crimean Bridge Blast Plead fo..."
[DROP] low_geopolitics (region=OTHER score=50) :: "British PM imitates Macron's viral sunglasses mome..."
[DROP] low_geopolitics (region=OTHER score=50) :: "I was caught in a Russian attack last night – this..."
[DROP] low_geopolitics (region=OTHER score=50) :: "Mexico's Sheinbaum does not deny halting oil shipm..."
[DROP] low_geopolitics (region=OTHER score=50) :: "Sanctions become weapon of mass destruction agains..."
[DROP] low_geopolitics (region=OTHER score=50) :: "What to do when no relationship is special..."
[DROP] low_geopolitics (region=OTHER score=50) :: "Femicides in Brazil at record high in 2025..."
[DROP] low_geopolitics (region=OTHER score=50) :: "First concrete on nuclear plant sites in Uzbekista..."
[DROP] low_geopolitics (region=OTHER score=50) :: "Syria's interim president to hold meeting with Kur..."
[DROP] low_geopolitics (region=OTHER score=50) :: "Lavrov, CIS ambassadors discuss comprehensive stre..."
[DROP] low_geopolitics (region=OTHER score=50) :: "The Country of the Sigüaraya..."
[DROP] DUP_TOPIC :: "How AI-generated images are being used to deny the..."
[DROP] low_geopolitics (region=OTHER score=50) :: "Was Alex Pretti fired from his job as an ICU nurse..."
[DROP] low_geopolitics (region=OTHER score=50) :: "Russian official says 'daddy' Trump needs to settl..."
[DROP] low_geopolitics (region=OTHER score=50) :: "French livestreamers held over on-camera death via..."
[DROP] low_geopolitics (region=OTHER score=50) :: "Russia hopes Moldova accepts credentials from its ..."
[DROP] low_geopolitics (region=OTHER score=50) :: "Trinidadian Families File Wrongful Death Lawsuit O..."
[DROP] low_geopolitics (region=OTHER score=50) :: "Storm Chandra causes flooding and power outages ac..."
[DROP] low_geopolitics (region=OTHER score=50) :: "Hundreds more ISIS fighters from Syria moved to Ir..."
[DROP] low_geopolitics (region=OTHER score=50) :: "AI images 'distort memory' of Holocaust, experts w..."
[DROP] low_geopolitics (region=OTHER score=50) :: "Cómo es la asombrosa Tumba 10, el hallazgo arqueol..."
[DROP] low_geopolitics (region=OTHER score=50) :: "Gobierno destaca incautaciones de cocaína y un mil..."
[DROP] DUP_TOPIC :: "Venezuela’s National Assembly to Hold Second Debat..."
[DROP] low_geopolitics (region=OTHER score=50) :: "Milano Cortina, l'installazione del braciere olimp..."
[DROP] low_geopolitics (region=OTHER score=50) :: "Settlement programs needed for those who fled from..."
[DROP] low_geopolitics (region=OTHER score=50) :: "How Trump Should Think About the Arctic..."
[DROP] low_geopolitics (region=OTHER score=50) :: "'Doomsday Clock' set at 85 seconds to midnight, Bu..."
[DROP] low_geopolitics (region=OTHER score=50) :: "Au Tchad, les feux menaçants de la guerre soudanai..."
[DROP] low_geopolitics (region=OTHER score=50) :: "State Prosecutor Requests Nearly 6-Year Prison Sen..."
[DROP] low_geopolitics (region=OTHER score=50) :: "US naval buildup in Middle East heightens tensions..."
[DROP] low_geopolitics (region=OTHER score=50) :: "L'Orologio dell'Apocalisse mai così vicino a mezza..."
[DROP] low_geopolitics (region=OTHER score=50) :: "Teenage boy questioned by police after ‘leaving sc..."
[DROP] low_geopolitics (region=OTHER score=50) :: "Formare i cittadini all'uso del defibrillatore, ar..."
[DROP] low_geopolitics (region=OTHER score=50) :: "Syrian Kurdish enclave on alert amid shaky ceasefi..."
[DROP] low_geopolitics (region=OTHER score=50) :: "Headed to India soon, Canada PM rolls eyes at US, ..."
[DROP] low_geopolitics (region=OTHER score=50) :: "Comment l’Inde et l’UE ont accéléré la création d’..."
[DROP] low_geopolitics (region=OTHER score=50) :: "Trump knew he had to ‘unf***’ DHS reaction to Alex..."
[DROP] low_geopolitics (region=OTHER score=50) :: "Super Mario Galaxy: La película lanza primer vista..."
[DROP] low_geopolitics (region=OTHER score=50) :: "Trump expects Washington to resolve ninth conflict..."
[DROP] low_geopolitics (region=OTHER score=50) :: "El hombre que asesinó a su exmujer en Málaga fue c..."
[DROP] low_geopolitics (region=OTHER score=50) :: "Scientists move Doomsday Clock hands four seconds ..."
[DROP] low_geopolitics (region=OTHER score=50) :: "Negotiations on NATO mission in Greenland held at ..."
[DROP] low_geopolitics (region=OTHER score=50) :: "El Café Central baraja aterrizar en el Ateneo de M..."
[DROP] low_geopolitics (region=OTHER score=50) :: "Kyrgyzstan Sues Russia at Eurasian Court Over Migr..."
[DROP] low_geopolitics (region=OTHER score=50) :: "Who was Alex Pretti, the intensive care nurse shot..."
[DROP] low_geopolitics (region=OTHER score=50) :: "Russia vows to prevent horrific crimes like Holoca..."
[DROP] low_geopolitics (region=OTHER score=50) :: "Real Madrid visit Benfica: UEFA Champions League –..."
[DROP] low_geopolitics (region=OTHER score=50) :: "US's immigration force ICE to help with security a..."
[DROP] low_geopolitics (region=OTHER score=50) :: "Trump non si tinge più i capelli, 'concessione all..."
[DROP] low_geopolitics (region=OTHER score=50) :: "Americans losing confidence in US economy amid Tru..."
[DROP] low_geopolitics (region=OTHER score=50) :: "¿Llegó Tom Homan a Minnesota? qué ocurre en el est..."
[DROP] low_geopolitics (region=OTHER score=50) :: "Trump’s immigration crackdown leads to sharp decli..."
[DROP] low_geopolitics (region=OTHER score=50) :: "Capturan en Xela a hombre que supuestamente vendía..."
[DROP] low_geopolitics (region=OTHER score=50) :: "Trump can’t remember the word ‘Alzheimer’s’ when d..."
[DROP] DUP_TOPIC :: "Impiden tráfico de especies marinas protegidas en ..."
[DROP] low_geopolitics (region=OTHER score=50) :: "Trump promueve el documental millonario de Melania..."
[DROP] low_geopolitics (region=OTHER score=50) :: "EU adds India in rush for trade deals after Trump’..."
[DROP] low_geopolitics (region=OTHER score=50) :: "Claves del pacto comercial entre la UE y la India:..."
[DROP] low_geopolitics (region=OTHER score=50) :: "EU Commissioner Virkkunen urges US to respect EU d..."
[DROP] low_geopolitics (region=OTHER score=50) :: "El juez decreta el ingreso en prisión del padre qu..."
[DROP] low_geopolitics (region=OTHER score=50) :: "Qué es el vórtice polar, el principal detonante de..."
[DROP] low_geopolitics (region=OTHER score=50) :: "Mayor of Milan says ICE agents are ‘not welcome’ a..."
[DROP] low_geopolitics (region=OTHER score=50) :: "Female teacher who worked as cop for 10 years bust..."
[DROP] low_geopolitics (region=OTHER score=50) :: "Ernesto Oliva y la Camerata Romeu en concierto..."
[DROP] low_geopolitics (region=OTHER score=50) :: "Mixed picture for migration in France as permits r..."
[DROP] low_geopolitics (region=OTHER score=50) :: "What to know about the deadly Nipah virus, amid ou..."
[DROP] low_geopolitics (region=OTHER score=50) :: "Composite tool find puts China at centre of tech r..."
[DROP] low_geopolitics (region=OTHER score=50) :: "FIFA ex-President Blatter backs call to boycott Wo..."
[DROP] low_geopolitics (region=OTHER score=50) :: "Siete jefes de Estado, líderes políticos y empresa..."
[DROP] low_geopolitics (region=OTHER score=50) :: "Donald Trump carries out only 1 in 4 tariff threat..."
[DROP] DUP_TOPIC :: "France emerges as key holdout in EU talks on black..."
[DROP] DUP_TOPIC :: "Los resultados de la desmilitarización de Ucrania..."
[DROP] low_geopolitics (region=OTHER score=50) :: "Scottish court approves legal challenge to UK's Pa..."
[DROP] low_geopolitics (region=OTHER score=50) :: "‘Fire Kristi Noem’, Senator John Fetterman warns T..."
[DROP] low_geopolitics (region=OTHER score=50) :: "As Trump Eyes Greenland, Denmark’s Leader Is Unsur..."
[DROP] low_geopolitics (region=OTHER score=50) :: "Hong Kong drivers warned to look out for sham comp..."
[DROP] DUP_TOPIC :: "Tajikistan concerned about situation over Iran, ca..."
[DROP] low_geopolitics (region=OTHER score=50) :: "Música gratis para Groenlandia y su retiro de Amaz..."
[DROP] low_geopolitics (region=OTHER score=50) :: "Albania Created an ‘A.I. Minister’ to Curb Corrupt..."
[DROP] low_geopolitics (region=OTHER score=50) :: "Alexis Ortega cause of death: What happened to the..."
[DROP] DUP_TOPIC :: "Melooo Sessions en Fangio Habana..."
[DROP] low_geopolitics (region=OTHER score=50) :: "Growth of five base polymers production in Russia ..."
[DROP] low_geopolitics (region=OTHER score=50) :: "Immigration agent seen clapping his hands seconds ..."
[DROP] low_geopolitics (region=OTHER score=50) :: "Trump officially pulls US out of landmark Paris cl..."
[DROP] low_geopolitics (region=OTHER score=50) :: "‘Residents have reached breaking point’: Italian v..."
[DROP] low_geopolitics (region=OTHER score=50) :: "Gauff blasts broadcasters over privacy after Austr..."
[DROP] low_geopolitics (region=OTHER score=50) :: "Atomic scientists set ‘Doomsday Clock’ closer to m..."
[DROP] low_geopolitics (region=OTHER score=50) :: "Pinchas Steinberg y Àlex Ollé firman un ‘Ariadna y..."
[DROP] low_geopolitics (region=OTHER score=50) :: "Mountain lion seen prowling around a residential S..."
[DROP] low_geopolitics (region=OTHER score=50) :: "Starmer sfoggia occhiali da sole in teatro, sfottò..."
[DROP] low_geopolitics (region=OTHER score=50) :: "En qué consiste y a quién beneficia el nuevo plan ..."
[DROP] low_geopolitics (region=OTHER score=50) :: "Sibur announces increased competition in global pe..."
[DROP] low_geopolitics (region=OTHER score=50) :: "International News Briefs for Tuesday, January 27,..."
[DROP] low_geopolitics (region=OTHER score=50) :: "Compota de Manana en la Casa de la Cultura de Plaz..."
[DROP] low_geopolitics (region=OTHER score=50) :: "Gaza: Los equipos de rescate piden desbloquear la ..."
[DROP] low_geopolitics (region=OTHER score=50) :: "Last Palestine Action hunger striker ends protest ..."
[DROP] low_geopolitics (region=OTHER score=50) :: "Meet Hamza Al-Rubaie, one of Gaza’s 17,000 orphane..."
[DROP] low_geopolitics (region=OTHER score=50) :: "Melania Trump wants to see unity and peaceful prot..."
[DROP] low_geopolitics (region=OTHER score=50) :: "Homes hanging onto cliff edge following huge lands..."
[DROP] low_geopolitics (region=OTHER score=50) :: "How Britain could be embroiled in US attack on Ira..."
[DROP] low_geopolitics (region=OTHER score=50) :: "Kenya: Funding Crisis Freezes Registration of 32 N..."
[DROP] low_geopolitics (region=OTHER score=50) :: "Loss of Kupyansk-Uzlovoi strips Kiev of chance to ..."
[DROP] low_geopolitics (region=OTHER score=50) :: "Spain to grant €20 million in compensation to vict..."
[DROP] low_geopolitics (region=OTHER score=50) :: "Sudan: Sudan, UK Conclude Talks On Security and Bi..."
[DROP] low_geopolitics (region=OTHER score=50) :: "Nigeria: Senate Commends U.S.-Nigeria Military Coo..."
[DROP] low_geopolitics (region=OTHER score=50) :: "Rwanda: French Coach Fr&#xE9;d&#xE9;ric Gu&#xE9;ri..."
[DROP] low_geopolitics (region=OTHER score=50) :: "Morocco/Senegal: CAF Disciplinary Committee Meets ..."
[DROP] low_geopolitics (region=OTHER score=50) :: "TITLE MOMENTUM: European Champions League group ph..."
[DROP] low_geopolitics (region=OTHER score=50) :: "Uganda: Tiktoker Arrested Over Threats to Harm Rul..."
[DROP] DUP_TOPIC :: "Rusia califica de "alarmantes" reportes sobre posi..."
[DROP] low_geopolitics (region=OTHER score=50) :: "Sudan's army says it breaks siege of southern city..."
[DROP] low_geopolitics (region=OTHER score=50) :: "Angara rockets production to be relocated to Omsk ..."
[DROP] low_geopolitics (region=OTHER score=50) :: "El fin del mundo, más cerca que nunca: los científ..."
[DROP] low_geopolitics (region=OTHER score=50) :: "Clima continuará frío en Guatemala este martes, y ..."
[DROP] low_geopolitics (region=OTHER score=50) :: "“Queremos ganar para estar en octavos”, afirmó Fli..."
[DROP] low_geopolitics (region=OTHER score=50) :: "Families of Trinidadian Men Killed in Illegal Boat..."
[DROP] low_geopolitics (region=OTHER score=50) :: "TikTok investigates blocking of 'Epstein' and anti..."
[DROP] low_geopolitics (region=OTHER score=50) :: "Heat Waves to Affect 20% of EU Cattle’s Productivi..."
[DROP] low_geopolitics (region=OTHER score=50) :: "China: Is Xi Jinping losing trust in his top gener..."
[DROP] low_geopolitics (region=OTHER score=50) :: "‘Mother of all deals’: How India-EU trade deal cre..."
[DROP] low_geopolitics (region=OTHER score=50) :: "State Duma Lawmaker Rebukes Colleagues for Fueling..."
[DROP] low_geopolitics (region=OTHER score=50) :: "Rwanda takes legal action against UK over axed mig..."
[DROP] low_geopolitics (region=OTHER score=50) :: "Share of multi-entries among all Schengen visas is..."
[DROP] low_geopolitics (region=OTHER score=50) :: "Over 500,000 young people left Ukraine in past six..."
[DROP] low_geopolitics (region=OTHER score=50) :: "El mexicano David Toscana gana el premio Alfaguara..."
[DROP] low_geopolitics (region=OTHER score=50) :: "El líder de los obispos españoles, sobre la regula..."
[DROP] low_geopolitics (region=OTHER score=50) :: "Shaped by ancient humans, 430,000-year-old wooden ..."
[DROP] low_geopolitics (region=OTHER score=50) :: "Ukrainian attacks kill 70 Russians since beginning..."
[DROP] low_geopolitics (region=OTHER score=50) :: "Francia condecora la carrera de Victoria Beckham e..."
[DROP] DUP_TOPIC :: "Iran Arrests Organizers of Foreign-Backed Riots..."
[DROP] low_geopolitics (region=OTHER score=50) :: "Belgee X50 tops new passenger car sales in Moscow ..."
[DROP] low_geopolitics (region=OTHER score=50) :: "Russian Trade, Defense Ministries launch military-..."
[DROP] DUP_TOPIC :: "Trump admin sued by families of two men killed in ..."
[DROP] low_geopolitics (region=OTHER score=50) :: "From Finland to Greenland: How cracks are appearin..."
[DROP] low_geopolitics (region=OTHER score=50) :: "Alex Pretti GoFundMe: Did Bill Ackman just donate ..."
[DROP] low_geopolitics (region=OTHER score=50) :: "Bank of Russia raises dollar exchange rate to 76.5..."
[DROP] low_geopolitics (region=OTHER score=50) :: "VTB announces unprecedented rise in its clients’ i..."
[DROP] low_geopolitics (region=OTHER score=50) :: "Julio Iglesias acusa a sus extrabajadoras de “denu..."
[DROP] low_geopolitics (region=OTHER score=50) :: "Ordinary Germans recognize Leningrad Siege as geno..."
[DROP] low_geopolitics (region=OTHER score=50) :: "El Gobierno aprueba ayudas para las víctimas de lo..."
[DROP] low_geopolitics (region=OTHER score=50) :: "Russia will not forget Nazi crimes to which Red Ar..."
[DROP] low_geopolitics (region=OTHER score=50) :: "Hungarian MFA summons Ukrainian ambassador over Ze..."
[DROP] DUP_TOPIC :: "'Pemex decide env�os a Cuba'; CSP no desmiente sus..."
[DROP] DUP_TOPIC :: "Comisión de Postulación del TSE: los 32 aspirantes..."
[DROP] low_geopolitics (region=OTHER score=50) :: "Guatemala cierra el 2025 con superávit de Q3 mil 2..."
[DROP] low_geopolitics (region=OTHER score=50) :: "Cobán Imperial busca su tercer triunfo del Clausur..."
[DROP] low_geopolitics (region=OTHER score=50) :: "International Youth Festival to take place in 30 R..."
[DROP] low_geopolitics (region=OTHER score=50) :: "Kurds interested in extending ceasefire with Syria..."
[DROP] low_geopolitics (region=OTHER score=50) :: "Putin pays tribute to memory of Leningrad siege vi..."
[DROP] low_geopolitics (region=OTHER score=50) :: "Trump holds late-night crisis talks with Kristi No..."
[DROP] low_geopolitics (region=OTHER score=50) :: "Berlin honours Levi family with memorial 'stumblin..."
[DROP] low_geopolitics (region=OTHER score=50) :: "Putin to hold talks with Syrian interim president ..."
[DROP] low_geopolitics (region=OTHER score=50) :: "Gas storage occupancy in Germany at a critical low..."
[DROP] low_geopolitics (region=OTHER score=50) :: "Judge orders ICE chief to appear in court to expla..."
[DROP] low_geopolitics (region=OTHER score=50) :: "Una misión arqueológica egipcio-china descubre un ..."
[DROP] low_geopolitics (region=OTHER score=50) :: "¿Ya estaba decidido? La teoría conspirativa sobre ..."
[DROP] low_geopolitics (region=OTHER score=50) :: "Uganda: No Second Internet Shutdown Announced By U..."
[DROP] low_geopolitics (region=OTHER score=50) :: "Firefighters battle 'emergency level' blazes in Au..."
[DROP] low_geopolitics (region=OTHER score=50) :: "‘Sirât’ consigue la nominación a mejor película ex..."
[DROP] low_geopolitics (region=OTHER score=50) :: "Un pueblo de Sicilia, al borde del abismo por un d..."
[DROP] low_geopolitics (region=OTHER score=50) :: "Namibia: RA Warns Drivers About Flood-Affected Roa..."
[DROP] low_geopolitics (region=OTHER score=50) :: "Nigeria: Police Recover 558 Cattles From Suspected..."
[DROP] low_geopolitics (region=OTHER score=50) :: "What military hardware is on the USS Abraham Linco..."
[DROP] low_geopolitics (region=OTHER score=50) :: "South Africa: The Battle Over Cape Town's Oude Mol..."
[DROP] low_geopolitics (region=OTHER score=50) :: "Eurovision crisis: Italian state broadcaster calls..."
[DROP] low_geopolitics (region=OTHER score=50) :: "Soyuz-5 carrier vehicle to be launched in late Mar..."
[DROP] low_geopolitics (region=OTHER score=50) :: "Teenage boy dies after veering off piste and falli..."
[DROP] low_geopolitics (region=OTHER score=50) :: "Ukrainians rescued by Russia in Kursk offered same..."
[DROP] low_geopolitics (region=OTHER score=50) :: "Liberation of Kupyansk-Uzlovoi to strengthen Russi..."
[DROP] low_geopolitics (region=OTHER score=50) :: "Cómo la purga del más alto general del ejército de..."
[DROP] low_geopolitics (region=OTHER score=50) :: "Watch the video: Should social media be banned for..."
[DROP] low_geopolitics (region=OTHER score=50) :: "Hong Kong Lunar New Year parade to feature Labubu,..."
[DROP] low_geopolitics (region=OTHER score=50) :: "Russian Strikes Across Ukraine Kill At Least 6..."
[DROP] low_geopolitics (region=OTHER score=50) :: "Nigeria: Super Eagles Captain Wilfred Ndidi Loses ..."
[DROP] DUP_TOPIC :: "Rusia cataloga de "alarmante" posible bloqueo nava..."
[DROP] low_geopolitics (region=OTHER score=50) :: "Bridging the Global North-South gap through infras..."
[DROP] low_geopolitics (region=OTHER score=50) :: "Record Debt in the World’s Richest Nations Threate..."
[DROP] low_geopolitics (region=OTHER score=50) :: "Five-year-old deported to Honduras despite being U..."
[DROP] low_geopolitics (region=OTHER score=50) :: "Cómo fue descubierto un guardia del SP señalado de..."
[DROP] low_geopolitics (region=OTHER score=50) :: "‘I lost part of my heart’: last of Japan’s pandas ..."
[DROP] low_geopolitics (region=OTHER score=50) :: "Ethiopia: Thousands Return From Saudi Arabia in a ..."
[DROP] low_geopolitics (region=OTHER score=50) :: "Amur-LNG multiple-use rocket to perform maiden fli..."
[DROP] low_geopolitics (region=OTHER score=50) :: "Russian automaker Tenet plans to sell over 140,000..."
[DROP] low_geopolitics (region=OTHER score=50) :: "Disgruntled, freezing Ukrainians send birthday reg..."
[DROP] DUP_TOPIC :: "Venezuela: disputa narrativa sobre presos político..."
[DROP] low_geopolitics (region=OTHER score=50) :: "ICE agents' role in Milan-Cortina Olympics sparks ..."
[DROP] low_geopolitics (region=OTHER score=50) :: "Scottish vikings march through the streets for Up ..."
[DROP] low_geopolitics (region=OTHER score=50) :: "PP, Vox y Junts se unen para tumbar la revalorizac..."
[DROP] low_geopolitics (region=OTHER score=50) :: "Hong Kong eyes bigger marathon with egg waffles an..."
[DROP] low_geopolitics (region=OTHER score=50) :: "Working while studying: Which EU countries have th..."
[DROP] low_geopolitics (region=OTHER score=50) :: "¿Alerta por el virus Nipah en la India? Ni peligro..."
[DROP] low_geopolitics (region=OTHER score=50) :: "Three modules for lunar power station to be launch..."
[DROP] low_geopolitics (region=OTHER score=50) :: "Del pulso por el Canal a Honduras: Trump reactiva ..."
[DROP] DUP_TOPIC :: "Iran Summons Italian Ambassador Over Terrorist Des..."
[DROP] low_geopolitics (region=OTHER score=50) :: "Judge orders ICE chief Todd Lyons to Minnesota cou..."
[DROP] low_geopolitics (region=OTHER score=50) :: "Torna 'Unite', la campagna mediatica contro la vio..."
[DROP] low_geopolitics (region=OTHER score=50) :: "Russian banks' profits in 2025 could approach reco..."
[DROP] low_geopolitics (region=OTHER score=50) :: "Slovakia should decline invitation to join Board o..."
[DROP] low_geopolitics (region=OTHER score=50) :: "Red Sea Rivalries Risk Unraveling the Horn of Afri..."
[DROP] low_geopolitics (region=OTHER score=50) :: "Ombudswoman for opening checkpoint on Ukrainian bo..."
[DROP] low_geopolitics (region=OTHER score=50) :: "Rutte faces backlash for telling Europeans to 'kee..."
[DROP] low_geopolitics (region=OTHER score=50) :: "Austria to ban children under 14 from using social..."
[DROP] low_geopolitics (region=OTHER score=50) :: "Social Security alarm: Retirees to soon face month..."
[DROP] low_geopolitics (region=OTHER score=50) :: "Facing U.S. turmoil, Europe and India announce blo..."
[DROP] low_geopolitics (region=OTHER score=50) :: "Siria: Los combates continúan en Kobane a pesar de..."
[DROP] low_geopolitics (region=OTHER score=50) :: "'Crying horse' toys go viral in China ahead of Lun..."
[DROP] low_geopolitics (region=OTHER score=50) :: "Kiev ready to sacrifice its people to buy time for..."
[DROP] low_geopolitics (region=OTHER score=50) :: "Sussan Ley has two factors working in her favour a..."
[DROP] low_geopolitics (region=OTHER score=50) :: "World Government Summit 2026 sets ambitious agenda..."
[DROP] low_geopolitics (region=OTHER score=50) :: "DeepSeek taps Alibaba open-source AI technology to..."
[DROP] low_geopolitics (region=OTHER score=50) :: "Chinese satellite forces 4,400 of its Starlink riv..."
[DROP] low_geopolitics (region=OTHER score=50) :: "Trump sells tariffs as farmers’ win in Iowa, but m..."
[DROP] low_geopolitics (region=OTHER score=50) :: "¿Es recomendable imprimir la tarjeta de circulació..."
[DROP] low_geopolitics (region=OTHER score=50) :: "Spain to buck Trump trend and legalise thousands o..."
[DROP] DUP_TOPIC :: "CIA to play central role in US post-intervention s..."
[DROP] low_geopolitics (region=OTHER score=50) :: "Musk agrees with Telegram CEO that WhatsApp not se..."
[DROP] low_geopolitics (region=OTHER score=50) :: "Trade in fish, seafood between Russia, Middle East..."
[DROP] low_geopolitics (region=OTHER score=50) :: "Mexicans Have a Negative Perception of the U.S. Si..."
[DROP] DUP_TOPIC :: "Analysis: Promises unkept, lives lost — Iran's pro..."
[DROP] low_geopolitics (region=OTHER score=50) :: "Irán: una red clandestina de médicos revela la mag..."
[DROP] low_geopolitics (region=OTHER score=50) :: "The stories of the final hostages whose bodies wer..."
[DROP] low_geopolitics (region=OTHER score=50) :: "'A slightly crazy dream': the French collective re..."
[DROP] low_geopolitics (region=OTHER score=50) :: "Melania Trump breaks silence amid protests against..."
[DROP] low_geopolitics (region=OTHER score=50) :: "Alegría apuesta por “fortalecer” los servicios púb..."
[DROP] low_geopolitics (region=OTHER score=50) :: "Meta, TikTok and YouTube face landmark trial over ..."
[DROP] low_geopolitics (region=OTHER score=50) :: "Spain’s Constitutional Court Upholds Arrest Warran..."
[DROP] low_geopolitics (region=OTHER score=50) :: "India-EU defense deal has no impact on New Delhi's..."
[DROP] low_geopolitics (region=OTHER score=50) :: "BAFTA nominations 2026: 'One Battle After Another'..."
[DROP] low_geopolitics (region=OTHER score=50) :: "Who is Greg Bovino, the man behind Trump’s immigra..."
[DROP] low_geopolitics (region=OTHER score=50) :: "Proyecto estadounidense dona medicamentos para niñ..."
[DROP] low_geopolitics (region=OTHER score=50) :: "On the wrong side: Hong Kong politicians trade bar..."
[DROP] low_geopolitics (region=OTHER score=50) :: "South Korea's 'fake news' law tests press autonomy..."
[DROP] low_geopolitics (region=OTHER score=50) :: "H-1B visa stamping delays extend to 2027, disrupti..."
[DROP] low_geopolitics (region=OTHER score=50) :: "As Trump shuffles global order, U.K. prime ministe..."
[DROP] low_geopolitics (region=OTHER score=50) :: "Equilibrio è il nuovo mantra del wellness..."
[DROP] low_geopolitics (region=OTHER score=50) :: "El Madrid “que cumple” que pregona Almeida contra ..."
[DROP] low_geopolitics (region=OTHER score=50) :: "French MFA criticizes NATO chief's remarks on Euro..."
[DROP] low_geopolitics (region=OTHER score=50) :: "China and Russia to bolster defence ties to counte..."
[DROP] low_geopolitics (region=OTHER score=50) :: "Criminal case against Timoshenko regarding fakes a..."
[DROP] low_geopolitics (region=OTHER score=50) :: "US suggests Hamas disarmament would come with amne..."
[DROP] low_geopolitics (region=OTHER score=50) :: "Europe cannot handle a large-scale war with Russia..."
[DROP] low_geopolitics (region=OTHER score=50) :: "India and the EU clinch the 'mother of all deals' ..."
[DROP] low_geopolitics (region=OTHER score=50) :: "GLOBAL HEATING OP-ED: When fires, floods and droug..."
[DROP] low_geopolitics (region=OTHER score=50) :: "Trump’s Board of Peace Cracks the BRICS Wall..."
[DROP] low_geopolitics (region=OTHER score=50) :: "Australia cancels visa of British-Israeli influenc..."
[DROP] low_geopolitics (region=OTHER score=50) :: "Quince pasajeros resultan heridos en accidente de ..."
[DROP] low_geopolitics (region=OTHER score=50) :: "Australia swelters as temperatures near 50 degrees..."
[DROP] DUP_TOPIC :: "Iran protests death toll could surpass 30,000, rep..."
[DROP] low_geopolitics (region=OTHER score=50) :: "Saudi Arabia ‘scales back plans for 100-mile deser..."
[DROP] low_geopolitics (region=OTHER score=50) :: "As Malaysian ringgit strengthens, Singapore shoppe..."
[DROP] low_geopolitics (region=OTHER score=50) :: "Man, 29, races against time to preserve voices of ..."
[DROP] low_geopolitics (region=OTHER score=50) :: "China and Russia Discuss Deepening Military Coordi..."
[DROP] low_geopolitics (region=OTHER score=50) :: "China’s consumer spending push faces major challen..."
[DROP] low_geopolitics (region=OTHER score=50) :: "El calefactor portátil y silencioso de Amazon con ..."
[DROP] low_geopolitics (region=OTHER score=50) :: "Germany plans crackdown on far-left militants afte..."
[DROP] low_geopolitics (region=OTHER score=50) :: "Minister refuses to say if UK HIV funding will be ..."
[DROP] low_geopolitics (region=OTHER score=50) :: "Hong Kong police arrest 71 over stooge accounts li..."
[DROP] low_geopolitics (region=OTHER score=50) :: "Mukaab: Saudi Arabia suspends construction of cont..."
[DROP] low_geopolitics (region=OTHER score=50) :: "EU deal done, Canada and Brazil cosy up to India a..."
[DROP] low_geopolitics (region=OTHER score=50) :: "UNEARTHING EXCELLENCE OP-ED: Open letter to SA sci..."
[DROP] low_geopolitics (region=OTHER score=50) :: "China appears set on militarizing another reef in ..."
[DROP] low_geopolitics (region=OTHER score=50) :: "North Korea fires missiles into sea amid talks of ..."
[DROP] low_geopolitics (region=OTHER score=50) :: "Ex-FIFA president Sepp Blatter backs calls to boyc..."
[DROP] low_geopolitics (region=OTHER score=50) :: "Fuenlabrada compite por ser una de las capitales e..."
[DROP] low_geopolitics (region=OTHER score=50) :: "Watch: Huge landslide in Sicily after Storm Harry..."
[DROP] low_geopolitics (region=OTHER score=50) :: "Japan-US alliance would crumble if Tokyo ignored T..."
[DROP] low_geopolitics (region=OTHER score=50) :: "Accidentes, lluvia y tráileres varados colapsan el..."
[DROP] low_geopolitics (region=OTHER score=50) :: "After 2.5-year Israel blockade on Gaza, Unicef del..."
[DROP] low_geopolitics (region=OTHER score=50) :: "Canada and India agree to expand oil and gas trade..."
[DROP] low_geopolitics (region=OTHER score=50) :: "China to seek deeper cooperation with UK, Chinese ..."
[DROP] low_geopolitics (region=OTHER score=50) :: "European Outrage Grows Following Trump’s Military ..."
[DROP] low_geopolitics (region=OTHER score=50) :: "Finance Ministry Eyes Online Casino Legalization t..."
[DROP] low_geopolitics (region=OTHER score=50) :: "South Africa: Visitors Return to Kruger After Floo..."
[DROP] low_geopolitics (region=OTHER score=50) :: "'It's 2C in our flat': Inside Kyiv apartment as Ru..."
[DROP] low_geopolitics (region=OTHER score=50) :: "Florida nurse fired for wishing ‘fourth degree tea..."
[DROP] low_geopolitics (region=OTHER score=50) :: "Over 70% of European firms in China review supply ..."
[DROP] low_geopolitics (region=OTHER score=50) :: "Six European countries lose measles-free status as..."
[DROP] low_geopolitics (region=OTHER score=50) :: "As China grows, it is reshaping how global public ..."
[DROP] low_geopolitics (region=OTHER score=50) :: "NEURODIVERSITY CHAMPION: Mom moves from grief to a..."
[DROP] low_geopolitics (region=OTHER score=50) :: "NKABINDE INQUIRY: Chauke probe’s ‘collapsed’ witne..."
[DROP] low_geopolitics (region=OTHER score=50) :: "Trend of Americans wearing passports on their head..."
[DROP] low_geopolitics (region=OTHER score=50) :: "Alcaraz reprime a De Miñaur y rompe su techo en Au..."
[DROP] low_geopolitics (region=OTHER score=50) :: "Sweden aims to lower age of criminal responsibilit..."
[DROP] low_geopolitics (region=OTHER score=50) :: "Salomon rebaja hasta un 36% estas Alphacross 5 con..."
[DROP] low_geopolitics (region=OTHER score=50) :: "India and EU announce 'mother of all trade deals'..."
[DROP] low_geopolitics (region=OTHER score=50) :: "Francia avanza hacia la prohibición de las redes p..."
[DROP] low_geopolitics (region=OTHER score=50) :: "Germany offers €1 million reward for information o..."
[DROP] low_geopolitics (region=OTHER score=50) :: "‘Little Napoleon in an SS coat’: Border Patrol com..."
[DROP] low_geopolitics (region=OTHER score=50) :: "Bruselas da luz verde a la compra del Atlético de ..."
[DROP] low_geopolitics (region=OTHER score=50) :: "Nigeria: Blackout Across Nigeria As National Grid ..."
[DROP] low_geopolitics (region=OTHER score=50) :: "Igualdad cambiará las pulseras antimaltrato por to..."
[DROP] low_geopolitics (region=OTHER score=50) :: "Nigeria: Court Orders FCT Workers to Suspend Strik..."
[DROP] low_geopolitics (region=OTHER score=50) :: "El PP culpa ahora al PSOE de la dana: “¿Sabe dónde..."
[DROP] low_geopolitics (region=OTHER score=50) :: "Rusia asomó que Maduro fue traicionado y señala in..."
[DROP] low_geopolitics (region=OTHER score=50) :: "EU–India free trade deal explained: Why it matters..."
[DROP] low_geopolitics (region=OTHER score=50) :: "Minnesota: Protests continue as some agents prepar..."
[DROP] low_geopolitics (region=OTHER score=50) :: "EU member to fight against Russian gas ban..."
[DROP] low_geopolitics (region=OTHER score=50) :: "China Rejects U.S. Accusation Over South China Sea..."
[DROP] low_geopolitics (region=OTHER score=50) :: "Myanmar escenifica unas elecciones sin oposición p..."
[DROP] low_geopolitics (region=OTHER score=50) :: "México cancela un envío de petróleo a Cuba en medi..."
[DROP] low_geopolitics (region=OTHER score=50) :: ""Mi casa me la partieron": Sauzal Bonito, el puebl..."
[DROP] low_geopolitics (region=OTHER score=50) :: "China could approve first fully AI-designed drug n..."
[DROP] low_geopolitics (region=OTHER score=50) :: "Kenya: SHA to Block Drug Claims From Hospitals Tha..."
[DROP] low_geopolitics (region=OTHER score=50) :: "Antigua GFC no levanta y Tapia reconoce un inicio ..."
[DROP] low_geopolitics (region=OTHER score=50) :: "OCDE recomienda políticas públicas para impulsar a..."
[DROP] low_geopolitics (region=OTHER score=50) :: "US envoy to China says progress on agreements, Boe..."
[DROP] low_geopolitics (region=OTHER score=50) :: "'So little we know': In submersibles revealing the..."
[DROP] low_geopolitics (region=OTHER score=50) :: "Irán: ¿qué opciones tiene Estados Unidos en caso d..."
[DROP] low_geopolitics (region=OTHER score=50) :: "Israel-Hamás: ¿Qué sigue tras la recuperación de l..."
[DROP] low_geopolitics (region=OTHER score=50) :: "‘I am no longer a US citizen’: Man explains why he..."
[DROP] DUP_TOPIC :: "Trump says Iran ‘is ready to make a deal’ just as ..."
[DROP] low_geopolitics (region=OTHER score=50) :: "South Africa: Tshwane Cuts Power to Estates and Of..."
[DROP] low_geopolitics (region=OTHER score=50) :: "Hong Kong’s exports jump 15.4% in 2025 to ‘histori..."
[DROP] low_geopolitics (region=OTHER score=50) :: "The Middle East Has Two New Rival Teams..."
[DROP] low_geopolitics (region=OTHER score=50) :: "Hamas took 251 hostages from Israel into Gaza. Wha..."
[DROP] low_geopolitics (region=OTHER score=50) :: "The Kidnapping of President Maduro Violates Intern..."
[DROP] low_geopolitics (region=OTHER score=50) :: "ICE agents get security role at 2026 Winter Olympi..."
[DROP] low_geopolitics (region=OTHER score=50) :: "Iran threats, Maduro capture and mixed messages on..."
[DROP] low_geopolitics (region=OTHER score=50) :: "Las FFAA rusas liberan 2 asentamientos e intercept..."
[DROP] low_geopolitics (region=OTHER score=50) :: "Mercadona abre más brecha con sus rivales en un añ..."
[DROP] low_geopolitics (region=OTHER score=50) :: "Gaza war triggers unprecedented Israeli mental hea..."
[DROP] low_geopolitics (region=OTHER score=50) :: "Katy Perry urges fans to block ICE $10bn funding, ..."
[DROP] low_geopolitics (region=OTHER score=50) :: "Sly Dunbar, pioneering reggae music producer and d..."
[DROP] low_geopolitics (region=OTHER score=50) :: ""Los zombis son algo patente y casi que predominan..."
[DROP] low_geopolitics (region=OTHER score=50) :: "Charity warns of elderly isolation after 32 ‘solit..."
[DROP] low_geopolitics (region=OTHER score=50) :: "Así son las escuelas que superan las expectativas:..."
[DROP] low_geopolitics (region=OTHER score=50) :: "Tornado hits Turkey's Antalya, causes widespread d..."
[DROP] DUP_TOPIC :: "Turkey plans buffer zone if Iran government falls..."
[DROP] low_geopolitics (region=OTHER score=50) :: "US warns they will send fighter jets into Canadian..."
[DROP] low_geopolitics (region=OTHER score=50) :: "Flooding hammers Mozambique, southern African neig..."
[DROP] low_geopolitics (region=OTHER score=50) :: "Hong Kong retiree spiked soft drinks with urine in..."
[DROP] low_geopolitics (region=OTHER score=50) :: "India, EU ‘make history’ as they seal trade pact a..."
[DROP] low_geopolitics (region=OTHER score=50) :: "Number of people in 'very deep poverty' in UK hits..."
[DROP] low_geopolitics (region=OTHER score=50) :: "La llegada de agentes del ICE a los Juegos Olímpic..."
[DROP] low_geopolitics (region=OTHER score=50) :: "What’s for dinner? Just Eat’s new AI assistant can..."
[DROP] low_geopolitics (region=OTHER score=50) :: "Billie Eilish calls on more celebrities to speak u..."
[DROP] low_geopolitics (region=OTHER score=50) :: "Africa: 'Avoid the United States' - Ex-FIFA Presid..."
[DROP] low_geopolitics (region=OTHER score=50) :: "MrBeast melts hearts after gifting disabled 12-yea..."
[DROP] low_geopolitics (region=OTHER score=50) :: "Major Winter Storm Dumps Snow on Moscow, Disrupts ..."
[DROP] DUP_TOPIC :: "Suspende M�xico petr�leo a Cuba..."
[DROP] low_geopolitics (region=OTHER score=50) :: "Asigna Corte a favorita camionetas sin licitar..."
[DROP] low_geopolitics (region=OTHER score=50) :: "�Cierto... o falso? Wedding fue detenido, asegura ..."
[DROP] low_geopolitics (region=OTHER score=50) :: "Latest news bulletin | January 27th, 2026 – Midday..."
[DROP] low_geopolitics (region=OTHER score=50) :: "¿Cómo queda la distribución de las asignaciones po..."
[DROP] low_geopolitics (region=OTHER score=50) :: "España adoptará un plan de regularización de inmig..."
[DROP] low_geopolitics (region=OTHER score=50) :: "Africa: New $30 Million Push to Make Ebola Vaccine..."
[DROP] low_geopolitics (region=OTHER score=50) :: "Two British far-right activists detained in France..."
[DROP] low_geopolitics (region=OTHER score=50) :: "EU now has its own 'secure and encrypted' satellit..."
[DROP] low_geopolitics (region=OTHER score=50) :: "Vista desde India, la “madre de todos los acuerdos..."
[DROP] low_geopolitics (region=OTHER score=50) :: "‘Deep concern’: Over 40 environmental groups urge ..."
[DROP] low_geopolitics (region=OTHER score=50) :: "La familia Beckham reaparece unida en París para a..."
[DROP] low_geopolitics (region=OTHER score=50) :: "Is Gregory Bovino blocked from using social media?..."
[DROP] low_geopolitics (region=OTHER score=50) :: "Italia: Agentes del ICE colaborarán con la segurid..."
[DROP] low_geopolitics (region=OTHER score=50) :: "Pro-gun lobby at odds with Trump administration ov..."
[DROP] low_geopolitics (region=OTHER score=50) :: "South Africa confirms temporary withdrawal from th..."
[DROP] low_geopolitics (region=OTHER score=50) :: "How Trump’s Threats to Greenland Made Him a Liabil..."
[DROP] low_geopolitics (region=OTHER score=50) :: "¿Qué significan las purgas en la cúpula del ejérci..."
[DROP] low_geopolitics (region=OTHER score=50) :: "El Consejo de Seguridad Nuclear cree que tendrá li..."
[DROP] low_geopolitics (region=OTHER score=50) :: "Somalia: Somalia Returns Looted Aid Supplies to WF..."
[DROP] low_geopolitics (region=OTHER score=50) :: ""Los daneses nunca hemos tratado a los groenlandes..."
[DROP] low_geopolitics (region=OTHER score=50) :: "Mother of man jailed in Syria for Islamic State li..."
[DROP] low_geopolitics (region=OTHER score=50) :: "Poland built the E.U.’s biggest army, but the thre..."
[DROP] low_geopolitics (region=OTHER score=50) :: "La empresa de alimentos orgánicos de la actriz Jen..."
[DROP] low_geopolitics (region=OTHER score=50) :: "Ghana: Gaf Rejects 60 Percent HIV Claim in Recruit..."
[DROP] low_geopolitics (region=OTHER score=50) :: "Who is Tom Homan? Trump’s border czar heading to M..."
[DROP] low_geopolitics (region=OTHER score=50) :: "La inversión en tecnología, clave para un transpor..."
[DROP] low_geopolitics (region=OTHER score=50) :: "Blasti Case Uncovers Corporate Network Linked to E..."
[DROP] low_geopolitics (region=OTHER score=50) :: "Nigeria: Two Nigerian Universities in Top 1000 Uni..."
[DROP] low_geopolitics (region=OTHER score=50) :: "Liberia: Boakai Remains Resolute in Pursuing Capit..."
[DROP] low_geopolitics (region=OTHER score=50) :: "Liberia: GOL, Badea Sign U.S.$30m Salayea-Konia Ro..."
[DROP] low_geopolitics (region=OTHER score=50) :: "La regularización de inmigrantes alcanza a quienes..."
[DROP] low_geopolitics (region=OTHER score=50) :: "EEUU: Trump intenta bajar las tensiones en Mineápo..."
[DROP] low_geopolitics (region=OTHER score=50) :: "Africa: Building Africa's Future Together - OAFLAD..."
[DROP] low_geopolitics (region=OTHER score=50) :: "Liberia: Boakai's Third SONA Signals Progress, but..."
[DROP] low_geopolitics (region=OTHER score=50) :: "Kenya: Navy Commander, French Envoy Discuss Streng..."
[DROP] low_geopolitics (region=OTHER score=50) :: "Tributes paid to ‘pure hearted’ British mother sta..."
[DROP] DUP_TOPIC :: "Muertes por accidentes de tránsito en Cuba aumenta..."
[DROP] DUP_TOPIC :: "Crecen las tensiones con Rusia por posibles planes..."
[DROP] low_geopolitics (region=OTHER score=50) :: "In China, AI is no longer optional for some kids. ..."
[DROP] low_geopolitics (region=OTHER score=50) :: "¿Cuántos años tiene esta casa?..."
[DROP] low_geopolitics (region=OTHER score=50) :: "Trump raises US tariffs on South Korea imports to ..."
[DROP] low_geopolitics (region=OTHER score=50) :: "Born in a concentration camp: A Holocaust survivor..."
[DROP] low_geopolitics (region=OTHER score=50) :: "For Iran, another US–Israeli attack would be an 'e..."
[DROP] low_geopolitics (region=OTHER score=50) :: "Who were Jacob Hosmer and Shawna Collins? Pilot an..."
[DROP] low_geopolitics (region=OTHER score=50) :: "Keir Starmer makes fun of Emmanuel Macron’s aviato..."
[DROP] low_geopolitics (region=OTHER score=50) :: "Los buzos encuentran sumergido el cuerpo del estad..."
[DROP] low_geopolitics (region=OTHER score=50) :: "U.S. strikes on alleged drug boats have done littl..."
[DROP] low_geopolitics (region=OTHER score=50) :: "Activists fear U.S. visa restrictions for Palestin..."
[DROP] low_geopolitics (region=OTHER score=50) :: "Government settles case over sex assault of ex-SDF..."
[DROP] low_geopolitics (region=OTHER score=50) :: "Japón: la primera ministra Sanae Takaichi cae en l..."
[DROP] low_geopolitics (region=OTHER score=50) :: "Así se expande la ‘Vespa orientalis’, otro avispón..."
[DROP] low_geopolitics (region=OTHER score=50) :: "TikTok accused of suppressing bad Trump news after..."
[DROP] low_geopolitics (region=OTHER score=50) :: "NATO’s Rutte says Europe can’t defend itself witho..."
[DROP] low_geopolitics (region=OTHER score=50) :: "Trump approval rating today: Poll hits record low ..."
[DROP] low_geopolitics (region=OTHER score=50) :: "Narrow election window creates logistical nightmar..."
[DROP] low_geopolitics (region=OTHER score=50) :: "Estados Unidos: La tormenta invernal paraliza part..."
[DROP] low_geopolitics (region=OTHER score=50) :: "Audiencias: ‘Horizonte’ comienza a competir contra..."
[DROP] low_geopolitics (region=OTHER score=50) :: "North Korea fires off two missiles as rare ruling ..."
[DROP] low_geopolitics (region=OTHER score=50) :: "Who is Kyle Wagner? Minnesota ‘Antifa’ activist la..."
[DROP] low_geopolitics (region=OTHER score=50) :: "Australia revokes visa of Israeli influencer who h..."
[DROP] low_geopolitics (region=OTHER score=50) :: "Canada’s energy minister arrives in India on Tuesd..."
[DROP] low_geopolitics (region=OTHER score=50) :: "Luka Doncic fires in 46 points as Lakers blast Bul..."
[DROP] low_geopolitics (region=OTHER score=50) :: "Carney’s approval ratings rise after Davos speech..."
[DROP] low_geopolitics (region=OTHER score=50) :: "Kristi Noem sees odds of being fired spike on Poly..."
[DROP] low_geopolitics (region=OTHER score=50) :: "Tokyo private lodging firm referred to prosecutors..."
[DROP] low_geopolitics (region=OTHER score=50) :: "El euro alcanza niveles máximos no vistos frente a..."
[DROP] low_geopolitics (region=OTHER score=50) :: "Greg Bovino family: What we know about Border Patr..."
[DROP] low_geopolitics (region=OTHER score=50) :: "Doval to visit Canada next month for strategic coo..."
[DROP] low_geopolitics (region=OTHER score=50) :: "¿Puede la UE concretar su plan de convertirse en u..."
[DROP] low_geopolitics (region=OTHER score=50) :: "Starmer says UK won’t be forced to choose between ..."
[DROP] low_geopolitics (region=OTHER score=50) :: "ISIS-K-linked embassy attack plot foiled in Azerba..."
[DROP] low_geopolitics (region=OTHER score=50) :: "North Korea launches missile as US pushes South Ko..."
[DROP] low_geopolitics (region=OTHER score=50) :: "Nigerian military officers to face trial over alle..."
[DROP] low_geopolitics (region=OTHER score=50) :: "La UE e India firman un colosal acuerdo comercial..."
[DROP] low_geopolitics (region=OTHER score=50) :: "La china Anta se convierte en el primer accionista..."
[DROP] low_geopolitics (region=OTHER score=50) :: "Who is Melinda? Virginia healthcare worker accused..."
[DROP] low_geopolitics (region=OTHER score=50) :: "NATO chief wishes 'good luck' to those who think E..."
[DROP] low_geopolitics (region=OTHER score=50) :: "French MPs vote to curb children’s screen time wit..."
[DROP] DUP_TOPIC :: "Hizbullah, Iran’s most powerful proxy, has been hu..."
[DROP] low_geopolitics (region=OTHER score=50) :: "Why AI won’t wipe out white-collar jobs..."
[DROP] low_geopolitics (region=OTHER score=50) :: "Editorial:     EU: la mentira como sistema..."
[DROP] low_geopolitics (region=OTHER score=50) :: "Acusa ministro a sus antecesores de llevarse vehíc..."
[DROP] low_geopolitics (region=OTHER score=50) :: "Demanda superó boletaje disponible: Ticketmaster..."
[DROP] low_geopolitics (region=OTHER score=50) :: "Congreso ratifica a Gertz Manero como embajador en..."
[DROP] low_geopolitics (region=OTHER score=50) :: "Luis Hernández Navarro: Vicente Estrada, jaramilli..."
[DROP] low_geopolitics (region=OTHER score=50) :: "Entran en cuarentena astronautas de la misión Arte..."
[DROP] low_geopolitics (region=OTHER score=50) :: "Denuncian anomalías en la consulta  de revocación ..."
[DROP] low_geopolitics (region=OTHER score=50) :: "Localizan el cuerpo de militar que cayó a la presa..."
[DROP] DUP_URL :: "Irán busca acuerdo con EU, afirma Trump; despliega..."
[DROP] low_geopolitics (region=OTHER score=50) :: "Abogados de Salinas revisan en SAT cifra a pagar, ..."
[DROP] low_geopolitics (region=OTHER score=50) :: "México, tercer país de AL con mujeres que sufriero..."
[DROP] low_geopolitics (region=OTHER score=50) :: "Comentarios de Trump, parte de su táctica para neg..."
[DROP] low_geopolitics (region=OTHER score=50) :: "Ofrece la OTAN a la Casa Blanca defender el Ártico..."
[DROP] low_geopolitics (region=OTHER score=50) :: "Represión de Trump reduce flujos, pero ignora orig..."
[DROP] low_geopolitics (region=OTHER score=50) :: "Enrique Galván Ochoa: Dinero..."
[DROP] low_geopolitics (region=OTHER score=50) :: "El antiestrellato de The Modern Lovers cumple medi..."
[DROP] low_geopolitics (region=OTHER score=50) :: "José Romero: El T-MEC y el mando económico..."
[DROP] low_geopolitics (region=OTHER score=50) :: "José Blanco/II: El orden  de la  fuerza..."
[DROP] low_geopolitics (region=OTHER score=50) :: "Se contuvo precio de la gasolina en  el primer año..."
[DROP] low_geopolitics (region=OTHER score=50) :: "La BMV llega a nuevo récord; oro y plata, entre lo..."
[DROP] low_geopolitics (region=OTHER score=50) :: "Experto evita atribuir a mineras los microsismos e..."
[DROP] low_geopolitics (region=OTHER score=50) :: "Víctor M. Toledo: Innovar es peligroso..."
[DROP] low_geopolitics (region=OTHER score=50) :: "Publicarán en breve reformas antiextorsión: la Pre..."
[DROP] low_geopolitics (region=OTHER score=50) :: "Apoyan a mujeres de zonas rurales con educación fi..."
[DROP] low_geopolitics (region=OTHER score=50) :: "Cristina Rivera Garza: Timbre..."
[DROP] low_geopolitics (region=OTHER score=50) :: "Prevén multa millonaria a partidos por afiliacione..."
[DROP] low_geopolitics (region=OTHER score=50) :: "Jefe de la Patrulla Fronteriza, fuera de redes soc..."
[DROP] low_geopolitics (region=OTHER score=50) :: "Informalidad sigue al alza: ocupa a 32.98 millones..."
[DROP] low_geopolitics (region=OTHER score=50) :: "Rompe la izquierda de Chile la unidad en torno al ..."
[DROP] low_geopolitics (region=OTHER score=50) :: "CFE dispone  de energía suficiente para encarar em..."
[DROP] low_geopolitics (region=OTHER score=50) :: "Julio Hernández López: Astillero..."
[DROP] low_geopolitics (region=OTHER score=50) :: "Destaca Semarnat acciones de recuperación de agua..."
[DROP] low_geopolitics (region=OTHER score=50) :: "Invalida la Suprema Corte castigo por delito de ha..."
[DROP] low_geopolitics (region=OTHER score=50) :: "Albanese insiste: “se trata de genocidio”..."
[DROP] low_geopolitics (region=OTHER score=50) :: "Donan dedicatoria de Hemingway..."
[DROP] low_geopolitics (region=OTHER score=50) :: "Miguel Pineda: Negocios y empresas..."
[DROP] low_geopolitics (region=OTHER score=50) :: "México aún es firme socio de EU a pesar de amenaza..."
[DROP] low_geopolitics (region=OTHER score=50) :: "Entregan al IEPC-Jalisco “más firmas de las requer..."
[DROP] low_geopolitics (region=OTHER score=50) :: "Trabajadores de AHMSA se plantan en el Zócalo: exi..."
[DROP] low_geopolitics (region=OTHER score=50) :: "Día escolar de  la no violencia..."
[DROP] low_geopolitics (region=OTHER score=50) :: "Mahoalli Nassourou da voz a narrativas  que confro..."
[DROP] low_geopolitics (region=OTHER score=50) :: "Reportan deceso de  un indigente en Tampico   por ..."
[DROP] low_geopolitics (region=OTHER score=50) :: "Persiste la opacidad en la renuncia de magistrada ..."
[DROP] low_geopolitics (region=OTHER score=50) :: "Vicealmirante acusado de huachicol fiscal envía ca..."
[DROP] low_geopolitics (region=OTHER score=50) :: "Sabalenka, a semifinales..."
[DROP] low_geopolitics (region=OTHER score=50) :: "Perecen 30 por tormenta en EU; más de 670 mil apag..."
[DROP] low_geopolitics (region=OTHER score=50) :: "Claudia de la Torre, premio Ankaria Libro de Artis..."
[DROP] low_geopolitics (region=OTHER score=50) :: "Sundance estrena documental sobre el ataque a Salm..."
[DROP] DUP_TOPIC :: "Canceló Pemex envío de crudo a Cuba, según  Bloomb..."
[DROP] low_geopolitics (region=OTHER score=50) :: "La danza como “mensaje universal del amor” es el e..."
[DROP] low_geopolitics (region=OTHER score=50) :: "Laboran sin Seguro Social 66.20% de personas emple..."
[DROP] low_geopolitics (region=OTHER score=50) :: "Javier Aranda Luna: La tentación del fracaso de Ju..."
[DROP] low_geopolitics (region=OTHER score=50) :: "Arrasa Israel zonas de Gaza para recuperar los res..."
[DROP] low_geopolitics (region=OTHER score=50) :: "Peso se revalúa frente a cinco  importantes moneda..."
[DROP] low_geopolitics (region=OTHER score=50) :: "Magdalena Gómez: El “nuevo” desorden mundial y los..."
[DROP] low_geopolitics (region=OTHER score=50) :: "España y Nicaragua avivan sus diferendos diplomáti..."
[DROP] low_geopolitics (region=OTHER score=50) :: "Denuncian trabajadores de hospital veterinario hos..."
[DROP] low_geopolitics (region=OTHER score=50) :: "Repudia colectivo “artimañas” de México Tiene Vida..."
[DROP] low_geopolitics (region=OTHER score=50) :: "Extranjeros varados en México sufren depresión y p..."
[DROP] low_geopolitics (region=OTHER score=50) :: "Padres de los 43 exigen resultados del rastreo de ..."
[DROP] low_geopolitics (region=OTHER score=50) :: "El Correo Ilustrado..."
[DROP] low_geopolitics (region=OTHER score=50) :: "Miguel Ángel Velázquez: Ciudad perdida..."
[DROP] low_geopolitics (region=OTHER score=50) :: "Ante repudio por asesinatos, Trump modifica su est..."
[DROP] low_geopolitics (region=OTHER score=50) :: "Ernesto Márquez/II: Tumbando caña..."
[DROP] low_geopolitics (region=OTHER score=50) :: "Activan alerta naranja por heladas en las alcaldía..."
[DROP] low_geopolitics (region=OTHER score=50) :: "En esta Corte “no hacemos oídos sordos a cuestiona..."
[DROP] low_geopolitics (region=OTHER score=50) :: "Con pláticas y talleres combate acoso escolar la C..."
[DROP] low_geopolitics (region=OTHER score=50) :: "En Sideris, Adrián de la Vega reflexiona sobre los..."
[DROP] low_geopolitics (region=OTHER score=50) :: "Ligan al cártel Santa Rosa de Lima con la masacre ..."
[DROP] low_geopolitics (region=OTHER score=50) :: "La UNAM busca acercar a los jóvenes a la investiga..."
[DROP] low_geopolitics (region=OTHER score=50) :: "Detienen a 2 malportados por el asesinato de dos p..."
[DROP] low_geopolitics (region=OTHER score=50) :: "EU mantiene clima hostil y alista megaoperativo de..."
[DROP] low_geopolitics (region=OTHER score=50) :: "Marina recolecta 80 toneladas de sargazo en QR..."
[DROP] low_geopolitics (region=OTHER score=50) :: "Registró Protección Civil mil 884 accidentes por u..."
[DROP] low_geopolitics (region=OTHER score=50) :: "Innecesario, gastar $1 millón en documental sobre ..."
[DROP] low_geopolitics (region=OTHER score=50) :: "Descarta Sheinbaum que programas sociales se vuelv..."
[DROP] low_geopolitics (region=OTHER score=50) :: "El pueblo venezolano no recibe órdenes de ningún f..."
[DROP] low_geopolitics (region=OTHER score=50) :: "Alientan expertos a crear una cadena productiva en..."
[DROP] low_geopolitics (region=OTHER score=50) :: "Se ubica la CDMX en cuarto sitio en cifra de suici..."
[DROP] low_geopolitics (region=OTHER score=50) :: "Mejora desempeño de la UNAM en ranking mundial; es..."
[DROP] low_geopolitics (region=OTHER score=50) :: "Pura fibra..."
[DROP] low_geopolitics (region=OTHER score=50) :: "México, lejos del interés de la élite del futbol e..."
[DROP] low_geopolitics (region=OTHER score=50) :: "México, destino comercial apreciado por bajos aran..."
[DROP] low_geopolitics (region=OTHER score=50) :: "Avala la Corte cobro de $67 millones a Nueva Elekt..."
[DROP] DUP_TOPIC :: "Venezuela reanudará sus exportaciones de gas a EU..."
[DROP] low_geopolitics (region=OTHER score=50) :: "Davit Nava aporta su arte al cuidado de los colibr..."
[DROP] low_geopolitics (region=OTHER score=50) :: "Entre altibajos, Checo Pérez calienta motores con ..."
[DROP] low_geopolitics (region=OTHER score=50) :: "Morena y AN se unen a condena..."
[DROP] low_geopolitics (region=OTHER score=50) :: "Brasil propone a EU enfocar el Consejo de  Paz a l..."
[DROP] low_geopolitics (region=OTHER score=50) :: "Decomisan en Tabasco cerca  de 4 mil 500 litros de..."
[DROP] low_geopolitics (region=OTHER score=50) :: "Agradece Sheinbaum que Brasil resguarde en nuestro..."
[DROP] low_geopolitics (region=OTHER score=50) :: "Destituyen a Romero Tellaeche en el CIDE; él alega..."
[DROP] low_geopolitics (region=OTHER score=50) :: "En la CNDH “no se simula, somos autónomos”: Rosari..."
[DROP] low_geopolitics (region=OTHER score=50) :: "Apoyo a Morena decreció en la entidad  en los últi..."
[DROP] low_geopolitics (region=OTHER score=50) :: "Los futbolistas que jueguen la Copa en México paga..."
[DROP] low_geopolitics (region=OTHER score=50) :: "Falso, que EU arrestara en México a ex atleta olím..."
[DROP] low_geopolitics (region=OTHER score=50) :: "Carlos Fernández-Vega: México SA..."
[DROP] low_geopolitics (region=OTHER score=50) :: "El gobierno federal promoverá “mundialitos” en esc..."
[DROP] low_geopolitics (region=OTHER score=50) :: "Envía Sheinbaum carta diplomática a Corea para ped..."
[DROP] low_geopolitics (region=OTHER score=50) :: "Lo aprehendieron, no se entregó, asegura el abogad..."
[DROP] low_geopolitics (region=OTHER score=50) :: "Magú..."
[DROP] low_geopolitics (region=OTHER score=50) :: "El Fisgón..."
[DROP] low_geopolitics (region=OTHER score=50) :: "Rocha..."
[DROP] low_geopolitics (region=OTHER score=50) :: "Hernández..."
[DROP] DUP_TOPIC :: "Iran’s Protest Crackdown Looks Deadlier by the Day..."
[DROP] low_geopolitics (region=OTHER score=50) :: "Portaviones de EEUU llega al Oriente Medio e Irán ..."
[DROP] low_geopolitics (region=OTHER score=50) :: "El paro en España cae por debajo del 10% por prime..."
[DROP] low_geopolitics (region=OTHER score=50) :: "Zionist Expansion: A First-Hand Account of Israel’..."
[DROP] low_geopolitics (region=OTHER score=50) :: "Winter Storm Leaves at Least 27 Dead Across the Un..."
[DROP] low_geopolitics (region=OTHER score=50) :: "Israel kills TV presenter, two others in Lebanon..."
[DROP] low_geopolitics (region=OTHER score=50) :: "More than 1,000 families told to evacuate as bushf..."
[DROP] low_geopolitics (region=OTHER score=50) :: "Estreno de ‘DecoMasters’: drama y salseo en el ‘Ma..."
[DROP] low_geopolitics (region=OTHER score=50) :: "Trump threatens to raise tariffs on South Korea to..."
[DROP] low_geopolitics (region=OTHER score=50) :: "Ecuador invertirá 180 millones de dólares en equip..."
[DROP] low_geopolitics (region=OTHER score=50) :: "‘John le Carré: Tradecraft’ Review: The Spy Noveli..."
[DROP] low_geopolitics (region=OTHER score=50) :: "Fact check: Have Disney and Marvel fired Mark Ruff..."
[DROP] low_geopolitics (region=OTHER score=50) :: "Japan and U.S. eye synthetic diamond production un..."
[DROP] low_geopolitics (region=OTHER score=50) :: "Katy Perry and Pedro Pascal among celebrities call..."
[DROP] low_geopolitics (region=OTHER score=50) :: "US winter storm map: 'More intense' system on the ..."
[DROP] low_geopolitics (region=OTHER score=50) :: "Chinese tourists picking South Korea over Japan fo..."
[DROP] low_geopolitics (region=OTHER score=50) :: "Will ICE show up at Super Bowl 2026? DHS shares de..."
[DROP] low_geopolitics (region=OTHER score=50) :: "Former Citi Executive Sues Bank, Alleging Sexual H..."
[DROP] low_geopolitics (region=OTHER score=50) :: "Stung by Trump, America’s Top Trading Partners Coz..."
[DROP] low_geopolitics (region=OTHER score=50) :: "Coordinated intervention chatter changes the bet o..."
[DROP] low_geopolitics (region=OTHER score=50) :: "Russia’s desperate recruitment drive as Putin free..."
[DROP] low_geopolitics (region=OTHER score=50) :: "Trump raises US tariffs on South Korean imports to..."
[DROP] low_geopolitics (region=OTHER score=50) :: "EU and India seal 'mother of all trade deals' as l..."
[DROP] low_geopolitics (region=OTHER score=50) :: "Mexico shelves planned shipment of oil to Cuba ami..."
[DROP] low_geopolitics (region=OTHER score=50) :: "Bangladeshi workers lured to Russia for jobs trick..."
[DROP] low_geopolitics (region=OTHER score=50) :: "IRGC Says It Foiled Foreign Intelligence Terror Pl..."
[DROP] low_geopolitics (region=OTHER score=50) :: "Africa: All of Africa Today - January 27, 2025..."
[DROP] low_geopolitics (region=OTHER score=50) :: "The Tyranny Apologists..."
[DROP] low_geopolitics (region=OTHER score=50) :: "South Korea reassures on U.S. investment pledge af..."
[DROP] low_geopolitics (region=OTHER score=50) :: "Imagining the End of Capitalism..."
[DROP] low_geopolitics (region=OTHER score=50) :: "One More in the Name of Oil and Empire..."
[DROP] low_geopolitics (region=OTHER score=50) :: "Gaza’s “Board of Peace”: A Circus to Normalize a N..."
[DROP] low_geopolitics (region=OTHER score=50) :: "Borders as Crime Scenes and Crimes..."
[DROP] low_geopolitics (region=OTHER score=50) :: "The Global Billionaire Steal: Wealth, Authoritaria..."
[DROP] low_geopolitics (region=OTHER score=50) :: "Spotting Conspiracy Talk: A Linguistic Guide for t..."
[DROP] low_geopolitics (region=OTHER score=50) :: "Welcome to Palestine, Minnesota: Life Under Occupa..."
[DROP] low_geopolitics (region=OTHER score=50) :: "Spending Under Trump: Drugs Up, Factories Down..."
[DROP] DUP_TOPIC :: "At least 6,126 people killed in Iran's crackdown o..."
[DROP] low_geopolitics (region=OTHER score=50) :: "Asphyxial injuries, 67 stab wounds, lung injuries:..."
[DROP] low_geopolitics (region=OTHER score=50) :: "West Java Landslide Death Toll Reaches 38..."
[DROP] low_geopolitics (region=OTHER score=50) :: "ICE Immigration Tactics are Shocking More American..."
[DROP] low_geopolitics (region=OTHER score=50) :: "Last two pandas in Japan leave for China..."
[DROP] low_geopolitics (region=OTHER score=50) :: "Las pequeñas empresas en el Reino Unido son las má..."
[DROP] low_geopolitics (region=OTHER score=50) :: "El paraguas XL resistente al viento que se convert..."
[DROP] low_geopolitics (region=OTHER score=50) :: "Enero termina sin que el CIV arranque obras viales..."
[DROP] low_geopolitics (region=OTHER score=50) :: "Proyectos con el Cuerpo de Ingenieros de EE. UU., ..."
[DROP] low_geopolitics (region=OTHER score=50) :: "Senior who fatally shot terminally ill husband in ..."
[DROP] low_geopolitics (region=OTHER score=50) :: "De mal en peor..."
[DROP] low_geopolitics (region=OTHER score=50) :: "President Xiomara Castro Concludes Mandate Highlig..."
[DROP] low_geopolitics (region=OTHER score=50) :: "Urge hoja de ruta sobre infraestructura..."
[DROP] low_geopolitics (region=OTHER score=50) :: "En busca de señales del nuevo orden mundial de Tru..."
[DROP] low_geopolitics (region=OTHER score=50) :: "Tres consejos para establecer límites de tiempo fr..."
[DROP] low_geopolitics (region=OTHER score=50) :: "La Antigua: ¿cámaras para seguridad o para multar?..."
[DROP] low_geopolitics (region=OTHER score=50) :: "El futuro de Guatemala se construye acercando comu..."
[DROP] low_geopolitics (region=OTHER score=50) :: "Respeto tardío, gratitud inexistente..."
[DROP] low_geopolitics (region=OTHER score=50) :: "South Africa: Search Continues as Limpopo Flood De..."
[DROP] low_geopolitics (region=OTHER score=50) :: "Orden mundial, tres alternativas..."
[DROP] low_geopolitics (region=OTHER score=50) :: "Horóscopo de hoy martes 27 de enero de 2026..."
[DROP] low_geopolitics (region=OTHER score=50) :: "Vietnam’s To Lam Stakes His Ascent on Rapid Growth..."
[DROP] low_geopolitics (region=OTHER score=50) :: "¿Qué hubiera hecho si fuera un judío en el Holocau..."
[DROP] low_geopolitics (region=OTHER score=50) :: "Trump says he will impose new tariffs on South Kor..."
[DROP] low_geopolitics (region=OTHER score=50) :: "What is an ‘icequake’ and could the winter phenome..."
[DROP] low_geopolitics (region=OTHER score=50) :: "Greg Bovino set to leave Minneapolis and could ‘re..."
[DROP] low_geopolitics (region=OTHER score=50) :: "Xi’s Purge of the Chinese Military..."
[DROP] low_geopolitics (region=OTHER score=50) :: "'Trauma still felt': North African Jews and the Ho..."
[DROP] low_geopolitics (region=OTHER score=50) :: "The Killing of Alex Pretti Should Be the Breaking ..."
[DROP] low_geopolitics (region=OTHER score=50) :: "Who is Brenna Doyle? Woman arrested for allegedly ..."
[DROP] low_geopolitics (region=OTHER score=50) :: "Las 25 rebajas de hogar más atractivas en producto..."
[DROP] low_geopolitics (region=OTHER score=50) :: "20 ideas para regalar a un hombre en San Valentín ..."
[DROP] low_geopolitics (region=OTHER score=50) :: "Heart-stopping moment 19-month-old baby flies out ..."
[DROP] low_geopolitics (region=OTHER score=50) :: "Most Americans supported Trump’s mass deportations..."
[DROP] low_geopolitics (region=OTHER score=50) :: "Minneapolis despide con una protesta a Greg Bovino..."
[DROP] low_geopolitics (region=OTHER score=50) :: "Who is Tom Homan? 5 things to know about the Trump..."
[DROP] DUP_TOPIC :: "El éxodo de empresas y trabajadores hacia el oeste..."
[DROP] low_geopolitics (region=OTHER score=50) :: "Y si el decreto cae, ¿qué pasará con las pensiones..."
[DROP] low_geopolitics (region=OTHER score=50) :: "Las ‘big tech’ preparan otro récord: superarán los..."
[DROP] low_geopolitics (region=OTHER score=50) :: "ICE captura al reguetonero cubano Abel Díaz Rodríg..."
[DROP] low_geopolitics (region=OTHER score=50) :: "El hartazgo de los pasajeros de Rodalies: “Me plan..."
[DROP] low_geopolitics (region=OTHER score=50) :: "Iñaki Barrón, líder de la investigación sobre Adam..."
[DROP] low_geopolitics (region=OTHER score=50) :: "El contrato de renovación del tramo de Adamuz no c..."
[DROP] low_geopolitics (region=OTHER score=50) :: "Minneapolis exige una coalición feminista..."
[DROP] low_geopolitics (region=OTHER score=50) :: "¿Subir (mucho) el alquiler es de malas personas?..."
[DROP] low_geopolitics (region=OTHER score=50) :: "Riki Blanco: Me gustabas más antes..."
[DROP] low_geopolitics (region=OTHER score=50) :: "Defensa del liberalismo..."
[DROP] low_geopolitics (region=OTHER score=50) :: "¡No es la inmigración, estúpido!..."
[DROP] low_geopolitics (region=OTHER score=50) :: "ChatGPT: el tarotista más caro del mundo..."
[DROP] low_geopolitics (region=OTHER score=50) :: "¿“Todos” perdimos la Guerra Civil? Un ciclo de cha..."
[DROP] low_geopolitics (region=OTHER score=50) :: "El juzgado que investiga la difusión de imágenes d..."
[DROP] low_geopolitics (region=OTHER score=50) :: "Cuando la música clásica se vuelve ‘kitsch’ para l..."
[DROP] low_geopolitics (region=OTHER score=50) :: "Un documental sobre el asesinato de Miguel Ángel B..."
[DROP] low_geopolitics (region=OTHER score=50) :: "Rusia veta a la federación internacional LGTBI+..."
[DROP] low_geopolitics (region=OTHER score=50) :: "EE UU consuma su fuga de la lucha climática mientr..."
[DROP] low_geopolitics (region=OTHER score=50) :: "Dro, un adiós al Barcelona que revive los viejos f..."
[DROP] low_geopolitics (region=OTHER score=50) :: "Luwawu-Cabarrot, un tirador letal con alma de arti..."
[DROP] low_geopolitics (region=OTHER score=50) :: "Catharine Titi y Katia Fach, profesoras y juristas..."
[DROP] low_geopolitics (region=OTHER score=50) :: "‘The Beauty’: No es mi culpa..."
[DROP] low_geopolitics (region=OTHER score=50) :: "Doce años sin patria en República Dominicana: “El ..."
[DROP] low_geopolitics (region=OTHER score=50) :: "Exosomas: qué son exactamente y por qué la cosméti..."
[DROP] low_geopolitics (region=OTHER score=50) :: "Un nuevo contrato social para afrontar el cambio c..."
[DROP] low_geopolitics (region=OTHER score=50) :: "El religioso que simboliza la resistencia al ICE e..."
[DROP] low_geopolitics (region=OTHER score=50) :: "El Festival CAF reúne en Panamá a grandes voces de..."
[DROP] low_geopolitics (region=OTHER score=50) :: "Tecnic Pasta Bar: pasta fresca y vinos naturales e..."
[DROP] low_geopolitics (region=OTHER score=50) :: "Juan Muñoz, de Cruz y Raya: “Cuando tienes éxito, ..."
[DROP] low_geopolitics (region=OTHER score=50) :: "Cinco excursiones por el Cabo de Gata con un exper..."
[DROP] low_geopolitics (region=OTHER score=50) :: "Take That cuenta su historia: 35 años de éxitos, a..."
[DROP] low_geopolitics (region=OTHER score=50) :: "El pequeño Liam lleva una semana detenido: el rost..."
[DROP] low_geopolitics (region=OTHER score=50) :: "Marco Rubio hides from Trump to sleep on Air Force..."
[DROP] low_geopolitics (region=OTHER score=50) :: "Several US states face another night of below-free..."
[DROP] low_geopolitics (region=OTHER score=50) :: "El BCE revisará los criterios de concesión de hipo..."
[DROP] low_geopolitics (region=OTHER score=50) :: "Sydney Sweeney, envuelta en una polémica y un posi..."
[DROP] low_geopolitics (region=OTHER score=50) :: "France’s lower house passes bill to ban social med..."
[DROP] low_geopolitics (region=OTHER score=50) :: "El Mañanero del 27 de enero: El júbilo por excarce..."
[DROP] low_geopolitics (region=OTHER score=50) :: "Pasta con sobrasada, la receta que conecta Italia ..."
[DROP] low_geopolitics (region=OTHER score=50) :: "In possible thaw, Trump and Minnesota governor Tim..."
[DROP] low_geopolitics (region=OTHER score=50) :: "La región sur de Argentina representa "una pieza c..."
[DROP] low_geopolitics (region=OTHER score=50) :: "Bukele apresa al expresidente del Congreso salvado..."
[DROP] low_geopolitics (region=OTHER score=50) :: "Tragedia aérea en Maine: confirman 7 muertos y un ..."
[DROP] low_geopolitics (region=OTHER score=50) :: "Elections this Sunday, February 1, in Costa Rica..."
[DROP] low_geopolitics (region=OTHER score=50) :: "Sydney Sweeney could be charged with vandalism? He..."
[DROP] low_geopolitics (region=OTHER score=50) :: "“Hay gente que nunca querrá verte crecer”: el mens..."
[DROP] low_geopolitics (region=OTHER score=50) :: "'Kristi Noem, you will be fired next': IL Gov reac..."
[DROP] low_geopolitics (region=OTHER score=50) :: "CC ordena al presidente Arévalo retomar la constru..."
[DROP] low_geopolitics (region=OTHER score=50) :: "Asfura asumirá como presidente de Honduras en un c..."
[DROP] low_geopolitics (region=OTHER score=50) :: "France's lawmakers vote to ban social media for un..."
[DROP] low_geopolitics (region=OTHER score=50) :: "Canada’s Marineland Whales Could Find New Homes in..."
[DROP] low_geopolitics (region=OTHER score=50) :: "Iran-US tensions highlights: Iran warns US of ‘reg..."
[DROP] low_geopolitics (region=OTHER score=50) :: "Did TikTok ‘censor’ the word ‘Epstein’ in DMs by U..."
[DROP] low_geopolitics (region=OTHER score=50) :: "Trump and Minneapolis Mayor Discuss Unrest Stemmin..."
[DROP] low_geopolitics (region=OTHER score=50) :: "Turismo sigue abierto y restaurantes operan con no..."
[DROP] low_geopolitics (region=OTHER score=50) :: "EEUU se acerca a Paraguay ante el impulso nacional..."
[DROP] low_geopolitics (region=OTHER score=50) :: "La furia por la violencia de la policía migratoria..."
[DROP] low_geopolitics (region=OTHER score=50) :: "Entre sabores, sonrisas y vivencias: Fátima Bosch ..."
[DROP] low_geopolitics (region=OTHER score=50) :: "Who is Greg Bovino, and what was his role in El Ce..."
[DROP] DUP_TOPIC :: "Rodríguez: “The Venezuelan people do not accept or..."
[DROP] low_geopolitics (region=OTHER score=50) :: "El cambio en la estrategia de ataque de Trump ante..."
[DROP] low_geopolitics (region=OTHER score=50) :: "Salario mínimo 2026: lo que deben saber los patron..."
[DROP] low_geopolitics (region=OTHER score=50) :: "Is US dollar crashing? New chart goes viral, raisi..."
[DROP] low_geopolitics (region=OTHER score=50) :: "Mujer será juzgada por suposición de parto y simul..."
[DROP] low_geopolitics (region=OTHER score=50) :: "Was Greg Bovino fired as Border Patrol ‘commander ..."
[DROP] low_geopolitics (region=OTHER score=50) :: "Prensa Libre y otros 20 medios implementarán el AI..."
[DROP] low_geopolitics (region=OTHER score=50) :: "“Hasta mañana, si Dios quiere”: muere la voz mexic..."
[DROP] low_geopolitics (region=OTHER score=50) :: "Nigeria: Military officers to face trial over coup..."
[DROP] low_geopolitics (region=OTHER score=50) :: "Bank of America prevé la continuidad del TMEC, per..."
[DROP] low_geopolitics (region=OTHER score=50) :: "Can India be a player in the computer chip industr..."
[DROP] low_geopolitics (region=OTHER score=50) :: "El mayor estudio sobre los efectos de la terapia h..."
[DROP] DUP_TOPIC :: "España aprobará regularización extraordinaria de i..."
[DROP] low_geopolitics (region=OTHER score=50) :: "Venta de droga al menudeo estaría detrás del asesi..."
[DROP] low_geopolitics (region=OTHER score=50) :: "Produce Pete death: All on wife Bette Napolitano, ..."
[DROP] DUP_TOPIC :: "Trump Briefed on Intelligence Saying Iran’s Govern..."
[DROP] low_geopolitics (region=OTHER score=50) :: "NATO Chief Says Europe Is ‘Dreaming’ if It Thinks ..."
[DROP] low_geopolitics (region=OTHER score=50) :: "Qué hablaron Trump y el alcalde de Minneapolis por..."
[DROP] low_geopolitics (region=OTHER score=50) :: "Minneapolis ICE Shooting Tests Limits of Trump’s I..."
[DROP] DUP_TOPIC :: "Rusia “bajo alarma” ante reportes de un posible bl..."
[DROP] low_geopolitics (region=OTHER score=50) :: "China has purged its highest-ranked military gener..."
[DROP] low_geopolitics (region=OTHER score=50) :: "Tara Arnold family: Who is her husband, Kurt Arnol..."
[DROP] low_geopolitics (region=OTHER score=50) :: "Canadian ex-Olympian pleads not guilty to 17 felon..."
[DROP] low_geopolitics (region=OTHER score=50) :: "Israel Recovers Body of Ran Gvili From Gaza, Closi..."
[DROP] low_geopolitics (region=OTHER score=50) :: "Los científicos que buscan descifrar el misterio d..."
[DROP] low_geopolitics (region=OTHER score=50) :: "Millones de segundas oportunidades..."
[DROP] low_geopolitics (region=OTHER score=50) :: "Who was Tara Arnold, and what was her net worth? B..."
[DROP] low_geopolitics (region=OTHER score=50) :: "Why did Egypt's January uprising fail, and what re..."
[DROP] low_geopolitics (region=OTHER score=50) :: "Israel confirms remains of last hostage, Rani Gvil..."
[DROP] low_geopolitics (region=OTHER score=50) :: "Unmanned systems key to Arctic maritime defense, e..."
[DROP] low_geopolitics (region=OTHER score=50) :: "Unmanned systems key to Arctic maritime defense, e..."
[DROP] low_geopolitics (region=OTHER score=50) :: "El centro de operaciones del Barrio 18 que contaba..."
[DROP] low_geopolitics (region=OTHER score=50) :: "Where is my IRS refund? How to use the IRS tool to..."
[DROP] low_geopolitics (region=OTHER score=50) :: "Produce Pete cause of death: What happened to Pete..."
[DROP] low_geopolitics (region=OTHER score=50) :: "Trump’s new national defense strategy downgrades C..."
[DROP] low_geopolitics (region=OTHER score=50) :: "Israel Says It Will Reopen Gaza-Egypt Border Cross..."
[DROP] low_geopolitics (region=OTHER score=50) :: "CSU acuerda elegir a un magistrado titular y a un ..."
[DROP] low_geopolitics (region=OTHER score=50) :: "Darwin Lom: El ariete guatemalteco anotó su primer..."
[DROP] low_geopolitics (region=OTHER score=50) :: "¿Cómo se transmite el virus Nipah? Los síntomas de..."
[DROP] low_geopolitics (region=OTHER score=50) :: "Cómo Trump y el panorama mundial lograron que el o..."
[DROP] low_geopolitics (region=OTHER score=50) :: "Guatemala estará entre los países más afectados po..."
[DROP] low_geopolitics (region=OTHER score=50) :: "Capturan en Zacapa a “Chele Peña”, al primer extra..."
[DROP] DUP_TOPIC :: "Aircraft carrier reaches Middle East, bolstering I..."
[DROP] low_geopolitics (region=OTHER score=50) :: "DJ Padre Guilherme: Venta de boletos, precios y ot..."
[DROP] low_geopolitics (region=OTHER score=50) :: "US base lost under Greenland’s ice reveals island’..."
[DROP] low_geopolitics (region=OTHER score=50) :: "Chinese Pandas Leave Japanese Zoo..."
[DROP] DUP_TOPIC :: "Venezuela releases dozens of prisoners in 2 days, ..."
[DROP] low_geopolitics (region=OTHER score=50) :: "Ejecutivo propone ampliar presupuesto en Q9 mil 32..."
[DROP] low_geopolitics (region=OTHER score=50) :: "What caused the TikTok outage? Company releases de..."
[DROP] low_geopolitics (region=OTHER score=50) :: "Veterans react to killing of VA nurse Alex Pretti ..."
[DROP] low_geopolitics (region=OTHER score=50) :: "Trump’s Venezuela Coup and Cuba Threats Are Old U...."
[DROP] low_geopolitics (region=OTHER score=50) :: "Libya signs $20bn oil deals with US and French ene..."
[DROP] low_geopolitics (region=OTHER score=50) :: "Thousands of Flights Canceled Monday After Snowsto..."
[DROP] DUP_TOPIC :: "New Iran videos show bodies piled in hospital and ..."
[DROP] low_geopolitics (region=OTHER score=50) :: "Gerardo Hernández se libra de cargos en millonario..."
[DROP] low_geopolitics (region=OTHER score=50) :: "Trump abandons attack mode as Minneapolis shooting..."
[DROP] low_geopolitics (region=OTHER score=50) :: ""Esto es aterrador": la conmoción y la rabia de lo..."
[DROP] low_geopolitics (region=OTHER score=50) :: "Por qué Trump envió a Minneapolis a Tom Homan, el ..."
[DROP] low_geopolitics (region=OTHER score=50) :: "Minneapolis Déjà Vu..."
[DROP] low_geopolitics (region=OTHER score=50) :: "Sarampión en Guatemala: se duplican casos en una s..."
[DROP] low_geopolitics (region=OTHER score=50) :: "¿Cuál es el futuro del Rabinal Achí y de las más d..."
[DROP] low_geopolitics (region=OTHER score=50) :: "Áisar Jalil expone “Éxodo” en Miami..."
[DROP] low_geopolitics (region=OTHER score=50) :: "As U.S. Warships Get Closer, Iran Ramps Up Threats..."
[DROP] low_geopolitics (region=OTHER score=50) :: ""Es una especie de asedio ártico": la potente torm..."
[DROP] low_geopolitics (region=OTHER score=50) :: "¿Cuándo termina el Estado de Sitio en Guatemala? E..."
[DROP] low_geopolitics (region=OTHER score=50) :: "“Amor, Omar y Valentina”: la obra que revive el ro..."
[DROP] low_geopolitics (region=OTHER score=50) :: "Clausura 2026: Así se jugará la fecha tres del cer..."
[DROP] low_geopolitics (region=OTHER score=50) :: "Air Force to update deployment design in Air Exped..."
[DROP] low_geopolitics (region=OTHER score=50) :: "The Taliban Say They’re Ready to Release U.S. Pris..."
[DROP] low_geopolitics (region=OTHER score=50) :: "Juzgado cita al fiscal Rafael Curruchiche por la q..."
[DROP] low_geopolitics (region=OTHER score=50) :: "“Me estaba cortando el pelo”: Harry Styles reveló ..."
[DROP] low_geopolitics (region=OTHER score=50) :: "Trump dice que no acudirá a la Super Bowl y se dec..."
[DROP] low_geopolitics (region=OTHER score=50) :: "As Generals Fall, Xi Jinping’s Anti-Corruption Cam..."
[DROP] low_geopolitics (region=OTHER score=50) :: "Aeropuerto La Aurora supera los 5 millones de pasa..."
[DROP] low_geopolitics (region=OTHER score=50) :: "La regularización de inmigrantes en España, a cont..."
[DROP] low_geopolitics (region=OTHER score=50) :: "Refugees in Minnesota sue Trump administration for..."
[DROP] low_geopolitics (region=OTHER score=50) :: "Por qué la Patrulla Fronteriza de EE.UU. está actu..."
[DROP] low_geopolitics (region=OTHER score=50) :: "Remains of last Israeli held in Gaza after 7 Octob..."
[DROP] DUP_TOPIC :: "US weighs 'precision strikes' on Iranian officials..."
[DROP] low_geopolitics (region=OTHER score=50) :: "Winter Storm Pummels Toronto With Record Snowfall..."
[DROP] low_geopolitics (region=OTHER score=50) :: "Critics see ‘chilling effect’ of DOD crackdown on ..."
[DROP] low_geopolitics (region=OTHER score=50) :: "Iranian government braces for possible attack as U..."
[DROP] DUP_TOPIC :: "Arranca el Jazz Plaza en cuatro ciudades cubanas..."
[DROP] low_geopolitics (region=OTHER score=50) :: "El aislamiento de Nicaragua..."
[DROP] low_geopolitics (region=OTHER score=50) :: "Guyanese businessman facing US extradition elected..."
[DROP] low_geopolitics (region=OTHER score=50) :: "Gunmen Kill 11 After Soccer Match in Mexico..."
[DROP] low_geopolitics (region=OTHER score=50) :: "Israel afirma haber recuperado en Gaza los restos ..."
[DROP] low_geopolitics (region=OTHER score=50) :: "Germany, France, others rebuke Trump's NATO troop ..."
[DROP] low_geopolitics (region=OTHER score=50) :: "Israel recupera en Gaza los restos del último rehé..."
[DROP] low_geopolitics (region=OTHER score=50) :: "Russia Starts Pulling Forces From Base in Northeas..."
[DROP] DUP_TOPIC :: "US aircraft carrier arrives in Middle East amid Ir..."
[DROP] low_geopolitics (region=OTHER score=50) :: "Roberto Fonseca: “Para ser un pianista diferente h..."
[DROP] low_geopolitics (region=OTHER score=50) :: "Purge of top Chinese general throws military into ..."
[DROP] low_geopolitics (region=OTHER score=50) :: "UK supermarkets push for Amazon soy safeguards aft..."
[DROP] low_geopolitics (region=OTHER score=50) :: "Despite Sanctions and Boycotts, Some Western Music..."
[DROP] low_geopolitics (region=OTHER score=50) :: "Russia Says Talks to End War in Ukraine Will Conti..."
[DROP] low_geopolitics (region=OTHER score=50) :: "Vídeos de ajedrez | Obra maestra de Harikrishna, s..."
[DROP] low_geopolitics (region=OTHER score=50) :: "Kanye West pide perdón con un anuncio en ‘The Wall..."
[DROP] DUP_TOPIC :: "Rusia se pronuncia sobre posible bloqueo naval de ..."
[DROP] low_geopolitics (region=OTHER score=50) :: "Al menos 11 muertos en un ataque armado en un camp..."
[DROP] DUP_TOPIC :: "Divisas en Cuba: la tasa oficial “flota” hacia arr..."
[DROP] low_geopolitics (region=OTHER score=50) :: "‘Light recipes’ tested to combat sailor fatigue at..."
[DROP] low_geopolitics (region=OTHER score=50) :: "In Xi’s China, Top General’s Fall Shows Precarious..."
[DROP] low_geopolitics (region=OTHER score=50) :: "Elbit bets on UK as its European drone sales hub..."
[DROP] low_geopolitics (region=OTHER score=50) :: "La mejor croqueta de España se come este año en Ma..."
[DROP] low_geopolitics (region=OTHER score=50) :: "Goma's residents reflect on life a year after DR C..."
[DROP] low_geopolitics (region=OTHER score=50) :: "EU Gives Final Approval to Russian Gas Ban..."
[DROP] low_geopolitics (region=OTHER score=50) :: "New naval power and propulsion facility opens in S..."
[DROP] low_geopolitics (region=OTHER score=50) :: "New naval power and propulsion facility opens in S..."
[DROP] DUP_TOPIC :: "In Venezuela, Freeing the Economy, but Nothing Els..."
[DROP] low_geopolitics (region=OTHER score=50) :: "EU countries give final approval to Russian gas ba..."
[DROP] low_geopolitics (region=OTHER score=50) :: "Navy fires commodore of First Naval Construction R..."
[DROP] low_geopolitics (region=OTHER score=50) :: "Murmansk Region Issues Emergency Declaration as Ar..."
[DROP] low_geopolitics (region=OTHER score=50) :: "El mapa más detallado de la materia oscura, un pas..."
[DROP] DUP_TOPIC :: "Tensión en el Caribe: Donald Trump proyecta bloque..."
[DROP] low_geopolitics (region=OTHER score=50) :: "Ruly Herrera en Bellas Artes..."
[DROP] DUP_TOPIC :: "Cuba pierde a su principal ajedrecista en año de O..."
[DROP] low_geopolitics (region=OTHER score=50) :: "Hegseth puts more muscle into fixing troops’ house..."
[DROP] DUP_TOPIC :: "Rusia expresa preocupación ante posible bloqueo na..."
[DROP] low_geopolitics (region=OTHER score=50) :: "Alemania: apertura del juicio a ocho separatistas ..."
[DROP] low_geopolitics (region=OTHER score=50) :: "Exmilitar español en las filas rusas: "Está clarís..."
[DROP] low_geopolitics (region=OTHER score=50) :: "“Todos los rehenes retenidos en Gaza han sido repa..."
[DROP] low_geopolitics (region=OTHER score=50) :: "Council of Europe Assembly Approves Candidates for..."
[DROP] low_geopolitics (region=OTHER score=50) :: "La Comisión incluye a WhatsApp en la lista de las ..."
[DROP] low_geopolitics (region=OTHER score=50) :: "Estonia nears decision on which missile defense sy..."
[DROP] low_geopolitics (region=OTHER score=50) :: "Hundreds feared dead in attempt to cross Mediterra..."
[DROP] low_geopolitics (region=OTHER score=50) :: "Saudi Arabia ordered to pay £3m to London dissiden..."
[DROP] low_geopolitics (region=OTHER score=50) :: "Shift to Drone Fighting in Ukraine War Means No Wi..."
[DROP] low_geopolitics (region=OTHER score=50) :: "Bruselas estrecha el cerco sobre Grok y X con una ..."
[DROP] low_geopolitics (region=OTHER score=50) :: "At Least 18 Dead After Ferry Carrying 350 Sinks in..."
[DROP] low_geopolitics (region=OTHER score=50) :: "Virus Nipah en India: ¿Una nueva amenaza pandémica..."
[DROP] DUP_TOPIC :: "Rusia considera “alarmante” informaciones sobre po..."
[DROP] low_geopolitics (region=OTHER score=50) :: "Remains of last Israeli hostage found in Gaza, pav..."
[DROP] low_geopolitics (region=OTHER score=50) :: "Crocodile warnings as floods devastate southern Af..."
[DROP] low_geopolitics (region=OTHER score=50) :: "Cuadro a cuadro: la BBC analiza los videos del tir..."
[DROP] low_geopolitics (region=OTHER score=50) :: "China experimenta con microalgas para frenar el av..."
[DROP] low_geopolitics (region=OTHER score=50) :: "Ukraine’s Answer Might Be Kosovo..."
[DROP] low_geopolitics (region=OTHER score=50) :: "France detains two British activists over anti-mig..."
[DROP] low_geopolitics (region=OTHER score=50) :: "Alex Honnold describes his rope-free climb up Taip..."
[DROP] low_geopolitics (region=OTHER score=50) :: "Washington no habría renunciado a sus planes de in..."
[DROP] low_geopolitics (region=OTHER score=50) :: "Moscow’s Only Anglican Church Suspends Services..."
[DROP] low_geopolitics (region=OTHER score=50) :: "Un Madrid-Unicaja en los cuartos de la Copa del Re..."
[DROP] low_geopolitics (region=OTHER score=50) :: "La falta de combustible golpea la zafra azucarera ..."
[DROP] low_geopolitics (region=OTHER score=50) :: "Comienza en París el juicio de apelación por el as..."
[DROP] low_geopolitics (region=OTHER score=50) :: ""Trump está desmantelando la investigación científ..."
[DROP] low_geopolitics (region=OTHER score=50) :: "El Kremlin alerta de un posible bloqueo naval esta..."
[DROP] low_geopolitics (region=OTHER score=50) :: "Tormenta de nieve deja al menos seis muertos y más..."
[DROP] DUP_TOPIC :: "¿Comenzó una transición en Venezuela? 4 expertos a..."
[DROP] low_geopolitics (region=OTHER score=50) :: "Rusia golpea infraestructuras energéticas de Ucran..."
[DROP] DUP_TOPIC :: "Conflicto en el Catatumbo colombiano: un año de so..."
[DROP] low_geopolitics (region=OTHER score=50) :: "Francia: Diputados aprueban la prohibición de las ..."
[DROP] low_geopolitics (region=OTHER score=50) :: "After 80-year bond, Germans find breaking up with ..."
[DROP] low_geopolitics (region=OTHER score=50) :: "Trilateral Talks in UAE ‘Constructive,’ Kremlin Sa..."
[DROP] low_geopolitics (region=OTHER score=50) :: "French ex-senator on trial for spiking MP's drinks..."
[DROP] low_geopolitics (region=OTHER score=50) :: ""Las empresas de IA no tienen plan de negocio o su..."
[DROP] low_geopolitics (region=OTHER score=50) :: "A los ricos no les gusta la FP: uno de cada cuatro..."
[DROP] DUP_TOPIC :: ""Les entregué a mi marido y me dejaron sin nada": ..."
[DROP] low_geopolitics (region=OTHER score=50) :: "El Gao Sessions en Jazz Plaza 2026..."
[DROP] low_geopolitics (region=OTHER score=50) :: "US to increase cooperation with Nigeria to pursue ..."
[DROP] low_geopolitics (region=OTHER score=50) :: "El Kremlin alerta de un posible bloqueo naval esta..."
[DROP] low_geopolitics (region=OTHER score=50) :: "Germany’s Uniper Seeks $50M From Gazprom in Gas Tr..."
[DROP] low_geopolitics (region=OTHER score=50) :: "El veganismo avanza en Chile de la mano de los jóv..."
[DROP] low_geopolitics (region=OTHER score=50) :: "India’s on-again, off-again aerial tanker saga edg..."
[DROP] low_geopolitics (region=OTHER score=50) :: "Hundreds rescued after ferry capsizes in the Phili..."
[DROP] low_geopolitics (region=OTHER score=50) :: "French skipper Coville sets new round-the-world sa..."
[DROP] low_geopolitics (region=OTHER score=50) :: "Amid botched procedures, China is cracking down on..."
[DROP] low_geopolitics (region=OTHER score=50) :: "Iraqi spy chief warns of reemerging threat from IS..."
[DROP] low_geopolitics (region=OTHER score=50) :: "Estados Unidos: al menos 10 muertos en peor tormen..."
[DROP] low_geopolitics (region=OTHER score=50) :: "Francia: primeros pasos para prohibir las redes so..."
[DROP] low_geopolitics (region=OTHER score=50) :: "Senegal football federation boss hits out at Moroc..."
[DROP] low_geopolitics (region=OTHER score=50) :: "Delcy Rodríguez: "Ya basta de las órdenes de Washi..."
[DROP] low_geopolitics (region=OTHER score=50) :: "México: al menos 11 muertos por ataque armado en u..."
[DROP] low_geopolitics (region=OTHER score=50) :: "Gaza: Israel anuncia la “reapertura limitada” del ..."
[DROP] low_geopolitics (region=OTHER score=50) :: "Muerte de Alex Pretti en Minnesota: protestas y pr..."
[DROP] low_geopolitics (region=OTHER score=50) :: "El número de inmigrantes detenidos en México con d..."
[DROP] low_geopolitics (region=OTHER score=50) :: "China purga a su cúpula militar y acusa al máximo ..."
[DROP] low_geopolitics (region=OTHER score=50) :: "La tormenta de nieve en EEUU deja la mayor cantida..."
[DROP] low_geopolitics (region=OTHER score=50) :: "Appeal trial opens for four convicted over murder ..."
[DROP] low_geopolitics (region=OTHER score=50) :: "Maximum Damage and Massacre: ICE Kills, ICE Lies..."
[DROP] low_geopolitics (region=OTHER score=50) :: "Where the Sidewalk Ends, the Lies Begin: On the Ex..."
[DROP] low_geopolitics (region=OTHER score=50) :: "Out of the Ashes of Gaza Rises the ‘Class of the P..."
[DROP] low_geopolitics (region=OTHER score=50) :: "Will D.H.S. Destroy Free Speech In Minnesota?..."
[DROP] low_geopolitics (region=OTHER score=50) :: "Mark Carney, World Hero..."
[DROP] low_geopolitics (region=OTHER score=50) :: "ICE is Out of Control..."
[DROP] DUP_TOPIC :: "How Venezuela Grew Poor With More Oil Than Saudi A..."
[DROP] low_geopolitics (region=OTHER score=50) :: "The Woman Who Stands Between Donald Trump and Gree..."
[DROP] low_geopolitics (region=OTHER score=50) :: "America’s Wealthiest are Getting Even Richer..."
[DROP] low_geopolitics (region=OTHER score=50) :: "ICE Is Not an Accident: What Would Martin Luther K..."
[DROP] low_geopolitics (region=OTHER score=50) :: "The Massive Scale of Rabbinic Opposition to Israel..."
[DROP] low_geopolitics (region=OTHER score=50) :: "El riesgo país de Ecuador sigue a la baja y se col..."
[DROP] low_geopolitics (region=OTHER score=50) :: "Prisoners Who Appeared in HBO Documentary “The Ala..."
[DROP] low_geopolitics (region=OTHER score=50) :: "The Don’s Hoard of Fleas..."
[DROP] low_geopolitics (region=OTHER score=50) :: "Adamantios Koraes: The Second Aristotle of Freedom..."
[DROP] low_geopolitics (region=OTHER score=50) :: "Another Fatal Shooting in Minneapolis..."
[DROP] DUP_TOPIC :: "In Venezuela, Families Search for Relatives Who Ar..."
[DROP] low_geopolitics (region=OTHER score=50) :: "What Kent State Taught the Country About State Vio..."
[DROP] low_geopolitics (region=OTHER score=50) :: "Looking for signs of Trump’s new world order after..."
[DROP] low_geopolitics (region=OTHER score=50) :: "Manuel Lozano Leyva, físico: “Lo que quiere hacer ..."
[DROP] low_geopolitics (region=OTHER score=50) :: "Se buscan un millón de matronas: “Algunas ven hast..."
[DROP] low_geopolitics (region=OTHER score=50) :: "Solo para miembros: ¿por qué hay gente que quiere ..."
[DROP] low_geopolitics (region=OTHER score=50) :: "Viaje a Etiopía para conocer los grupos étnicos de..."
[DROP] low_geopolitics (region=OTHER score=50) :: "El autorretrato en tiempos del selfi..."
[DROP] low_geopolitics (region=OTHER score=50) :: "Diez platos clásicos del recetario español que sie..."
[DROP] low_geopolitics (region=OTHER score=50) :: ""Muchos de nuestros valores como nación están sien..."
[DROP] low_geopolitics (region=OTHER score=50) :: "Los medios digitales consolidan su presencia en Pe..."
[DROP] low_geopolitics (region=OTHER score=50) :: "La lucha contra las drogas de EEUU ha propiciado "..."
[DROP] low_geopolitics (region=OTHER score=50) :: "'I spent £2,000 on one event': Why Gen Z is obsess..."
[DROP] low_geopolitics (region=OTHER score=50) :: "Murder and MI5: How an extraordinary battle erupte..."
[DROP] low_geopolitics (region=OTHER score=50) :: "NRA and other US gun activists push back at Trump ..."
[DROP] low_geopolitics (region=OTHER score=50) :: "La tormenta ‘Fern’ azota Estados Unidos: avanza ha..."
[DROP] low_geopolitics (region=OTHER score=50) :: "Analysing the Minneapolis shooting frame by frame..."
[DROP] low_geopolitics (region=OTHER score=50) :: "El humorista y presentador Quequé anuncia su retir..."
[DROP] low_geopolitics (region=OTHER score=50) :: "Macron pushes fast-track ban on social media for u..."
[DROP] DUP_TOPIC :: "Amid Two-Week Internet Blackout, Some Iranians Are..."
[DROP] DUP_TOPIC :: "Denuncian citaciones masivas de jóvenes al servici..."
[DROP] low_geopolitics (region=OTHER score=50) :: "Los territorios que Estados Unidos compró a lo lar..."
[DROP] low_geopolitics (region=OTHER score=50) :: "Xi’s Purge of China’s Military Brings Its Top Gene..."
[DROP] DUP_NEAR(h=0) :: "Cuba acusa a EEUU de planear bloqueo naval al petr..."
[DROP] low_geopolitics (region=OTHER score=50) :: "The Podcaster Poking at France’s Biggest Secrets..."
[DROP] low_geopolitics (region=OTHER score=50) :: "Why Japan’s Leader Won’t Enter the Male-Dominated ..."
[DROP] low_geopolitics (region=OTHER score=50) :: "France tightens net on Russian ‘ghost fleet’ with ..."
[DROP] DUP_TOPIC :: "🚨NOTICIAS ULTIMA HORA: BLOQUEO NAVAL EN CUBA | EL..."
[DROP] low_geopolitics (region=OTHER score=50) :: ""Después de 200 años, volvemos a ver esta especie"..."
[DROP] DUP_TOPIC :: "Cuba denuncia amenaza de bloqueo naval de EE.UU. -..."
[DROP] DUP_TOPIC :: "EEUU considera un bloqueo naval para frenar entrad..."
[DROP] low_geopolitics (region=OTHER score=50) :: "Luciano Benetton, el pionero de la moda que convir..."
[DROP] low_geopolitics (region=OTHER score=50) :: "Lo que 10 años como negociadora en casos de rehene..."
[DROP] DUP_NEAR(h=0) :: "Cuba denuncia amenaza de bloqueo naval de EEUU a s..."
[DROP] low_geopolitics (region=OTHER score=50) :: "Trump remarks on NATO in Afghanistan spark backlas..."
[DROP] low_geopolitics (region=OTHER score=50) :: "La secuencia del asesinato de Alex Pretti por el I..."
[DROP] low_geopolitics (region=OTHER score=50) :: "Aranceles al vino francés impactarían en hasta el ..."
[DROP] DUP_TOPIC :: "Iranians return to daily life in a capital scarred..."
[DROP] low_geopolitics (region=OTHER score=50) :: "Myanmar military proxy expected to win landslide i..."
[DROP] low_geopolitics (region=OTHER score=50) :: "Rusia intercepta más de 30 proyectiles del sistema..."
[DROP] low_geopolitics (region=OTHER score=50) :: "Zelensky Seeks Air Defense Support as Russia Plung..."
[DROP] low_geopolitics (region=OTHER score=50) :: "Los empresarios de Estados Unidos, aliados inesper..."
[DROP] low_geopolitics (region=OTHER score=50) :: "Trump praises U.K. troops after backlash over NATO..."
[DROP] low_geopolitics (region=OTHER score=50) :: "Choque de trenes en España, incendios forestales e..."
[DROP] low_geopolitics (region=OTHER score=50) :: "Se disparan las búsquedas de vuelos a Brasil tras ..."
[DROP] low_geopolitics (region=OTHER score=50) :: "Disarming Genocide and the Law, Then and Now..."
[DROP] low_geopolitics (region=OTHER score=50) :: "The Whiskey War, or: How to Fight Over Land Like a..."
[DROP] low_geopolitics (region=OTHER score=50) :: "Perú avanza en la adquisición de 24 aviones caza..."
[DROP] low_geopolitics (region=OTHER score=50) :: "Mark Carney, un insospechado líder para plantar ca..."
[DROP] low_geopolitics (region=OTHER score=50) :: "Los nueve segundos que acabaron con 45 vidas: reco..."
[DROP] low_geopolitics (region=OTHER score=50) :: "La mayoría de los centros universitarios extranjer..."
[DROP] low_geopolitics (region=OTHER score=50) :: "Iñaki Urdangarin frente a su pasado: “Cuando se ce..."
[DROP] low_geopolitics (region=OTHER score=50) :: "¿Cómo piensa una inteligencia artificial? La gran ..."
[DROP] low_geopolitics (region=OTHER score=50) :: "¿Ha encontrado la izquierda su propio ‘woke’ para ..."
[DROP] low_geopolitics (region=OTHER score=50) :: "Cuando Venecia era rubia: una ruta entre ‘altanas’..."
[DROP] low_geopolitics (region=OTHER score=50) :: "Canadá o cómo quitarse la tontería..."
[DROP] low_geopolitics (region=OTHER score=50) :: "What we know about fatal shooting of Alex Pretti b..."
[DROP] low_geopolitics (region=OTHER score=50) :: "Menú semanal de El Comidista (26 de enero a 1 de f..."
[DROP] low_geopolitics (region=OTHER score=50) :: "Trump Threatens Canada With Tariffs as Post-Davos ..."
[DROP] low_geopolitics (region=OTHER score=50) :: "William H. Foege, Key Figure in the Eradication of..."
[DROP] low_geopolitics (region=OTHER score=50) :: "Quién era Alex Pretti, el enfermero al que agentes..."
[DROP] low_geopolitics (region=OTHER score=50) :: "What India's Republic Day red carpet means for its..."
[DROP] low_geopolitics (region=OTHER score=50) :: "As the world inches back to a pre-WW2 order, the '..."
[DROP] low_geopolitics (region=OTHER score=50) :: "Arranca en Bolivia la tradicional Feria de Alasita..."
[DROP] low_geopolitics (region=OTHER score=50) :: "Man killed by US Border Patrol officer in Minneapo..."
[DROP] low_geopolitics (region=OTHER score=50) :: "El discurso de Carney en Davos "se ha repetido en ..."
[DROP] low_geopolitics (region=OTHER score=50) :: "Ukraine Peace Talks End on Positive Note as Zelens..."
[DROP] low_geopolitics (region=OTHER score=50) :: "Syria Announces Cease-Fire Extension, Hours After ..."
[DROP] DUP_TOPIC :: "Cuba denuncia posibles implicaciones tras amenaza ..."
[DROP] DUP_TOPIC :: "Reacciones en Miami tras reporte que indica que Tr..."
[DROP] DUP_TOPIC :: "Reacciones en Miami tras reporte que indica que Tr..."
[DROP] DUP_TOPIC :: "Bloqueo naval de Estados Unidos a Cuba: La Habana ..."
[DROP] DUP_TOPIC :: "MINREX reacciona ante posible bloqueo naval de EE...."
[DROP] DUP_TOPIC :: "¿Qué pasaría si EEUU impone bloqueo naval a Cuba c..."
[DROP] low_geopolitics (region=OTHER score=50) :: "Cold Comfort..."
[DROP] DUP_TOPIC :: "Fernández de Cossío denuncia el recrudecimiento de..."
[DROP] low_geopolitics (region=OTHER score=50) :: "Estas son las razones del declive de la conciencia..."
[DROP] low_geopolitics (region=OTHER score=50) :: "Why the US Army must focus on winning the first ba..."
[DROP] low_geopolitics (region=OTHER score=50) :: "Why the US Army must focus on winning the first ba..."
[DROP] low_geopolitics (region=OTHER score=50) :: "Iran’s Leadership Stumbles After War and Unrest..."
[DROP] DUP_TOPIC :: "EEUU evalúa un bloqueo naval a Cuba para impedir l..."
[DROP] low_geopolitics (region=OTHER score=50) :: "Ukraine, Russia, U.S. Agree to More Talks Next Wee..."
[DROP] DUP_TOPIC :: "La estrategia de Trump para acabar con el comunism..."
[DROP] low_geopolitics (region=OTHER score=50) :: "Europa cede Groenlandia a Trump..."
[DROP] low_geopolitics (region=OTHER score=50) :: "Cómo las historias de amor entre lesbianas tailand..."
[DROP] low_geopolitics (region=OTHER score=50) :: "Despite Trump’s Words, China and Russia Are Not Th..."
[DROP] DUP_TOPIC :: "Trump evalúa un bloqueo naval para detener las imp..."
[DROP] low_geopolitics (region=OTHER score=50) :: "Rusia libera una localidad y efectúa un ataque de ..."
[DROP] low_geopolitics (region=OTHER score=50) :: "Cómo un inocente cohete meteorológico noruego estu..."
[DROP] low_geopolitics (region=OTHER score=50) :: "A 81 años de la liberación de Auschwitz por las fu..."
[DROP] DUP_TOPIC :: "Trump prepara un bloqueo total del petróleo que so..."
[DROP] low_geopolitics (region=OTHER score=50) :: "Jared Kushner's vision for Gaza as a gleaming port..."
[DROP] low_geopolitics (region=OTHER score=50) :: "Mark Carney Takes On Donald Trump and Emerges as a..."
[DROP] low_geopolitics (region=OTHER score=50) :: "How a Photographer Stumbled Upon a Key Picture of ..."
[DROP] low_geopolitics (region=OTHER score=50) :: "Brasil cierra 2025 con récord histórico de recauda..."
[DROP] low_geopolitics (region=OTHER score=50) :: "How a Year of Trump Changed Britain..."
[DROP] DUP_TOPIC :: "How a Water Balloon Fight in Venezuela Ended in Ch..."
[DROP] low_geopolitics (region=OTHER score=50) :: "Australian Boy, 12, Dies After Shark Attack Near S..."
[DROP] low_geopolitics (region=OTHER score=50) :: "What Europe Learned From the Greenland Crisis..."
[DROP] low_geopolitics (region=OTHER score=50) :: "French expedition sets sail to preserve Antarctica..."
[DROP] low_geopolitics (region=OTHER score=50) :: "Argentina gana más con menos carne: las ganancias ..."
[DROP] low_geopolitics (region=OTHER score=50) :: "Pese a barreras comerciales, las exportaciones de ..."
[DROP] low_geopolitics (region=OTHER score=50) :: "An Unlikely Source of Crypto Innovation: Afghanist..."
[DROP] DUP_TOPIC :: "Estados Unidos evalúa cerrar el paso al crudo dest..."
[DROP] low_geopolitics (region=OTHER score=50) :: "De ‘Excalibur’ a ‘Boro’, el cambio de sensibilidad..."
[DROP] low_geopolitics (region=OTHER score=50) :: "Lo que Trump es incapaz de frenar: las renovables ..."
[DROP] low_geopolitics (region=OTHER score=50) :: "Sofia Isella, la telonera de Taylor Swift que inco..."
[DROP] low_geopolitics (region=OTHER score=50) :: "La cama, donde nos abandonamos a los abrazos..."
[DROP] low_geopolitics (region=OTHER score=50) :: "Estrategias para saber cuándo y cómo decir “no” al..."
[DROP] DUP_TOPIC :: "¿Qué país perdería más debido al conflicto comerci..."
[DROP] low_geopolitics (region=OTHER score=50) :: "El Gobierno de Bolivia implementa plan de ayuda pa..."
[DROP] low_geopolitics (region=OTHER score=50) :: "Pentagon shifts focus away from China in new defen..."
[DROP] low_geopolitics (region=OTHER score=50) :: "Conservationist captures video of uncontacted trib..."
[DROP] low_geopolitics (region=OTHER score=50) :: "Argentina registra uno de sus niveles más altos de..."
[DROP] DUP_TOPIC :: "Bloqueo naval a Cuba: la carta que Trump pone sobr..."
[DROP] low_geopolitics (region=OTHER score=50) :: "Alex Honnold's ropeless climb of Taipei 101 skyscr..."
[DROP] DUP_TOPIC :: "Under Pressure from Trump, Venezuela Agrees to Acc..."
[DROP] DUP_TOPIC :: "¿Trump dará la estocada final a Cuba? EE. UU. prep..."
[DROP] DUP_NEAR(h=0) :: "Trump evalúa un bloqueo naval a Cuba para cortar e..."
[DROP] low_geopolitics (region=OTHER score=50) :: "Las impactantes acusaciones de Brooklyn Beckham co..."
[DROP] low_geopolitics (region=OTHER score=50) :: "Russia Jails U.S. Navy Veteran for Five Years..."
[DROP] low_geopolitics (region=OTHER score=50) :: "Joint Chiefs Chairman Issues Rare Invitation to Fo..."
[DROP] low_geopolitics (region=OTHER score=50) :: "Washington valora imponer un bloqueo naval para im..."
[DROP] DUP_TOPIC :: "México evalúa frenar los envíos de petróleo a Cuba..."
[DROP] low_geopolitics (region=OTHER score=50) :: "Trump remarks on NATO troops in Afghanistan spark ..."
[DROP] low_geopolitics (region=OTHER score=50) :: "Trump remarks on NATO troops in Afghanistan spark ..."
[DROP] low_geopolitics (region=OTHER score=50) :: "Trump’s Turnabout on Greenland Shows the Limits of..."
[DROP] low_geopolitics (region=OTHER score=50) :: "Can Europe Resist American Coercion?..."
[DROP] low_geopolitics (region=OTHER score=50) :: "Navy bans sailors from using kratom, other drugs..."
[DROP] low_geopolitics (region=OTHER score=50) :: "Territory Still a Deal-Breaker in Russia-Ukraine P..."
[DROP] low_geopolitics (region=OTHER score=50) :: "The Soviet Lessons for Trump’s Greenland Gambit..."
[DROP] low_geopolitics (region=OTHER score=50) :: "Prime Minister Mette Frederiksen of Denmark Visits..."
[DROP] DUP_TOPIC :: "La administración Trump considera un bloqueo naval..."
[DROP] DUP_TOPIC :: "EEUU considera un bloqueo naval para detener las i..."
[DROP] DUP_TOPIC :: "Administración Trump considera bloqueo naval para ..."
[DROP] DUP_TOPIC :: "Trump evalúa bloqueo naval a Cuba para cortar el p..."
[DROP] low_geopolitics (region=OTHER score=50) :: "Brown water afflicts residents of military housing..."
[DROP] low_geopolitics (region=OTHER score=50) :: "White House Golden Dome delays ‘frustrating’ to ke..."
[DROP] low_geopolitics (region=OTHER score=50) :: "White House Golden Dome delays ‘frustrating’ to ke..."
[DROP] low_geopolitics (region=OTHER score=50) :: "The Israel-Iran Detente Won’t Last..."
[DROP] DUP_TOPIC :: "Trump evalúa bloqueo naval para cortar el petróleo..."
[DROP] DUP_TOPIC :: "Gobierno de Trump estudia bloqueo naval para frena..."
[DROP] low_geopolitics (region=OTHER score=50) :: "What in the World?..."
[DROP] low_geopolitics (region=OTHER score=50) :: "Select Marines who reenlist could be eligible for ..."
[DROP] DUP_TOPIC :: "Trump evalúa un bloqueo naval para detener las imp..."
[DROP] low_geopolitics (region=OTHER score=50) :: "Britain’s New Spy Chief Has a New Mission..."
[DROP] low_geopolitics (region=OTHER score=50) :: "The Great Chinese Vibe Shift..."
[DROP] DUP_TOPIC :: "La Administración Trump se plantea asfixiar a Cuba..."
[DROP] DUP_TOPIC :: "La Administración Trump se plantea asfixiar a Cuba..."
[DROP] low_geopolitics (region=OTHER score=50) :: "The Collapse That Created Today’s Russia..."
[DROP] low_geopolitics (region=OTHER score=50) :: "Prince Harry says British troops deserve 'respect'..."
[DROP] DUP_TOPIC :: "La administración Trump contempla un bloqueo naval..."
[DROP] low_geopolitics (region=OTHER score=50) :: "What’s Buried by Baghdad’s Construction Boom..."
[DROP] low_geopolitics (region=OTHER score=50) :: "A Poet Finds New Life in America’s Borderlands..."
[DROP] low_geopolitics (region=OTHER score=50) :: "La doble humillación de Europa en Davos..."
[DROP] low_geopolitics (region=OTHER score=50) :: "Vance announces expansion of 'Mexico City' foreign..."
[DROP] low_geopolitics (region=OTHER score=50) :: "Caracas alza la voz en una jornada de protesta y m..."
[DROP] low_geopolitics (region=OTHER score=50) :: "Detienen en México a Ryan Wedding, el ex atleta ol..."
[DROP] low_geopolitics (region=OTHER score=50) :: "‘It’s the sovereignty of the country’: Guinea-Biss..."
[DROP] low_geopolitics (region=OTHER score=50) :: "Kyiv faces worst winter of war as Russia pounds Uk..."
[DROP] low_geopolitics (region=OTHER score=50) :: "They fought ISIS in Syria for years. Now U.S. alli..."
[DROP] low_geopolitics (region=OTHER score=50) :: "Taiwan leaders face pushback on massive defense bu..."
[DROP] low_geopolitics (region=OTHER score=50) :: "‘Sabbath of Ukrainian Swine Underlings’: Russian F..."
[DROP] low_geopolitics (region=OTHER score=50) :: "Turkey, Qatar deepen defense ties with multiple de..."
[DROP] low_geopolitics (region=OTHER score=50) :: "Higher School of Economics Encouraging Students to..."
[DROP] DUP_TOPIC :: "Ukrainian leaders find lessons in Trump’s daring V..."
[DROP] low_geopolitics (region=OTHER score=50) :: "U.S. Jails Dual U.S.-Russian Citizen for Attempted..."
[DROP] low_geopolitics (region=OTHER score=50) :: "Kemerovo Region Governor Apologies for Blaming New..."
[DROP] low_geopolitics (region=OTHER score=50) :: "Rusia libera 5 localidades y cifra en más de 8.800..."
[DROP] low_geopolitics (region=OTHER score=50) :: "Bulgaria approves Naval Strike Missile buy amid Bl..."
[DROP] low_geopolitics (region=OTHER score=50) :: "Regions Calling: Why a Buryat Woman Stood Up to Ru..."
[DROP] low_geopolitics (region=OTHER score=50) :: "Trump warns U.S. 'armada' heading to Iran as activ..."
[DROP] low_geopolitics (region=OTHER score=50) :: "Russia Delays Launch of First Batch of Starlink Ri..."
[DROP] DUP_TOPIC :: ""Chavismo 3.0": quiénes forman parte del círculo d..."
[DROP] low_geopolitics (region=OTHER score=50) :: "Top NATO commanders standing by for policy guidanc..."
[DROP] low_geopolitics (region=OTHER score=50) :: "Africa: The UAE as a key actor in promoting Africa..."
[DROP] low_geopolitics (region=OTHER score=50) :: "EEUU despliega un portaaviones nuclear al norte de..."
[DROP] low_geopolitics (region=OTHER score=50) :: "St. Petersburg Police Probe Security Guards After ..."
[DROP] low_geopolitics (region=OTHER score=50) :: "Cómo miles de latinoamericanos ayudan a un grupo d..."
[DROP] low_geopolitics (region=OTHER score=50) :: ""Salas de la furia": cómo son los espacios cada ve..."
[DROP] low_geopolitics (region=OTHER score=50) :: "Russia and Ukraine hold joint peace talks with U.S..."
[DROP] low_geopolitics (region=OTHER score=50) :: "Military Court Admits Ukrainian Missile Strike San..."
[DROP] low_geopolitics (region=OTHER score=50) :: "Kyiv is freezing in the dark as Russian strikes le..."
[DROP] low_geopolitics (region=OTHER score=50) :: "No Sign of Compromise as Russia and Ukraine Head I..."
[DROP] low_geopolitics (region=OTHER score=50) :: "Trump withdraws Canada's invite to his 'Board of P..."
[DROP] low_geopolitics (region=OTHER score=50) :: "Denmark fast-tracked Lockheed radars for northern ..."
[DROP] low_geopolitics (region=OTHER score=50) :: "El Gobierno de México incauta más de 10.000 litros..."
[DROP] low_geopolitics (region=OTHER score=50) :: "Investigadores encuentran en Indonesia la pintura ..."
[DROP] low_geopolitics (region=OTHER score=50) :: "Operation Honduras Whitewash..."
[DROP] low_geopolitics (region=OTHER score=50) :: "Roaming Charges: Are We Not Men? No, We Are DAVOS..."
[DROP] low_geopolitics (region=OTHER score=50) :: "Carney’s Hot Air at Davos as Cover for Western Bar..."
[DROP] low_geopolitics (region=OTHER score=50) :: "¿Qué productos impulsaron la inflación en México d..."
[DROP] low_geopolitics (region=OTHER score=50) :: "Paz inauguró su participación en escenarios intern..."
[DROP] low_geopolitics (region=OTHER score=50) :: "Raül Refree, productor de Rosalía o Niño de Elche:..."
[DROP] low_geopolitics (region=OTHER score=50) :: ""La institucionalidad internacional está en crisis..."
[DROP] low_geopolitics (region=OTHER score=50) :: "Los operativos del ICE en Minnesota enardecen la c..."
[DROP] low_geopolitics (region=OTHER score=50) :: "La reunión de Putin y Witkoff fue "extremadamente ..."
[DROP] low_geopolitics (region=OTHER score=50) :: "What to know about the 'Board of Peace': Who is in..."
[DROP] low_geopolitics (region=OTHER score=50) :: "¿Cuáles son los caminos del Mercosur para presiona..."
[DROP] low_geopolitics (region=OTHER score=50) :: ""Sin margen para negarse": Milei firma adhesión al..."
[DROP] low_geopolitics (region=OTHER score=50) :: "U.S. severs ties with WHO, raising concerns about ..."
[DROP] low_geopolitics (region=OTHER score=50) :: "TRUMP coloca Portaavion NUCLEAR frente a las costa..."
[DROP] DUP_TOPIC :: "Trump busca aliados en Cuba para derrocar al castr..."
[DROP] low_geopolitics (region=OTHER score=50) :: "Qatar-gifted Air Force One plane delivery expected..."
[DROP] low_geopolitics (region=OTHER score=50) :: "La delegación estadounidense llega a Moscú para ma..."
[DROP] low_geopolitics (region=OTHER score=50) :: "Trump pierde al continente americano..."
[DROP] low_geopolitics (region=OTHER score=50) :: "Cómo Sinners se convirtió en un inesperado éxito d..."
[DROP] DUP_TOPIC :: "Colombia suspende el suministro de electricidad e ..."
[DROP] low_geopolitics (region=OTHER score=50) :: "Under EPA’s Zeldin, Pollution Enforcement Dying a ..."
[DROP] low_geopolitics (region=OTHER score=50) :: "Las tensiones entre EEUU y Canadá crecen: ¿Ottawa ..."
[DROP] low_geopolitics (region=OTHER score=50) :: "Esta es la lista completa de los nominados a los O..."
[DROP] low_geopolitics (region=OTHER score=50) :: "¿Qué países firmaron la Carta del Consejo de Paz?..."
[DROP] low_geopolitics (region=OTHER score=50) :: "Moscow Vows Response as Germany Expels Russian All..."
[DROP] low_geopolitics (region=OTHER score=50) :: "Zelensky Criticizes ‘Fragmented’ Europe’s Inaction..."
[DROP] low_geopolitics (region=OTHER score=50) :: "Jack Smith to Detail Trump’s Criminal Misconduct B..."
[DROP] low_geopolitics (region=OTHER score=50) :: "France Seizes Russia-Linked Oil Tanker in Mediterr..."
[DROP] low_geopolitics (region=OTHER score=50) :: ""Se pierde un momento histórico": El acuerdo UE-Me..."
[DROP] low_geopolitics (region=OTHER score=50) :: "Ukraine arrests two Russian spies inspecting Oresh..."
[DROP] low_geopolitics (region=OTHER score=50) :: "Moscow Court Upholds Prison Term for Teenage Girl ..."
[DROP] low_geopolitics (region=OTHER score=50) :: "Russia Boosts Work Permits for Indian and Banglade..."
[DROP] low_geopolitics (region=OTHER score=50) :: "Por qué la pintura rupestre más antigua del mundo ..."
[DROP] low_geopolitics (region=OTHER score=50) :: ""No olvidemos que EE.UU. tiene sus intereses y no ..."
[DROP] low_geopolitics (region=OTHER score=50) :: "España propone crear una coalición de voluntarios ..."
[DROP] low_geopolitics (region=OTHER score=50) :: "Russian MFA Advises Against Travel to Iran After M..."
[DROP] low_geopolitics (region=OTHER score=50) :: "La verdad de Rusia y China detrás de la disputa po..."
[DROP] low_geopolitics (region=OTHER score=50) :: "‘A soap opera’: How Ukraine’s frontline soldiers v..."
[DROP] DUP_TOPIC :: "Trump busca un cambio de régimen en Cuba en 2026 y..."
[DROP] low_geopolitics (region=OTHER score=50) :: "‘Completely Cut Off’: Kamchatka Calls for Moscow’s..."
[DROP] low_geopolitics (region=OTHER score=50) :: "Key US defense projects with Norway, Canada contin..."
[DROP] low_geopolitics (region=OTHER score=50) :: "Kursk Region Governor Hospitalized After Car Accid..."
[DROP] low_geopolitics (region=OTHER score=50) :: "Las tropas rusas destruyen 2 sistemas lanzacohetes..."
[DROP] low_geopolitics (region=OTHER score=50) :: "Tras las gafas de sol de Macron de 650 euros: qué ..."
[DROP] low_geopolitics (region=OTHER score=50) :: "13-Year-Old Student Arrested After Stabbing Janito..."
[DROP] low_geopolitics (region=OTHER score=50) :: "The German bomb: Much ado about very little..."
[DROP] low_geopolitics (region=OTHER score=50) :: "FSB Arrests Russian Man Suspected of Spying for Mo..."
[DROP] low_geopolitics (region=OTHER score=50) :: "Turkish Police Find Body of Missing Russian Swimme..."
[DROP] low_geopolitics (region=OTHER score=50) :: "Putin Thanks Trump for ‘Board of Peace’ Invite Ahe..."
[DROP] low_geopolitics (region=OTHER score=50) :: "Alrededor de 4,5 millones de habitantes en CDMX se..."
[DROP] low_geopolitics (region=OTHER score=50) :: "¿Cuál es el cártel mexicano más mermado tras los t..."
[DROP] low_geopolitics (region=OTHER score=50) :: "Más de un millón de perros viven en las calles de ..."
[DROP] low_geopolitics (region=OTHER score=50) :: "ActionAid to rethink child sponsorship as part of ..."
[DROP] low_geopolitics (region=OTHER score=50) :: "Andrea Martínez Baracs, historiadora: “Los aliados..."
[DROP] low_geopolitics (region=OTHER score=50) :: "La economía de Bolivia podría estar en recesión ha..."
[DROP] low_geopolitics (region=OTHER score=50) :: "Kast apuesta a un "presidencialismo reforzado" con..."
[DROP] low_geopolitics (region=OTHER score=50) :: "Trump Administration’s Efforts to Strip Shareholde..."
[DROP] low_geopolitics (region=OTHER score=50) :: "Citizen’s United Paved the Way for Trump’s Corpora..."
[DROP] low_geopolitics (region=OTHER score=50) :: "President Trump ‘brought let them eat cake economi..."
[DROP] low_geopolitics (region=OTHER score=50) :: "Groenlandia, el inesperado factor que desnuda la "..."
[DROP] low_geopolitics (region=OTHER score=50) :: "DOGE Stole Private Social Security Data. Congress ..."
[DROP] low_geopolitics (region=OTHER score=50) :: "State Duma Bars Reporters From Taking Photos of Pa..."
[DROP] low_geopolitics (region=OTHER score=50) :: "Estados Unidos reduce su presencia en las filas de..."
[DROP] low_geopolitics (region=OTHER score=50) :: "As Putin’s Allies Are Threatened, He Meets the Mom..."
[DROP] low_geopolitics (region=OTHER score=50) :: "Uzbek Man Who Assassinated Russian General in Dece..."
[DROP] low_geopolitics (region=OTHER score=50) :: "¿Complaciente con EEUU? Bolivia está dando un nota..."
[DROP] low_geopolitics (region=OTHER score=50) :: "Por qué México ha sido el gran beneficiado de los ..."
[DROP] low_geopolitics (region=OTHER score=50) :: "Okko Streaming Service to Broadcast 2026 Winter Ol..."
[DROP] low_geopolitics (region=OTHER score=50) :: "Venezuela, Groenlandia y Ucrania centran el discur..."
[DROP] DUP_TOPIC :: "'No One Else Has It,' Claims Trump When Asked Abou..."
[DROP] low_geopolitics (region=OTHER score=50) :: "Witkoff and Kushner to Meet With Putin on Thursday..."
[DROP] low_geopolitics (region=OTHER score=50) :: "El mapa que revela en detalle los paisajes que se ..."
[DROP] low_geopolitics (region=OTHER score=50) :: "Rusia destruye 4 sistemas lanzacohetes múltiples y..."
[DROP] low_geopolitics (region=OTHER score=50) :: "El noruego que inventó el sushi con salmón crudo y..."
[DROP] low_geopolitics (region=OTHER score=50) :: "Tennis Star Daniil Medvedev Says He Will Not Give ..."
[DROP] low_geopolitics (region=OTHER score=50) :: "13 Injured During Ukrainian Air Attack in Republic..."
[DROP] low_geopolitics (region=OTHER score=50) :: "¿Por qué la ciberseguridad y la regeneración urban..."
[DROP] low_geopolitics (region=OTHER score=50) :: "La piratería internacional de bienes alcanza los 4..."
[DROP] low_geopolitics (region=OTHER score=50) :: "Limitan la velocidad de los trenes en la línea Mad..."
[DROP] low_geopolitics (region=OTHER score=50) :: "The Promised Land: When Fate Looks Upon You..."
[DROP] low_geopolitics (region=OTHER score=50) :: "Si la economía de EEUU no repunta, la demanda glob..."
[DROP] low_geopolitics (region=OTHER score=50) :: "¿Apoyo político a Milei? El FMI prevé que la econo..."
[DROP] low_geopolitics (region=OTHER score=50) :: "EL PAÍS cierra un año récord con el mayor crecimie..."
[DROP] low_geopolitics (region=OTHER score=50) :: "Para defender la libertad de prensa en todo el mun..."
[DROP] low_geopolitics (region=OTHER score=50) :: ""Rusia seguirá siendo un socio, un aliado y un paí..."
[DROP] low_geopolitics (region=OTHER score=50) :: "Reuniones "secretas" empujan al presidente de Perú..."
[DROP] low_geopolitics (region=OTHER score=50) :: "México entrega decenas de narcos a EEUU "para calm..."
[DROP] low_geopolitics (region=OTHER score=50) :: "'Now Is Your Time of Need': Bernie Sanders, Mayor ..."
[DROP] low_geopolitics (region=OTHER score=50) :: "Un año de Donald Trump: así es como el regreso del..."
[DROP] low_geopolitics (region=OTHER score=50) :: "Barrio 18, la violenta pandilla detrás del motín e..."
[DROP] low_geopolitics (region=OTHER score=50) :: "One Year of Darkness, Cruelty — and Hope..."
[DROP] low_geopolitics (region=OTHER score=50) :: "Head of US Africa bureau urges staff to highlight ..."
[DROP] low_geopolitics (region=OTHER score=50) :: "As Visa-Free Chinese Tourism Begins, Russians Relu..."
[DROP] low_geopolitics (region=OTHER score=50) :: "Trump Pocketed At Least $1.4 Billion in First Year..."
[DROP] low_geopolitics (region=OTHER score=50) :: "Moscow Military Court Jails 2 Men for Trying to Ki..."
[DROP] low_geopolitics (region=OTHER score=50) :: ""No se ha conseguido un entendimiento sin amenazas..."
[DROP] low_geopolitics (region=OTHER score=50) :: "Government Auction Fails to Attract Bidders for Mo..."
[DROP] low_geopolitics (region=OTHER score=50) :: "Tank Fatally Crushes Yakutsk Teenager at Military ..."
[DROP] low_geopolitics (region=OTHER score=50) :: "Dual Russian-Irish Citizen Detained in Chelyabinsk..."
[DROP] DUP_TOPIC :: "El aniquilador de la maquinaria militar ucraniana:..."
[DROP] low_geopolitics (region=OTHER score=50) :: "Rusia lanza un ataque masivo contra objetivos mili..."
[DROP] low_geopolitics (region=OTHER score=50) :: "Los sorprendentes beneficios de pararse sobre una ..."
[DROP] low_geopolitics (region=OTHER score=50) :: "Los estadounidenses son quienes pagan por los aran..."
[DROP] low_geopolitics (region=OTHER score=50) :: ""No lo permitiremos": Lavrov advierte a Occidente ..."
[DROP] low_geopolitics (region=OTHER score=50) :: "Más de la mitad de los robos de arte en México son..."
[DROP] low_geopolitics (region=OTHER score=50) :: "Carlos Slim extiende su apuesta por el petróleo me..."
[DROP] low_geopolitics (region=OTHER score=50) :: "Un vínculo que se resquebraja: ¿Qué pasa entre el ..."
[DROP] low_geopolitics (region=OTHER score=50) :: "La oferta de seguridad de EEUU: ¿cómo los contrati..."
[DROP] low_geopolitics (region=OTHER score=50) :: "Milei viaja a Davos en busca de una nueva cumbre c..."
[DROP] low_geopolitics (region=OTHER score=50) :: "Ecuador despliega miles de militares contra el cri..."
[DROP] low_geopolitics (region=OTHER score=50) :: "Las imágenes de los incendios en Chile que dejan a..."
[DROP] low_geopolitics (region=OTHER score=50) :: "Vídeos de ajedrez | La retorcida genialidad de Kal..."
[DROP] low_geopolitics (region=OTHER score=50) :: "Las FFAA rusas liberan 2 asentamientos y destruyen..."
[DROP] DUP_TOPIC :: "María Corina Machado versus Delcy Rodríguez: el gr..."
[DROP] low_geopolitics (region=OTHER score=50) :: "Redes sociales borran 4,7 millones de cuentas de m..."
[DROP] low_geopolitics (region=OTHER score=50) :: ""La UE ha quedado cegada por su sesgo cognitivo de..."
[DROP] low_geopolitics (region=OTHER score=50) :: "Aumenta en México el decomiso de tractocamiones us..."
[DROP] low_geopolitics (region=OTHER score=50) :: "¿Inspiración para Trump?: esta es la historia de M..."
[DROP] low_geopolitics (region=OTHER score=50) :: "Trump demuestra la necesidad del acuerdo de la UE ..."
[DROP] low_geopolitics (region=OTHER score=50) :: ""Sin mi perro, el equipo de rescate no me habría e..."
[DROP] low_geopolitics (region=OTHER score=50) :: "Europa "disfrazará un acto de rendición de arreglo..."
[DROP] low_geopolitics (region=OTHER score=50) :: "Rusia asesta golpes contra instalaciones de montaj..."
[DROP] low_geopolitics (region=OTHER score=50) :: "Aire líquido, la fuente de energía limpia que fue ..."
[DROP] low_geopolitics (region=OTHER score=50) :: "Analista explica por qué la adhesión de Groenlandi..."
[DROP] low_geopolitics (region=OTHER score=50) :: "El interés de Trump por Groenlandia encaja en el r..."
[DROP] low_geopolitics (region=OTHER score=50) :: "Trump y Groenlandia: la potencial mayor adquisició..."
[DROP] low_geopolitics (region=OTHER score=50) :: "La apuesta de Trump por Groenlandia: cómo podría p..."
[DROP] low_geopolitics (region=OTHER score=50) :: "Noboa autoriza compras de seguridad de emergencia ..."
[DROP] low_geopolitics (region=OTHER score=50) :: "Los perseguidos..."
[DROP] low_geopolitics (region=OTHER score=50) :: "The 'Primary Fetterman' Website Is Now Live..."
[DROP] low_geopolitics (region=OTHER score=50) :: "'Grow a F*cking Spine': Critics Fume as Newsom Bac..."
[DROP] low_geopolitics (region=OTHER score=50) :: "'ICE Kills': Guards Reportedly Choked Man to Death..."
[DROP] low_geopolitics (region=OTHER score=50) :: "Un pixel rojo en la nieve: cómo la IA ayudó a enco..."
[DROP] low_geopolitics (region=OTHER score=50) :: "There are no Benefits to Trump’s “Great Healthcare..."
[DROP] low_geopolitics (region=OTHER score=50) :: "ACLU Sues Federal Government to End ICE, CBP’s Pra..."
[DROP] low_geopolitics (region=OTHER score=50) :: "Appeals Court in Mahmoud Khalil’s Case Decides Fed..."
[DROP] low_geopolitics (region=OTHER score=50) :: "ACLU Statement on President Trump’s Threat to Invo..."
[DROP] low_geopolitics (region=OTHER score=50) :: "Crypto Bill Markup Delayed Following Coinbase CEO’..."
[DROP] low_geopolitics (region=OTHER score=50) :: "Voters Think Trump Is a Pro-War President, See Ven..."
[DROP] low_geopolitics (region=OTHER score=50) :: "Davos: Meaningful dialogue requires a collective s..."
[DROP] low_geopolitics (region=OTHER score=50) :: "Invoking Insurrection Act Is the Opposite of What ..."
[DROP] low_geopolitics (region=OTHER score=50) :: "Falling wine sales reflect a lonelier and more ato..."
[DROP] low_geopolitics (region=OTHER score=50) :: "Irán, atrapado entre Jameneí y Trump..."
[DROP] low_geopolitics (region=OTHER score=50) :: "Las imágenes del búnker antinuclear que está a pun..."
[DROP] low_geopolitics (region=OTHER score=50) :: "Fossil fuel phaseout urgent as 1.5°C target likely..."
[DROP] low_geopolitics (region=OTHER score=50) :: "Por qué las personas que dejan de usar inyecciones..."
[DROP] low_geopolitics (region=OTHER score=50) :: "One People, Realm, Leader: But Don't Call Them Naz..."
[DROP] low_geopolitics (region=OTHER score=50) :: "Donald Trump used to be risk-averse. Is that chang..."
[DROP] low_geopolitics (region=OTHER score=50) :: "Search for single-tusked elephant after 22 killed ..."
[DROP] low_geopolitics (region=OTHER score=50) :: "Russia working to circumvent sanctions to ensure I..."
[DROP] low_geopolitics (region=OTHER score=50) :: "Sikh activist in UK told to increase security over..."
[DROP] low_geopolitics (region=OTHER score=50) :: "Trump’s DOJ Legal Threats Aim to Intimidate the Fe..."
[DROP] DUP_TOPIC :: "Trump advierte a Cuba sobre el fin del envío de pe..."
[DROP] low_geopolitics (region=OTHER score=50) :: "Myanmar junta holds second phase of election widel..."
[DROP] DUP_TOPIC :: "Tras la intervención de Trump, las relaciones de C..."
[DROP] low_geopolitics (region=OTHER score=50) :: "ICE: "Fucking Bitch"..."
[DROP] low_geopolitics (region=OTHER score=50) :: "CODEPINK Statement: Trump’s Threat to Bomb Mexico ..."
[DROP] DUP_NEAR(h=0) :: "Rusia envía 330.000 barriles de petróleo a Cuba en..."
[DROP] low_geopolitics (region=OTHER score=50) :: "El mito de la fuerza de voluntad para perder peso ..."
[DROP] low_geopolitics (region=OTHER score=50) :: "Social media are helping cults to recruit and cont..."
[DROP] DUP_TOPIC :: "EE.UU. reubica dos buques de su Armada al norte de..."
[DROP] low_geopolitics (region=OTHER score=50) :: "Trump exige a Venezuela que ponga fin a relaciones..."
[DROP] low_geopolitics (region=OTHER score=50) :: "The War Room newsletter: Inside the mission that s..."
[DROP] low_geopolitics (region=OTHER score=50) :: "En imágenes: el operativo de EE.UU. para capturar ..."
[DROP] low_geopolitics (region=OTHER score=50) :: "Fuegos artificiales y espectáculos de luces: las i..."
[DROP] low_geopolitics (region=OTHER score=50) :: "Patriotism tests loom for big business..."
[DROP] low_geopolitics (region=OTHER score=50) :: "A half-planet-size gap in global governance is abo..."
[DROP] low_geopolitics (region=OTHER score=50) :: "The War Room newsletter: Mega edition—you ask, I a..."
[DROP] low_geopolitics (region=OTHER score=50) :: "10 de las imágenes más sorprendentes de 2025..."
[DROP] DUP_NEAR(h=0) :: "Rusia envía 330.000 barriles de petróleo a Cuba en..."
[DROP] DUP_TOPIC :: "Bloqueo petrolero de Trump: una jugada a tres band..."
[DROP] low_geopolitics (region=OTHER score=50) :: "The quest to chart the sea..."
[DROP] DUP_TOPIC :: "Cuba condena el bloqueo naval de EEUU contra Venez..."
[DROP] low_geopolitics (region=OTHER score=50) :: "Ditch textbooks and learn how to use a wrench to A..."
[DROP] DUP_TOPIC :: "Anuncia Trump bloqueo a petróleo venezolano. - rad..."
[DROP] DUP_TOPIC :: "Bloqueo naval al petróleo venezolano sería la mejo..."
[DROP] DUP_TOPIC :: "Venezuela desafía a Trump y asegura mantener las e..."
[DROP] low_geopolitics (region=OTHER score=50) :: "TRUMP VA POR LAS CIUDADANÍAS: La Casa Blanca plane..."
[DROP] DUP_TOPIC :: "Trump anuncia bloqueo a petroleros desde y hacia V..."
[DROP] low_geopolitics (region=OTHER score=50) :: "Díaz-Canel rechaza el "bloqueo naval" de EE UU con..."
[DROP] DUP_TOPIC :: "PSL condenó orden de Trump de bloqueo naval a Vene..."
[DROP] DUP_NEAR(h=0) :: "Régimen cubano sale en defensa de Maduro tras el b..."
[DROP] low_geopolitics (region=OTHER score=50) :: "Cuba rechaza el «bloqueo naval» de EE.UU. contra V..."
[DROP] low_geopolitics (region=OTHER score=50) :: "Cuba condena bloqueo naval de EU contra Venezuela ..."
[DROP] DUP_TOPIC :: "La Habana manifiesta molestias por bloqueo naval a..."
[DROP] DUP_TOPIC :: "Rechaza Cuba bloqueo naval de Estados Unidos contr..."
[DROP] low_geopolitics (region=OTHER score=50) :: "Tercera lista de los principales temas del día de ..."
[DROP] low_geopolitics (region=OTHER score=50) :: "Congresistas de EE.UU.: Bloqueo naval a Venezuela ..."
[DROP] DUP_TOPIC :: "Venezuela denunciará ante la ONU amenazas de bloqu..."
[DROP] DUP_TOPIC :: "Artículo: Trump ordena bloqueo naval y petrolero c..."
[DROP] DUP_TOPIC :: "Artículo: Cuba repudia el bloqueo naval de EEUU y ..."
[DROP] DUP_TOPIC :: "Trump ordena bloqueo total de los petroleros a Ven..."
[DROP] DUP_TOPIC :: "Venezuela rechaza amenazas de bloqueo militar nava..."
[DROP] low_geopolitics (region=OTHER score=50) :: "Sheinbaum critica bloqueo y posible intervención d..."
[DROP] DUP_TOPIC :: "Gobierno cubano rechaza bloqueo naval de EEUU cont..."
[DROP] DUP_TOPIC :: "Cuba rechaza bloqueo naval de EEUU contra Venezuel..."
[DROP] DUP_TOPIC :: "Sheinbaum pide a la ONU asumir su papel tras bloqu..."
[DROP] DUP_TOPIC :: "Trump ordena bloqueo naval contra Venezuela y elev..."
[DROP] DUP_TOPIC :: "Cuba rechaza bloqueo naval de EEUU contra Venezuel..."
[DROP] low_geopolitics (region=OTHER score=50) :: "How to survive abandonment by America..."
[DROP] DUP_NEAR(h=0) :: "Presidente Trump ordena bloqueo naval a petroleros..."
[DROP] DUP_TOPIC :: "Venezuela condena amenaza de bloqueo militar y nav..."
[DROP] DUP_TOPIC :: "Cuba repudia el bloqueo naval de EEUU contra Venez..."
[DROP] DUP_TOPIC :: "Venezuela denunciará ante la ONU “temeraria y grav..."
[DROP] DUP_TOPIC :: "Trump anuncia bloqueo total a petroleros sancionad..."
[DROP] low_geopolitics (region=OTHER score=50) :: "Inside the fight for MAGA’s foreign policy..."
[DROP] low_geopolitics (region=OTHER score=50) :: "What’s worse for innovation: MAGA or Mao?..."
[DROP] low_geopolitics (region=OTHER score=50) :: "Western armed forces have struggled to fill their ..."
[DROP] low_geopolitics (region=OTHER score=50) :: "Trumpworld thinks Europe has betrayed the West..."
[DROP] low_geopolitics (region=OTHER score=50) :: "AI is upending the porn industry..."
[DROP] low_geopolitics (region=OTHER score=50) :: "The writings of John Parker..."
[DROP] low_geopolitics (region=OTHER score=50) :: "Trump señala política migratoria laxa como la mayo..."
[DROP] low_geopolitics (region=OTHER score=50) :: "The wrong sort of peace leads to the next war..."
[DROP] low_geopolitics (region=OTHER score=50) :: "John Bolton thinks America is past “peak Trump”..."
[DROP] low_geopolitics (region=OTHER score=50) :: "COP30 ends with a whimper..."
[DROP] low_geopolitics (region=OTHER score=50) :: "Erik Prince, America’s most notorious mercenary, s..."
[DROP] low_geopolitics (region=OTHER score=50) :: "Punjab by-polls: Notices served on minister, SAPM ..."
[DROP] low_geopolitics (region=OTHER score=50) :: "27th Amendment empowers FCC to hear all constituti..."
[DROP] low_geopolitics (region=OTHER score=50) :: "JF-17 attracts strong attention at Dubai Airshow a..."
[DROP] low_geopolitics (region=OTHER score=50) :: "US lawmakers laud Punjab govt's initiative to mode..."
[DROP] low_geopolitics (region=OTHER score=50) :: "Security forces gun down 30 terrorists in multiple..."
[DROP] low_geopolitics (region=OTHER score=50) :: "MQM-P calls for new province in Sindh..."
[DROP] low_geopolitics (region=OTHER score=50) :: "US report validates Pakistan military edge over In..."
[DROP] low_geopolitics (region=OTHER score=50) :: "How Chinese underground banks became the world’s b..."
[DROP] low_geopolitics (region=OTHER score=50) :: "Banned TTP poses serious threat to Pakistan securi..."
[DROP] low_geopolitics (region=OTHER score=50) :: "CM Afridi clarifies remarks on by-poll after ECP r..."
[DROP] low_geopolitics (region=OTHER score=50) :: "Dubai sees 3.2m Pakistani passengers in 2025 as ai..."
[DROP] low_geopolitics (region=OTHER score=50) :: "Security forces kill 23 Indian proxy terrorists in..."
[DROP] low_geopolitics (region=OTHER score=50) :: "Pakistan to construct island to boost oil explorat..."
[DROP] low_geopolitics (region=OTHER score=50) :: "Russia ready to mediate Pakistan's issues with Ind..."
[DROP] low_geopolitics (region=OTHER score=50) :: "Security forces neutralise four terrorists in KP I..."
[DROP] low_geopolitics (region=OTHER score=50) :: "Reclassification of 41 candidates on reserved seat..."
[DROP] low_geopolitics (region=OTHER score=50) :: "Pakistan Navy confiscates drugs worth $130m in Ara..."
[DROP] low_geopolitics (region=OTHER score=50) :: "In meeting with EU Council president, Dar discuss ..."
[DROP] low_geopolitics (region=OTHER score=50) :: "Pakistan achieved 'military success over India' in..."
[DROP] low_geopolitics (region=OTHER score=50) :: "PM Shehbaz approves five-year plan for flood prepa..."
[DROP] low_geopolitics (region=OTHER score=50) :: "JITs to probe cases against TLP in Punjab..."
[DROP] low_geopolitics (region=OTHER score=50) :: "DPM Dar pushes connectivity, financial tools at SC..."
[DROP] low_geopolitics (region=OTHER score=50) :: "Karachi hotel receives traffic fine for car stolen..."
[DROP] low_geopolitics (region=OTHER score=50) :: "CTD, police kill two suspected militants in Sarai ..."
[DROP] low_geopolitics (region=OTHER score=50) :: "Trump claims credit for averting Pak-India 'war th..."
[DROP] low_geopolitics (region=OTHER score=50) :: "Imran Khan's sisters released after brief detentio..."
[DROP] low_geopolitics (region=OTHER score=50) :: "The loneliness of America’s model ally..."
[DROP] low_geopolitics (region=OTHER score=50) :: "Army eliminates 23 Indian-backed terrorists in KP ..."
[DROP] low_geopolitics (region=OTHER score=50) :: "Key constitutional bodies reconstituted under 27th..."
[DROP] low_geopolitics (region=OTHER score=50) :: "At SCO moot, Pakistan calls for stronger economic ..."
[DROP] low_geopolitics (region=OTHER score=50) :: "Opposition alliance holds protest rally against 27..."
[DROP] low_geopolitics (region=OTHER score=50) :: "Body of 18-year-old bride found on rooftop in Kara..."
[DROP] low_geopolitics (region=OTHER score=50) :: "Raja Faisal Rathore sworn in as new AJK prime mini..."
[DROP] low_geopolitics (region=OTHER score=50) :: "Security forces neutralise 15 Indian proxy terrori..."
[DROP] low_geopolitics (region=OTHER score=50) :: "ECP moves to prepare schedule for Islamabad local ..."
[DROP] low_geopolitics (region=OTHER score=50) :: "28th Amendment on the cards, says Rana Sanaullah..."
[DROP] low_geopolitics (region=OTHER score=50) :: "Railways' modernisation to play key role in boosti..."
[DROP] low_geopolitics (region=OTHER score=50) :: "Govt extends Hajj 2026 dues deadline by three days..."
[DROP] low_geopolitics (region=OTHER score=50) :: "Death toll climbs to 10 in Hyderabad firecracker f..."
[DROP] low_geopolitics (region=OTHER score=50) :: "PPP's Palwasha Khan declares FIA, NCCIA 'corrupt'..."
[DROP] low_geopolitics (region=OTHER score=50) :: "By-polls announced for Senate seat left vacant aft..."
[DROP] low_geopolitics (region=OTHER score=50) :: "Pakistan dismisses Khalilzad's claim about Daesh-K..."
[DROP] low_geopolitics (region=OTHER score=50) :: "Tarar vows action over fake video targeting journa..."
[DROP] low_geopolitics (region=OTHER score=50) :: "AJK Assembly removes PM Anwarul Haq as no-confiden..."
[DROP] low_geopolitics (region=OTHER score=50) :: "PTI's Gohar joins others in condemning harassment ..."
[DROP] low_geopolitics (region=OTHER score=50) :: "DPM Dar reaches Moscow to participate in SCO summi..."
[DROP] low_geopolitics (region=OTHER score=50) :: "FCC begins hearing cases after two more judges swo..."
[DROP] low_geopolitics (region=OTHER score=50) :: "Pakistan seeks to boost military collaboration wit..."
[DROP] low_geopolitics (region=OTHER score=50) :: "Parliament holds exclusive right to amend Constitu..."
[DROP] low_geopolitics (region=OTHER score=50) :: "President honours Jordan's king with Nishan-e-Paki..."
[DROP] low_geopolitics (region=OTHER score=50) :: "Karachi braces for water shortfall after Dhabeji p..."
[DROP] low_geopolitics (region=OTHER score=50) :: "Field Marshal Munir warns of Pakistan's 'firm resp..."
[DROP] low_geopolitics (region=OTHER score=50) :: "China’s creepiest export surge..."
[DROP] low_geopolitics (region=OTHER score=50) :: "Beijing insiders’ plan to play Donald Trump..."
[DROP] low_geopolitics (region=OTHER score=50) :: "A new industry of AI companions is emerging..."
[DROP] low_geopolitics (region=OTHER score=50) :: "China places a Hong Kong-sized bet on Western decl..."
[DROP] low_geopolitics (region=OTHER score=50) :: "The War Room newsletter: Did a Russian weapon spoo..."
[DROP] low_geopolitics (region=OTHER score=50) :: "The War Room newsletter: The most successful amphi..."
[DROP] low_geopolitics (region=OTHER score=50) :: "What will it cost to make Vladimir Putin stop?..."
[DROP] low_geopolitics (region=OTHER score=50) :: "Donald Trump’s trade power is vast, but self-defea..."
[DROP] low_geopolitics (region=OTHER score=50) :: "China is backing Russia’s war to keep America dist..."
[DROP] low_geopolitics (region=OTHER score=50) :: "Meet the real screen addicts: the elderly..."
[DROP] low_geopolitics (region=OTHER score=50) :: "Brussels feels like a city preparing for war..."
[DROP] low_geopolitics (region=OTHER score=50) :: "The War Room newsletter: Three lessons from a spy ..."
[DROP] low_geopolitics (region=OTHER score=50) :: "The icy cold war America is busy losing..."
[DROP] low_geopolitics (region=OTHER score=50) :: "China tries shock-and-awe on Donald Trump..."
[DROP] low_geopolitics (region=OTHER score=50) :: "Forget EVs. Cycling is revolutionising transport..."
[DROP] low_geopolitics (region=OTHER score=50) :: "Europe struggles to put homeland defence first..."
[DROP] low_geopolitics (region=OTHER score=50) :: "The Economist today newsletter: What happens when ..."
[DROP] low_geopolitics (region=OTHER score=50) :: "Can the West survive an age of brinkmanship?..."
[DROP] low_geopolitics (region=OTHER score=50) :: "The flashing red threat from Russia’s dark fleet..."
[DROP] low_geopolitics (region=OTHER score=50) :: "The War Room newsletter: The best tanks of all tim..."
[DROP] low_geopolitics (region=OTHER score=50) :: "Europe’s astonishing drop in illegal migration..."
[DROP] low_geopolitics (region=OTHER score=50) :: "The Economist Insider launches soon..."
[DROP] low_geopolitics (region=OTHER score=50) :: "A made-in-China plan for world domination..."
[DROP] low_geopolitics (region=OTHER score=50) :: "The War Room newsletter: Why Trump wants a Taliban..."
[DROP] low_geopolitics (region=OTHER score=50) :: "Explainer: What is the China-proposed Global Gover..."
[DROP] low_geopolitics (region=OTHER score=50) :: "Authorities launch probe after fireworks display i..."
[DROP] low_geopolitics (region=OTHER score=50) :: "Israeli strikes kill 31 people in Gaza City, as ta..."
[DROP] low_geopolitics (region=OTHER score=50) :: "UK, Australia, Canada formally recognize Palestine..."
[DROP] low_geopolitics (region=OTHER score=50) :: "European airports snarled by cyberattack..."
[DROP] low_geopolitics (region=OTHER score=50) :: "Trump threatens Afghanistan over Bagram; Afghans r..."
[DROP] low_geopolitics (region=OTHER score=50) :: "China's Eight-Point Decision contributes to global..."
[DROP] low_geopolitics (region=OTHER score=50) :: "Shot putter Gong Lijiao places ninth at World Athl..."
[DROP] low_geopolitics (region=OTHER score=50) :: "Chinese figure skating pair qualify for 2026 Winte..."
[DROP] low_geopolitics (region=OTHER score=50) :: "UK, Portugal to recognize Palestinian state ahead ..."
[DROP] low_geopolitics (region=OTHER score=50) :: "Experts hail China-proposed Global Governance Init..."
[DROP] low_geopolitics (region=OTHER score=50) :: "New U.S. H-1B visa fee policy sparks broad concern..."
[DROP] low_geopolitics (region=OTHER score=50) :: "Israel continues Gaza City assualt, at least 60 Pa..."
[DROP] DUP_TOPIC :: "Iran to halt cooperation with IAEA after UNSC fail..."
[DROP] low_geopolitics (region=OTHER score=50) :: "Health Talk: Every Alzheimer's caregiver deserves ..."
[DROP] low_geopolitics (region=OTHER score=50) :: "Blue Helmets, No Borders | Friendship Has No Borde..."
[DROP] low_geopolitics (region=OTHER score=50) :: "Blue Helmets, No Borders | A Quiet Warrior in a Ha..."
[DROP] DUP_TOPIC :: "Returning to peace in Colombia..."
[DROP] low_geopolitics (region=OTHER score=50) :: "What you need to know about TikTok after the China..."
[DROP] low_geopolitics (region=OTHER score=50) :: "Trump raises H-1B visa fee for employers to $100,0..."
[DROP] low_geopolitics (region=OTHER score=50) :: "Passengers stranded at major European airports aft..."
[DROP] low_geopolitics (region=OTHER score=50) :: "Full text of white paper on China's advancement of..."
[DROP] low_geopolitics (region=OTHER score=50) :: "Beijing Xiangshan Forum concludes..."
[DROP] low_geopolitics (region=OTHER score=50) :: "Israeli army closes evacuation route from Gaza Cit..."
[DROP] low_geopolitics (region=OTHER score=50) :: "Health on the plate: From food abundance to nutrit..."
[DROP] low_geopolitics (region=OTHER score=50) :: "President Xi Jinping speaks with U.S. President Do..."
[DROP] low_geopolitics (region=OTHER score=50) :: "EU proposes new sanctions package against Russia..."
[DROP] low_geopolitics (region=OTHER score=50) :: "Global Governance Initiative: a new era for the Gl..."
[DROP] low_geopolitics (region=OTHER score=50) :: "Asia News Wrap: Nepal gets its first female prime ..."
[DROP] low_geopolitics (region=OTHER score=50) :: "Ambassador Hodan: Reflections on the Global Govern..."
[DROP] low_geopolitics (region=OTHER score=50) :: "Chinese premier to attend general debate of 80th s..."
[DROP] low_geopolitics (region=OTHER score=50) :: "Zhang Zhizhen rallies to beat Buyunchaokete at ATP..."
[DROP] low_geopolitics (region=OTHER score=50) :: "Beijing Guoan hold Hanoi 2-2 in AFC Champions Leag..."
[DROP] low_geopolitics (region=OTHER score=50) :: "Rashford shines for Barca to beat Newcastle in Cha..."
[DROP] low_geopolitics (region=OTHER score=50) :: "Beijing Xiangshan Forum introduces 'High-end Dialo..."
[DROP] low_geopolitics (region=OTHER score=50) :: "Israeli operations cause Gaza telecom blackout, st..."
[DROP] DUP_TOPIC :: "UNSC votes on reimposing nuclear sanctions that Ir..."
[DROP] low_geopolitics (region=OTHER score=50) :: "Trump ends UK tour with disagreement over Palestin..."
[DROP] low_geopolitics (region=OTHER score=50) :: "U.S. casts 6th veto at UN Security Council on Gaza..."
[DROP] low_geopolitics (region=OTHER score=50) :: "U.S. Federal Reserve meeting clouded by Trump poli..."
[DROP] low_geopolitics (region=OTHER score=50) :: "Xi's special envoy attends PNG's 50th independence..."
[DROP] low_geopolitics (region=OTHER score=50) :: "Israel's ground operations striking Gaza City draw..."
[DROP] low_geopolitics (region=OTHER score=50) :: "The UN’s grim future..."
[DROP] low_geopolitics (region=OTHER score=50) :: "Israel opens Gaza route; EU proposes Israeli trade..."
[DROP] low_geopolitics (region=OTHER score=50) :: "Number of trips between China and ASEAN exceeds 25..."
[DROP] low_geopolitics (region=OTHER score=50) :: "China slams U.S. distortion of Taiwan-related WWII..."
[DROP] low_geopolitics (region=OTHER score=50) :: "Graphics: China leads ASEAN partnership for 16 yea..."
[DROP] low_geopolitics (region=OTHER score=50) :: "IAEA says shelling reported near Ukraine's Zaporiz..."
[DROP] low_geopolitics (region=OTHER score=50) :: "Russia is ready to deepen Sakhalin 1 project discu..."
[DROP] low_geopolitics (region=OTHER score=50) :: "Japan's exports to U.S. fall for 5th month in Augu..."
[DROP] DUP_TOPIC :: "Chinese defense minister holds talks with Cuban co..."
[DROP] low_geopolitics (region=OTHER score=50) :: "Cold war deterrence doesn’t work any more..."
[DROP] low_geopolitics (region=OTHER score=50) :: "Top Gun—without Maverick..."
[DROP] low_geopolitics (region=OTHER score=50) :: "Meet the leader of Europe’s anti-Trump resistance..."
[DROP] low_geopolitics (region=OTHER score=50) :: "How Israel’s arms exports have made it sanctions-p..."
[DROP] low_geopolitics (region=OTHER score=50) :: "Who is winning in AI—China or America?..."
[DROP] low_geopolitics (region=OTHER score=50) :: "Meet the world’s hottest upstart weapons dealers..."
[DROP] low_geopolitics (region=OTHER score=50) :: "Donald Trump is waging war on woke AI..."
[DROP] low_geopolitics (region=OTHER score=50) :: "The wrong way to end a war..."
[DROP] low_geopolitics (region=OTHER score=50) :: "A burning threat to pregnant women..."
[DROP] low_geopolitics (region=OTHER score=50) :: "Was globalisation ever a meritocracy?..."
[DROP] low_geopolitics (region=OTHER score=50) :: "The end of the second world war..."
[DROP] low_geopolitics (region=OTHER score=50) :: "America’s new plan to fight a war with China..."
[DROP] low_geopolitics (region=OTHER score=50) :: "The War Room newsletter: Seven of the best books o..."
[DROP] low_geopolitics (region=OTHER score=50) :: "How to write laws of war for a wicked world..."
[DROP] low_geopolitics (region=OTHER score=50) :: "Why the laws of war are widely ignored..."
[DROP] low_geopolitics (region=OTHER score=50) :: "The War Room newsletter: How receiving aid became ..."
[DROP] low_geopolitics (region=OTHER score=50) :: "Could AI tilt the outcome of elections?..."
[DROP] low_geopolitics (region=OTHER score=50) :: "How spy agencies are experimenting with the newest..."
[DROP] low_geopolitics (region=OTHER score=50) :: "Can China save South Africa from Donald Trump?..."
[DROP] low_geopolitics (region=OTHER score=50) :: "Look inside The Economist’s summer issue for 2025..."
[DROP] low_geopolitics (region=OTHER score=50) :: "The world court joins the fight over climate chang..."
[DROP] low_geopolitics (region=OTHER score=50) :: "Rethinking the war on AIDS..."
[DROP] low_geopolitics (region=OTHER score=50) :: "The surprising lessons of a secret cold-war nuclea..."
[DROP] low_geopolitics (region=OTHER score=50) :: "The War Room newsletter: Three new books on espion..."
[DROP] low_geopolitics (region=OTHER score=50) :: "The rise and rise of women’s sport..."
[DROP] low_geopolitics (region=OTHER score=50) :: "Cynical realism won’t save India from Donald Trump..."
[DROP] low_geopolitics (region=OTHER score=50) :: "Gianni Infantino, FIFA’s strongman-loving boss..."
[DROP] low_geopolitics (region=OTHER score=50) :: "Putin’s war in Ukraine may cost him control of the..."
[DROP] low_geopolitics (region=OTHER score=50) :: "The 19th century is a terrible guide to modern sta..."
[DROP] low_geopolitics (region=OTHER score=50) :: "Putin’s radioactive chokehold on the world..."
[DROP] low_geopolitics (region=OTHER score=50) :: "How South Africa could harness Donald Trump’s wrat..."
[DROP] low_geopolitics (region=OTHER score=50) :: "The War Room newsletter: The daddy of all summits..."
[DROP] low_geopolitics (region=OTHER score=50) :: "Sex work in the gig economy..."
[DROP] low_geopolitics (region=OTHER score=50) :: "Feckless Europe accepts Trump’s Lone Ranger diplom..."
[DROP] low_geopolitics (region=OTHER score=50) :: "Can men and women be just friends?..."
[DROP] low_geopolitics (region=OTHER score=50) :: "In Trumpworld, toppling rulers is taboo..."
[DROP] low_geopolitics (region=OTHER score=50) :: "Bolsonaro Takes Stand in Coup Trial..."
[DROP] low_geopolitics (region=OTHER score=50) :: "The War Room newsletter: Why Israel attacked Iran—..."
[DROP] low_geopolitics (region=OTHER score=50) :: "The West has stopped losing its religion..."
[DROP] low_geopolitics (region=OTHER score=50) :: "Taiwan thinks the unthinkable: resisting China wit..."
[DROP] low_geopolitics (region=OTHER score=50) :: "The War Room newsletter: Britain’s defence goals a..."
[DROP] low_geopolitics (region=OTHER score=50) :: "To earn American help, allies are told to elect na..."
[DROP] low_geopolitics (region=OTHER score=50) :: "Vladimir Putin’s sickening statistic: 1m Russian c..."
[DROP] low_geopolitics (region=OTHER score=50) :: "The War Room newsletter: How Ukraine humbled Putin..."
[DROP] low_geopolitics (region=OTHER score=50) :: "The Uber of the underworld..."
[DROP] low_geopolitics (region=OTHER score=50) :: "The War Room newsletter: Explore our “Archive 1945..."
[DROP] low_geopolitics (region=OTHER score=50) :: "Donald Trump steals Xi Jinping’s favourite foreign..."
[DROP] low_geopolitics (region=OTHER score=50) :: "Can China jam your GPS?..."
[DROP] low_geopolitics (region=OTHER score=50) :: "Star wars returns..."
[DROP] low_geopolitics (region=OTHER score=50) :: "How to fight the next pandemic, without America..."
[DROP] low_geopolitics (region=OTHER score=50) :: "The War Room newsletter: Shadow games in the Balti..."
[DROP] low_geopolitics (region=OTHER score=50) :: "Fact-checkers forecast which dodgy claims will do ..."
[DROP] low_geopolitics (region=OTHER score=50) :: "China and Russia are deploying powerful new weapon..."
[DROP] low_geopolitics (region=OTHER score=50) :: "Why Donald Trump is a globalist..."
[DROP] low_geopolitics (region=OTHER score=50) :: "The War Room newsletter: Six must-read books on th..."
[DROP] low_geopolitics (region=OTHER score=50) :: "The UN could run out of cash within months..."
[DROP] low_geopolitics (region=OTHER score=50) :: "Donald Trump picks the wrong trade fight with Chin..."
[DROP] low_geopolitics (region=OTHER score=50) :: "A Trump executive order will unleash a global deep..."
[DROP] low_geopolitics (region=OTHER score=50) :: "Why some countries are once again embracing cluste..."
[DROP] low_geopolitics (region=OTHER score=50) :: "The ugly task of Putin-proofing your border..."
[DROP] low_geopolitics (region=OTHER score=50) :: "Trump’s red-hot war on terror..."
[DROP] low_geopolitics (region=OTHER score=50) :: "The coming struggle to choose the next pope..."
[DROP] low_geopolitics (region=OTHER score=50) :: "Plastics are greener than they seem..."
[DROP] low_geopolitics (region=OTHER score=50) :: "Xi Jinping’s Trump-sized puzzle..."
[DROP] low_geopolitics (region=OTHER score=50) :: "The War Room newsletter: Is American diplomacy all..."
[DROP] DUP_TOPIC :: "Bloqueo naval a Cuba - Cubadebate..."
[DROP] low_geopolitics (region=OTHER score=50) :: "There is a vast hidden workforce behind AI..."
[DROP] low_geopolitics (region=OTHER score=50) :: "The dangers of Donald Trump’s instinct for dealmak..."
[DROP] low_geopolitics (region=OTHER score=50) :: "The War Room newsletter: Why B-2 bombers are gathe..."
[DROP] low_geopolitics (region=OTHER score=50) :: "State capture is a growing threat. Reversing it is..."
[DROP] low_geopolitics (region=OTHER score=50) :: "China debates whether Trump is a revolutionary, or..."
[DROP] low_geopolitics (region=OTHER score=50) :: "Donald Trump is affecting politics everywhere..."
[DROP] low_geopolitics (region=OTHER score=50) :: "Europe will have to zip its lip over China’s abuse..."
[DROP] low_geopolitics (region=OTHER score=50) :: "Trump is a problem for Europe’s most important har..."
[DROP] low_geopolitics (region=OTHER score=50) :: "The right way to fight nativists..."
[DROP] low_geopolitics (region=OTHER score=50) :: "What to know about Elon Musk and China with Tesla'..."
[DROP] low_geopolitics (region=OTHER score=50) :: "Donald Trump shoots his own global mouthpiece..."
[DROP] low_geopolitics (region=OTHER score=50) :: "Donald Trump v the spies of Five Eyes..."
[DROP] low_geopolitics (region=OTHER score=50) :: "Could Europe replace Starlink if America pulls the..."
[DROP] low_geopolitics (region=OTHER score=50) :: "Trump’s whims are overriding the national interest..."
[DROP] low_geopolitics (region=OTHER score=50) :: "Europe thinks the unthinkable on a nuclear bomb..."
[DROP] low_geopolitics (region=OTHER score=50) :: "NATO’s race against Russia to rearm..."
[DROP] low_geopolitics (region=OTHER score=50) :: "The War Room newsletter: “Be quiet, small man”—dip..."
[DROP] low_geopolitics (region=OTHER score=50) :: "The tech bros selling drugs by drone..."
[DROP] low_geopolitics (region=OTHER score=50) :: "America First is a contagious condition..."
[DROP] low_geopolitics (region=OTHER score=50) :: "America’s self-isolating president..."
[DROP] low_geopolitics (region=OTHER score=50) :: "Can Europe confront Vladimir Putin’s Russia on its..."
[DROP] low_geopolitics (region=OTHER score=50) :: "Australia prepares for a lonelier, harsher world..."
[DROP] DUP_TOPIC :: "Régimen cubano considera que Cuba no es prioridad ..."
[DROP] low_geopolitics (region=OTHER score=50) :: "Will it be Ukraine today, Taiwan tomorrow?..."
[DROP] low_geopolitics (region=OTHER score=50) :: "Donald Trump is junking the transatlantic alliance..."
[DROP] low_geopolitics (region=OTHER score=50) :: "Western Union anuncia suspensión de remesas a Cuba..."
[DROP] low_geopolitics (region=OTHER score=50) :: "China’s stunning new campaign to turn the world ag..."
[DROP] low_geopolitics (region=OTHER score=50) :: "Xi Jinping swings his “assassin’s mace” of economi..."
[DROP] low_geopolitics (region=OTHER score=50) :: "Allies will not appease Donald Trump for ever..."
[DROP] low_geopolitics (region=OTHER score=50) :: "As adoptions collapse, demand for international su..."
[DROP] low_geopolitics (region=OTHER score=50) :: "A big, beautiful Trump deal with China?..."
[DROP] low_geopolitics (region=OTHER score=50) :: "Palestinians Stream Back to Northern Gaza on Foot..."
[DROP] low_geopolitics (region=OTHER score=50) :: "Leading China Property Developer Reports Huge loss..."
[DROP] low_geopolitics (region=OTHER score=50) :: "Freed Israeli Hostages Still Had Shrapnel in Their..."
[DROP] low_geopolitics (region=OTHER score=50) :: "Suspected Sabotage of Deep-Sea Cable Triggers Firs..."
[DROP] low_geopolitics (region=OTHER score=50) :: "Rwanda-Backed Rebels Enter Congo's Safe-Haven City..."
[DROP] DUP_TOPIC :: "Cocaine-Funded Gangs Shake Colombia Years After Pe..."
[DROP] low_geopolitics (region=OTHER score=50) :: "Italy Supports Saudi Arabia Joining Fighter-Jet Pr..."
[DROP] low_geopolitics (region=OTHER score=50) :: "Shippers Wary of Red Sea Routes Despite Houthi Ple..."
[DROP] low_geopolitics (region=OTHER score=50) :: "Kim Jong Un Is Doing Everything He Can to Keep Nor..."
[DROP] DUP_TOPIC :: "Trump Says Colombia Will Accept Deportees, Ending ..."
[DROP] low_geopolitics (region=OTHER score=50) :: "Jeju Air Crash Probe Focuses On Engine Damage Afte..."
[DROP] low_geopolitics (region=OTHER score=50) :: "Germany's Economic Model Is Broken, and No One Has..."
[DROP] low_geopolitics (region=OTHER score=50) :: "Trump Says He Wants to 'Clean Out' Gaza, Send Refu..."
[DROP] low_geopolitics (region=OTHER score=50) :: "Hamas Releases Four Female Israeli Soldiers Under ..."
[DROP] low_geopolitics (region=OTHER score=50) :: "Hamas Took More Than 200 Hostages From Israel. Her..."
[DROP] low_geopolitics (region=OTHER score=50) :: "U.N. and Congolese Troops Struggle to Halt Lightni..."
[DROP] low_geopolitics (region=OTHER score=50) :: "Who Are the Israeli Hostages Released by Hamas?..."
[DROP] low_geopolitics (region=OTHER score=50) :: "The Latest Gaza Hostages Freed: Women Whose Hamas ..."
[DROP] low_geopolitics (region=OTHER score=50) :: "Beijing Signals Readiness to Talk to Trump's Team,..."
[DROP] low_geopolitics (region=OTHER score=50) :: "Canada Is Becoming a Fentanyl Exporter, and a Targ..."
[DROP] low_geopolitics (region=OTHER score=50) :: "Why don’t more countries import their electricity?..."
[DROP] low_geopolitics (region=OTHER score=50) :: "Trump unmasks American selfishness, say cynics..."
[DROP] low_geopolitics (region=OTHER score=50) :: "Inside the Houthis’ moneymaking machine..."
[DROP] low_geopolitics (region=OTHER score=50) :: "Marco Rubio will find China is hard to beat in Lat..."
[DROP] low_geopolitics (region=OTHER score=50) :: "Donald Trump has a strong foreign-policy hand, but..."
[DROP] low_geopolitics (region=OTHER score=50) :: "Women warriors and the war on woke..."
[DROP] low_geopolitics (region=OTHER score=50) :: "Young people are having less fun..."
[DROP] low_geopolitics (region=OTHER score=50) :: "Why people over the age of 55 are the new problem ..."
[DROP] low_geopolitics (region=OTHER score=50) :: "The A to Z of international relations..."
[DROP] low_geopolitics (region=OTHER score=50) :: "The A to Z of military terms..."
[DROP] low_geopolitics (region=OTHER score=50) :: "Why warriors should welcome laws of war..."
[DROP] low_geopolitics (region=OTHER score=50) :: "Is the age of American air superiority coming to a..."
[DROP] low_geopolitics (region=OTHER score=50) :: "What has four stomachs and could change the world?..."
[DROP] low_geopolitics (region=OTHER score=50) :: "Analysis: NYT’s bizarre coverage and omissions of ..."
[DROP] low_geopolitics (region=OTHER score=50) :: "The Art of the Deal: global edition..."
[DROP] low_geopolitics (region=OTHER score=50) :: "Could the next pope come from Africa or Asia?..."
[DROP] low_geopolitics (region=OTHER score=50) :: "Will the West betray or save anti-Putin protesters..."
[DROP] low_geopolitics (region=OTHER score=50) :: "“Tariffers” v “traders”: the new contest for Donal..."
[DROP] low_geopolitics (region=OTHER score=50) :: "The world is losing the fight against internationa..."
[DROP] low_geopolitics (region=OTHER score=50) :: "Half a loaf, at best, from the climate talks..."
[DROP] low_geopolitics (region=OTHER score=50) :: "Is your master’s degree useless?..."
[DROP] low_geopolitics (region=OTHER score=50) :: "The perils of appeasing a warlike Russia..."
[DROP] low_geopolitics (region=OTHER score=50) :: "The danger zone between two presidents..."
[DROP] low_geopolitics (region=OTHER score=50) :: "How to avoid Oval Office humiliation..."
[DROP] low_geopolitics (region=OTHER score=50) :: "King coal is dirty, dangerous—and far from dead..."
[DROP] low_geopolitics (region=OTHER score=50) :: "The world faces its worst trade wars since the 193..."
[DROP] low_geopolitics (region=OTHER score=50) :: "America’s allies brace for brinkmanship, deals—and..."
[DROP] low_geopolitics (region=OTHER score=50) :: "What the world thinks of Trump, Ukraine and Chines..."
[DROP] low_geopolitics (region=OTHER score=50) :: "A surprise new twist in Putin’s currency wars..."
[DROP] low_geopolitics (region=OTHER score=50) :: "The Telegram: our new guide to a dangerous world..."
[DROP] low_geopolitics (region=OTHER score=50) :: "Intrigue, greed and hostility burn in the Antarcti..."
[DROP] low_geopolitics (region=OTHER score=50) :: "Putin’s plan to dethrone the dollar..."
[DROP] low_geopolitics (region=OTHER score=50) :: "Vladimir Putin’s spies are plotting global chaos..."
[DROP] low_geopolitics (region=OTHER score=50) :: "Over a billion have voted in 2024: has democracy w..."
[DROP] low_geopolitics (region=OTHER score=50) :: "Nathália Urban Presente!..."
[DROP] low_geopolitics (region=OTHER score=50) :: "A new “quartet of chaos” threatens America..."
[DROP] low_geopolitics (region=OTHER score=50) :: "A UN vote on Palestine underlines America’s weaken..."
[DROP] low_geopolitics (region=OTHER score=50) :: "Sport is getting hotter, harder and deadlier..."
[DROP] low_geopolitics (region=OTHER score=50) :: "Inside Brazil’s X Ban: How Elon Musk Started–and l..."
[DROP] low_geopolitics (region=OTHER score=50) :: "How encrypted messaging apps conquered the world..."
[DROP] low_geopolitics (region=OTHER score=50) :: "The poisonous global politics of water..."
[DROP] low_geopolitics (region=OTHER score=50) :: "Indian tourists are conquering the world..."
[DROP] low_geopolitics (region=OTHER score=50) :: "Can Donald Trump’s Iron Dome plan keep America saf..."
[DROP] low_geopolitics (region=OTHER score=50) :: "Why the war on childhood obesity is failing..."
[DROP] low_geopolitics (region=OTHER score=50) :: "Paris could change how cities host the Olympics fo..."
[DROP] low_geopolitics (region=OTHER score=50) :: "Could America fight its enemies without breaking t..."
[DROP] low_geopolitics (region=OTHER score=50) :: "How China and Russia could hobble the internet..."
[DROP] low_geopolitics (region=OTHER score=50) :: "Trump and other populists will haunt NATO’s 75th b..."
[DROP] low_geopolitics (region=OTHER score=50) :: "The rise of the truly cruel summer..."
[DROP] low_geopolitics (region=OTHER score=50) :: "Brainy Indians are piling into Western universitie..."
[DROP] low_geopolitics (region=OTHER score=50) :: "The new front in China’s cyber campaign against Am..."
[DROP] low_geopolitics (region=OTHER score=50) :: "Is your rent ever going to fall?..."
[DROP] DUP_TOPIC :: "Iran’s new leaders stand at a nuclear precipice..."
[DROP] low_geopolitics (region=OTHER score=50) :: "Taiwan’s new president faces an upsurge in Chinese..."
[DROP] low_geopolitics (region=OTHER score=50) :: "Minister warns of “industrial-scale” organized dis..."
[DROP] low_geopolitics (region=OTHER score=50) :: "Local Government’s responsibility for Porto Alegre..."
[DROP] low_geopolitics (region=OTHER score=50) :: "US Congresswoman Takes Down Fantasist Republican C..."
[DROP] low_geopolitics (region=OTHER score=50) :: "The world’s rules-based order is cracking..."
[DROP] low_geopolitics (region=OTHER score=50) :: "Beware, global jihadists are back on the march..."
[DROP] low_geopolitics (region=OTHER score=50) :: "The tech wars are about to enter a fiery new phase..."
[DROP] low_geopolitics (region=OTHER score=50) :: "Greenwald accused of thinking he is “civilizing th..."
[DROP] low_geopolitics (region=OTHER score=50) :: "Brazilian lawyer exposes deceit at heart of “Twitt..."
[DROP] low_geopolitics (region=OTHER score=50) :: "Would you really die for your country?..."
[DROP] low_geopolitics (region=OTHER score=50) :: "Elon Musk Leads Far Right Propaganda Blitz On Braz..."
[DROP] low_geopolitics (region=OTHER score=50) :: "Who’s the big boss of the global south?..."
[DROP] low_geopolitics (region=OTHER score=50) :: "Thirty years after Rwanda, genocide is still a pro..."
[DROP] low_geopolitics (region=OTHER score=50) :: "Narendra Modi’s secret weapon: India’s diaspora..."
[DROP] low_geopolitics (region=OTHER score=50) :: "Why young men and women are drifting apart..."
[DROP] low_geopolitics (region=OTHER score=50) :: "We’re hiring a global correspondent..."
[DROP] low_geopolitics (region=OTHER score=50) :: "America’s elite universities are bloated, complace..."
[DROP] low_geopolitics (region=OTHER score=50) :: "Africa is juggling rival powers like no other cont..."
[DROP] low_geopolitics (region=OTHER score=50) :: "Russian spies are back—and more dangerous than eve..."
[DROP] low_geopolitics (region=OTHER score=50) :: "2024 is a giant test of nerves for democracy..."
[DROP] low_geopolitics (region=OTHER score=50) :: "War in space is no longer science fiction..."
[DROP] low_geopolitics (region=OTHER score=50) :: "The world is bracing for Donald Trump’s possible r..."
[DROP] low_geopolitics (region=OTHER score=50) :: "Israel’s judge in The Hague is its government’s bo..."
[DROP] low_geopolitics (region=OTHER score=50) :: "The genocide case Israel faces is more about polit..."
[DROP] low_geopolitics (region=OTHER score=50) :: "Welcome to the new era of global sea power..."
[DROP] low_geopolitics (region=OTHER score=50) :: "How ransomware could cripple countries, not just c..."
[DROP] low_geopolitics (region=OTHER score=50) :: "A new Suez crisis threatens the world economy..."
[DROP] low_geopolitics (region=OTHER score=50) :: "Climate talks at last lead to a deal on cutting fo..."
[DROP] low_geopolitics (region=OTHER score=50) :: "The pandemic’s toll on schooling emerges in awful ..."
[DROP] low_geopolitics (region=OTHER score=50) :: "A religious revolution is under way in the Middle ..."
[DROP] low_geopolitics (region=OTHER score=50) :: "Many small islands have no room for manoeuvre at C..."
[DROP] low_geopolitics (region=OTHER score=50) :: "From Gaza to Ukraine, wars and crises are piling u..."
[DROP] low_geopolitics (region=OTHER score=50) :: "Why migration is in such a mess once more..."
[DROP] low_geopolitics (region=OTHER score=50) :: "Israel is more popular than social-media posts sug..."
[DROP] low_geopolitics (region=OTHER score=50) :: "The culture war over the Gaza war..."
[DROP] low_geopolitics (region=OTHER score=50) :: "The three steps on America’s ladder of military es..."
[DROP] low_geopolitics (region=OTHER score=50) :: "Israel needs to resist irrational retaliation..."
[DROP] low_geopolitics (region=OTHER score=50) :: "The global backlash against climate policies has b..."
[DROP] low_geopolitics (region=OTHER score=50) :: "Africa’s coups are part of a far bigger crisis..."
[DROP] low_geopolitics (region=OTHER score=50) :: "States are becoming more brazen about killing foes..."
[DROP] low_geopolitics (region=OTHER score=50) :: "Meet the world’s new arms dealers..."
[DROP] low_geopolitics (region=OTHER score=50) :: "The most beautiful sections of China's Great Wall..."
[DROP] low_geopolitics (region=OTHER score=50) :: "Are Ukraine’s tactics working?..."
[DROP] low_geopolitics (region=OTHER score=50) :: "The growing global movement to restrain house pric..."
[DROP] low_geopolitics (region=OTHER score=50) :: "A new nuclear arms race looms..."
[DROP] low_geopolitics (region=OTHER score=50) :: "Reassessing Obama’s biggest mistake..."
[DROP] low_geopolitics (region=OTHER score=50) :: "The BRICS bloc is riven with tensions..."
[DROP] low_geopolitics (region=OTHER score=50) :: "What Ukraine’s bloody battlefield is teaching medi..."
[DROP] low_geopolitics (region=OTHER score=50) :: "Western values are steadily diverging from the res..."
[DROP] low_geopolitics (region=OTHER score=50) :: "The Ukrainian army commits new forces in a big sou..."
[DROP] low_geopolitics (region=OTHER score=50) :: "Russia is attacking Ukraine’s agricultural exports..."
[DROP] low_geopolitics (region=OTHER score=50) :: "Is Ukraine’s offensive stalling?..."
[DROP] low_geopolitics (region=OTHER score=50) :: "What if China and India became friends?..."
[DROP] low_geopolitics (region=OTHER score=50) :: "What would Europe do if Trump won?..."
[DROP] low_geopolitics (region=OTHER score=50) :: "NATO is drafting new plans to defend Europe..."
[DROP] low_geopolitics (region=OTHER score=50) :: "NATO is agonising over whether to let Ukraine join..."
[DROP] low_geopolitics (region=OTHER score=50) :: "India’s diaspora is bigger and more influential th..."
[DROP] low_geopolitics (region=OTHER score=50) :: "Should you send your children to private school?..."
[DROP] low_geopolitics (region=OTHER score=50) :: "The speech police are coming for social media..."
[DROP] low_geopolitics (region=OTHER score=50) :: "The cost of the global arms race..."
[DROP] low_geopolitics (region=OTHER score=50) :: "Europe can’t decide how to unplug from China..."
[DROP] low_geopolitics (region=OTHER score=50) :: "After 12 years of blood, Assad’s Syria rejoins the..."
[DROP] low_geopolitics (region=OTHER score=50) :: "The 2023 crony-capitalism index..."
[DROP] low_geopolitics (region=OTHER score=50) :: "How the war split the mafia..."
[DROP] low_geopolitics (region=OTHER score=50) :: "Look of the Week: Blackpink headline Coachella in ..."
[DROP] low_geopolitics (region=OTHER score=50) :: "The world’s deadliest war last year wasn’t in Ukra..."
[DROP] low_geopolitics (region=OTHER score=50) :: "Still haven't filed your taxes? Here's what you ne..."
[DROP] low_geopolitics (region=OTHER score=50) :: "Markets digest bank earnings after recent turmoil..."
[DROP] low_geopolitics (region=OTHER score=50) :: "Retail spending fell in March as consumers pull ba..."
[DROP] low_geopolitics (region=OTHER score=50) :: "Analysis: Fox News is about to enter the true No S..."
[DROP] low_geopolitics (region=OTHER score=50) :: "Silicon Valley Bank collapse renews calls to addre..."
[DROP] low_geopolitics (region=OTHER score=50) :: "'I was up to my waist down a hippo's throat.' He s..."
[DROP] low_geopolitics (region=OTHER score=50) :: "Michael Jordan's 1998 NBA Finals sneakers sell for..."
[DROP] low_geopolitics (region=OTHER score=50) :: "How to survive a superpower split..."
[DROP] low_geopolitics (region=OTHER score=50) :: "How Playboy cut ties with Hugh Hefner to create a ..."
[DROP] low_geopolitics (region=OTHER score=50) :: "They bought an abandoned 'ghost house' in the Japa..."
[DROP] low_geopolitics (region=OTHER score=50) :: "Here's the real reason to turn on airplane mode wh..."
[DROP] low_geopolitics (region=OTHER score=50) :: "'A definitive backslide.' Inside fashion's worryin..."
[DROP] low_geopolitics (region=OTHER score=50) :: "Was your degree really worth it?..."
[DROP] low_geopolitics (region=OTHER score=50) :: "Relaxed entry rules make it easier than ever to vi..."
[DROP] low_geopolitics (region=OTHER score=50) :: "Scientists identify secret ingredient in Leonardo ..."
[DROP] low_geopolitics (region=OTHER score=50) :: "Which will grow faster: India or Indonesia?..."
[DROP] low_geopolitics (region=OTHER score=50) :: "How the Iraq war bent America’s army out of shape..."
[DROP] low_geopolitics (region=OTHER score=50) :: "What does Xi Jinping want from Vladimir Putin?..."
[DROP] low_geopolitics (region=OTHER score=50) :: "Russia’s friends are a motley—and shrinking—crew..."
[DROP] low_geopolitics (region=OTHER score=50) :: "Emmanuel Macron’s vision of a more muscular Europe..."
[DROP] low_geopolitics (region=OTHER score=50) :: "The surreal facades of America's strip clubs..."
[DROP] low_geopolitics (region=OTHER score=50) :: "The biggest obstacle to saving rainforests is lawl..."
[DROP] low_geopolitics (region=OTHER score=50) :: "“You will always be 0% prepared”: Ukraine’s refuge..."
[DROP] low_geopolitics (region=OTHER score=50) :: "Ukrainian refugees remain in limbo..."
[DROP] low_geopolitics (region=OTHER score=50) :: "Throughout the rich world, the young are falling o..."
[DROP] low_geopolitics (region=OTHER score=50) :: "How a tide of tech money is transforming charity..."
[DROP] low_geopolitics (region=OTHER score=50) :: "Most children in poor countries are being failed b..."
[DROP] low_geopolitics (region=OTHER score=50) :: "Open-source intelligence is piercing the fog of wa..."
[DROP] low_geopolitics (region=OTHER score=50) :: "The age of the grandparent has arrived..."
[DROP] low_geopolitics (region=OTHER score=50) :: "The death of Pope Benedict removes a problem for l..."
[DROP] low_geopolitics (region=OTHER score=50) :: "Politics will move further to the left in 2023..."
[DROP] low_geopolitics (region=OTHER score=50) :: "Pope Benedict XVI was an iron fist in a white glov..."
[DROP] low_geopolitics (region=OTHER score=50) :: "The pandemic’s indirect effects on small children ..."
[DROP] low_geopolitics (region=OTHER score=50) :: "Nelly Cheboi, who creates computer labs for Kenyan..."
[DROP] low_geopolitics (region=OTHER score=50) :: "CNN Heroes: Sharing the Spotlight..."
[DROP] low_geopolitics (region=OTHER score=50) :: "China’s deep-water fishing fleet is the world’s mo..."
[DROP] low_geopolitics (region=OTHER score=50) :: "The taboos around sexual health are weakening..."
[DROP] low_geopolitics (region=OTHER score=50) :: "Should rich countries pay for climate damage in po..."
[DROP] low_geopolitics (region=OTHER score=50) :: "The Qatar World Cup shows how football is changing..."
[DROP] low_geopolitics (region=OTHER score=50) :: "The world’s population has reached 8bn. Don’t pani..."
[DROP] low_geopolitics (region=OTHER score=50) :: "Donors are already mulling a Marshall Plan for Ukr..."
[DROP] low_geopolitics (region=OTHER score=50) :: "How men with guns aggravate global hunger..."
[DROP] low_geopolitics (region=OTHER score=50) :: "How one pandemic made another one worse..."
[DROP] low_geopolitics (region=OTHER score=50) :: "Vladimir Putin is dragging the world back to a blo..."
[DROP] low_geopolitics (region=OTHER score=50) :: "Vladimir Putin says the world’s energy infrastruct..."
[DROP] low_geopolitics (region=OTHER score=50) :: "Booming cocaine production suggests the war on dru..."
[DROP] low_geopolitics (region=OTHER score=50) :: "How pop culture went multipolar..."
[DROP] low_geopolitics (region=OTHER score=50) :: "Could the war in Ukraine go nuclear?..."
[DROP] low_geopolitics (region=OTHER score=50) :: "How Russia is trying to win over the global south..."
[DROP] low_geopolitics (region=OTHER score=50) :: "An election that could make the global internet sa..."
[DROP] low_geopolitics (region=OTHER score=50) :: "Some of the new king’s realms may become republics..."
[DROP] low_geopolitics (region=OTHER score=50) :: "How covid-19 spurred governments to snoop on sewag..."
[DROP] low_geopolitics (region=OTHER score=50) :: "Should every schoolchild eat free?..."
[DROP] low_geopolitics (region=OTHER score=50) :: "Dictators and utopians are fond of fiddling with c..."
[DROP] low_geopolitics (region=OTHER score=50) :: "Armies are re-learning how to fight in cities..."
[DROP] low_geopolitics (region=OTHER score=50) :: "Much of Russia’s intellectual elite has fled the c..."
[DROP] low_geopolitics (region=OTHER score=50) :: "Can rich countries care for the old without going ..."
[DROP] low_geopolitics (region=OTHER score=50) :: "The women’s Euros are selling out stadiums..."
[DROP] low_geopolitics (region=OTHER score=50) :: "Catholic reformers want big changes to a church ma..."
[DROP] low_geopolitics (region=OTHER score=50) :: "Covid learning loss has been a global disaster..."
[DROP] low_geopolitics (region=OTHER score=50) :: "Around the world, bans do not make abortion much r..."
[DROP] low_geopolitics (region=OTHER score=50) :: "Costly food and energy are fostering global unrest..."
[DROP] low_geopolitics (region=OTHER score=50) :: "Swimming’s ruling on transgender women continues a..."
[DROP] low_geopolitics (region=OTHER score=50) :: "Can tech tackle the global crisis of depression an..."
[DROP] low_geopolitics (region=OTHER score=50) :: "Does the tank have a future?..."
[DROP] low_geopolitics (region=OTHER score=50) :: "Climate change is harder on less educated people..."
[DROP] low_geopolitics (region=OTHER score=50) :: "The pandemic has accelerated a global decline in t..."
[DROP] low_geopolitics (region=OTHER score=50) :: "Anonymous tipsters, angry at Russia, help detect s..."
[DROP] DUP_TOPIC :: "Trump consideró hacer un bloqueo naval simultáneo ..."
[DROP] DUP_TOPIC :: "EEUU planificó un bloqueo naval total contra Venez..."
[DROP] DUP_TOPIC :: "Esper: Casa Blanca de Trump discutió bloqueo a Cub..."
[DROP] low_geopolitics (region=OTHER score=50) :: "These were the best and worst places for air quali..."
[DROP] low_geopolitics (region=OTHER score=50) :: "Not only is Lake Powell's water level plummeting b..."
[DROP] low_geopolitics (region=OTHER score=50) :: "Big-box stores could help slash emissions and save..."
[DROP] low_geopolitics (region=OTHER score=50) :: "Sign up to our newsletter for a weekly roundup of ..."
[DROP] low_geopolitics (region=OTHER score=50) :: "Donate now to a Top 10 CNN Hero..."
[DROP] DUP_TOPIC :: "Trump contempla un bloqueo naval para cortar el fl..."
[DROP] DUP_TOPIC :: "Trump sobre Venezuela: “deberíamos hacer un embarg..."
[DROP] DUP_TOPIC :: "Trump sugiere imponer bloqueo naval contra Venezue..."
[DROP] low_geopolitics (region=OTHER score=50) :: "Senador propone "bloqueo naval" a Cuba para impedi..."
[DROP] low_geopolitics (region=OTHER score=50) :: "Rick Scott propone un "bloqueo naval" a Cuba para ..."
[DROP] low_geopolitics (region=OTHER score=50) :: "Senador estadounidense pide bloqueo naval a Cuba e..."
[DROP] DUP_TOPIC :: "Donald Trump amenaza a Cuba con un bloqueo complet..."
[DROP] DUP_TOPIC :: "Inician racionamientos de energía en Cuba - Univis..."
[DROP] low_geopolitics (region=OTHER score=50) :: "Iran’s president warns of US psychological warfare..."
[DROP] low_geopolitics (region=OTHER score=50) :: "Iranian drone swarms pose ‘credible threat’ to US ..."
[DROP] DUP_TOPIC :: "Millions ready to sacrifice lives for Iran’s Leade..."
[DROP] low_geopolitics (region=OTHER score=50) :: "Any harm to Ayatollah Khamenei a declaration of wa..."
[DROP] DUP_TOPIC :: "National unity will block threats to Iran’s territ..."
[DROP] low_geopolitics (region=OTHER score=50) :: "Trump threatens Iraq over ex-PM Maliki’s return..."
[DROP] DUP_TOPIC :: "Discover Iran: Hormozgan’s strategic ports powerin..."
[DROP] DUP_TOPIC :: "‘Rule of lies’: Foreign Ministry slams ‘Hitler-fas..."
[DROP] low_geopolitics (region=OTHER score=50) :: "Iraqi groups ready for war in support of Iran desp..."
[DROP] low_geopolitics (region=OTHER score=50) :: "‘New crime’: Hamas condemns Israel for exhuming hu..."
[DROP] DUP_TOPIC :: "CIA establishing foothold in Venezuela after US ab..."
[DROP] DUP_TOPIC :: "Iran summons Italian envoy over calls to proscribe..."
[DROP] low_geopolitics (region=OTHER score=50) :: "Myanmar votes in last and third phase of military-..."
[DROP] low_geopolitics (region=OTHER score=50) :: "Minnesota protesters brave cold to rally against I..."
[DROP] low_geopolitics (region=OTHER score=50) :: "Massive Michigan pileup sees over 100 vehicles col..."
[DROP] low_geopolitics (region=OTHER score=50) :: "Thousands rally in Kargil against US, Israel 'inte..."
[DROP] low_geopolitics (region=OTHER score=50) :: "Trump's presence sparks major protests at Davos Fo..."
[DROP] low_geopolitics (region=OTHER score=50) :: "Indonesian rescuers find debris from missing plane..."
[DROP] low_geopolitics (region=OTHER score=50) :: "Protesters rally in Greenland against Trump annexa..."
[DROP] DUP_TOPIC :: "Farmers in Venezuela protest Maduro's detention, c..."
[DROP] low_geopolitics (region=OTHER score=50) :: "Nepal stands against global imperialism..."
[DROP] low_geopolitics (region=OTHER score=50) :: "International cartoon, poster contest 'Online Terr..."
[DROP] low_geopolitics (region=OTHER score=50) :: "TikTok blocks Epstein and anti-Trump videos under ..."
[DROP] DUP_TOPIC :: "Burned alive in the line of duty: The tragic murde..."

> geopolitik-x-autopost@1.0.0 dev
> tsx src/run_once.ts --live


============================================================
🌍 GEOPOLITIK X AUTOPOST
📅 2026-01-28T14:00:01.154Z
🔧 Mode: LIVE (explicit --live)
============================================================

📊 Posts today: 13/20

🔗 Testing X connection...

📰 NEWS MODE: Selecting text/image post...

🤖 Automatic mode: curating best story...
  ✓ BBC Mundo: 56 items
  ✓ RFI Español: 28 items
  ✓ France 24 Español: 23 items
  ✓ El País América: 128 items
  ✗ La Nación Argentina: Status code 404
[DROP] DUP_TOPIC :: "Economic protests and subsequent terrorism in Iran..."
  ✗ Infobae Latinoamérica: Status code 404
  ✓ Al Jazeera English: 25 items
  ✗ Al Jazeera Español: Status code 404
  ✓ BBC World: 35 items
  ✗ DW English: Attribute without value
Line: 110
Column: 38
Char: >
  ✗ DW Español: Status code 404
  ✓ The Guardian World: 45 items
  ✓ NPR World: 10 items
  ✗ Reuters World News: getaddrinfo ENOTFOUND feeds.reuters.com
  ✗ AP News - World: Attribute without value
Line: 348
Column: 33
Char: d
  ✗ Politico International: Status code 403
[DROP] DUP_TOPIC :: "‘Regime-change’ lobbyist cited as Time source on I..."
  ✓ Google News - Cuba Trump: 100 items
  ✗ Radio Habana Cuba - Spanish: Status code 502
  ✓ OnCubaNews: 27 items
  ✓ Havana Times: 7 items
  ✓ Military Times News: 25 items
  ✓ Defense News Global: 25 items
  ✓ Press TV - Iran: 107 items
[DROP] low_geopolitics (region=OTHER score=50) :: "Over 80 arrested in protest outside London jail fo..."
  ✓ South China Morning Post: 50 items
  ✓ CGTN World: 50 items
  ✓ CNN World News: 29 items
  ✓ NBC News World: 25 items
[DROP] low_geopolitics (region=OTHER score=50) :: "Decaying empires turn to savage control previously..."
  ✓ TeleSUR English: 30 items
  ✓ Mexico News Daily: 10 items
  ✓ Brasil Wire: 10 items
  ✗ La Prensa Panamá: Invalid character in entity name
Line: 0
Column: 144
Char: &
[DROP] DUP_TOPIC :: "Iranian pharmaceutical industry flourishing..."
  ✓ RT en Español: 10 items
[DROP] low_geopolitics (region=OTHER score=50) :: "Rights group: Israel continues to torture 2,000 Ga..."
  ✓ Sputnik Mundo: 100 items
  ✓ ANSA Latinoamérica: 28 items
  ✗ EFE América: Invalid character in entity name
Line: 0
Column: 106
Char:  
  ✓ Clarín Argentina: 10 items
  ✗ Página 12 Argentina: Status code 404
  ✓ Perfil Argentina: 50 items
  ✗ Folha de S.Paulo: Status code 404
[DROP] low_geopolitics (region=OTHER score=50) :: "Belgium imposes arms embargo on Israel amid Gaza g..."
  ✓ O Globo Brasil: 0 items
  ✗ UOL Notícias Brasil: Feed not recognized as RSS 1 or 2.
[DROP] low_geopolitics (region=OTHER score=50) :: "Trump aims to create new UN and own it: Lula..."
  ✗ Emol Chile: Invalid attribute name
Line: 68
Column: 167
Char: "
  ✗ La Tercera Chile: Status code 404
  ✗ El Mostrador Chile: Status code 404
  ✓ El Tiempo Colombia: 10 items
  ✗ El Espectador Colombia: Status code 404
[DROP] low_geopolitics (region=OTHER score=50) :: "More Europeans see Trump as 'enemy' than 'friend':..."
  ✗ Semana Colombia: Status code 404
  ✗ Proceso México: Status code 404
  ✗ Reforma México: Status code 406
  ✗ Excélsior México: Status code 404
  ✓ La Jornada México: 93 items
  ✓ Milenio México: 20 items
  ✗ El Comercio Perú: Invalid character in entity name
Line: 0
Column: 2326
Char: &
  ✗ RPP Noticias Perú: Unable to parse XML.
  ✗ La República Perú: Status code 404
  ✓ Efecto Cocuyo Venezuela: 15 items
[DROP] DUP_TOPIC :: "EU divided over new Iran sanctions..."
  ✓ El Pitazo Venezuela: 10 items
  ✓ Runrunes Venezuela: 8 items
  ✗ El Universo Ecuador: Invalid character in entity name
Line: 0
Column: 3702
Char: &
  ✓ El Comercio Ecuador: 20 items
  ✗ El País Uruguay: Feed not recognized as RSS 1 or 2.
  ✗ El Observador Uruguay: Attribute without value
Line: 91
Column: 34
Char: t
  ✗ Página Siete Bolivia: Feed not recognized as RSS 1 or 2.
[DROP] low_geopolitics (region=OTHER score=50) :: "China hits US with economic counteroffensive after..."
  ✗ El Deber Bolivia: Attribute without value
Line: 0
Column: 482
Char: >
  ✗ La Prensa Gráfica El Salvador: Unable to parse XML.
  ✗ El Heraldo Honduras: Status code 404
  ✗ La Prensa Nicaragua: getaddrinfo ENOTFOUND www.laprensa.com.ni
  ✓ La Nación Costa Rica: 100 items
[DROP] DUP_TOPIC :: "Economic protests in Iran exploited by organized r..."
  ✓ Prensa Libre Guatemala: 99 items
  ✗ Jamaica Observer: Status code 403
  ✓ Dominican Today: 0 items
[DROP] low_geopolitics (region=OTHER score=50) :: "Beyond the battlefield: General Soleimani’s strate..."
  ✗ Caribbean360: Attribute without value
Line: 0
Column: 243
Char: s
  ✗ Euronews World: Too many redirects
  ✓ France 24 English: 24 items
  ✓ RFI English: 22 items
  ✓ DW World News: 13 items
  ✓ Le Monde International: 20 items
  ✓ El País España Internacional: 24 items
  ✓ The Independent UK: 83 items
  ✗ The Telegraph World: Status code 403
[DROP] low_geopolitics (region=OTHER score=50) :: "From genocide to ceasefire: Gaza’s fragile step to..."
  ✓ Japan Times: 30 items
  ✗ Korea Times: getaddrinfo ENOTFOUND home
  ✓ Straits Times Singapore: 50 items
  ✓ The News Pakistan: 50 items
  ✓ Hindustan Times India: 100 items
  ✓ Times of India World: 20 items
  ✗ Haaretz Israel: Status code 403
  ✓ Times of Israel: 12 items
[DROP] DUP_TOPIC :: "Isfahan: Where Iran’s rich history, culture, and i..."
  ✗ Arab News: Status code 403
  ✗ The National UAE: Status code 404
  ✓ Middle East Eye: 20 items
  ✓ Daily Maverick South Africa: 28 items
  ✓ AllAfrica News: 32 items
  ✗ The Africa Report: Status code 403
  ✓ The Moscow Times: 50 items
[DROP] low_geopolitics (region=OTHER score=50) :: "Iran faces off with E3 over snapback sanctions as ..."
  ✓ TASS Russia: 100 items
  ✓ New York Times World: 61 items
[DROP] low_geopolitics (region=OTHER score=50) :: "Leader: Unity between people, officials, Armed For..."
[DROP] low_geopolitics (region=OTHER score=50) :: "Hezbollah vows to keep weapons until Israeli occup..."
[DROP] low_geopolitics (region=OTHER score=50) :: "Iran’s security chief receives warm welcome in Leb..."
  ✓ Washington Post World: 13 items
  ✓ Wall Street Journal World: 20 items
  ✓ Foreign Policy Magazine: 25 items
  ✓ The Hill International: 15 items
  ✗ Janes Defense: Status code 404
  ✗ Defense One: Status code 404
  ✓ Financial Times World: 25 items
  ✓ The Economist World: 300 items
  ✓ CounterPunch: 30 items
  ✓ Common Dreams: 30 items
[DROP] low_geopolitics (region=OTHER score=50) :: "Right to defend: Lebanon rises against US-backed p..."
[DROP] low_geopolitics (region=OTHER score=50) :: "Silenced in France: The unjust detention of a pro-..."
[DROP] DUP_TOPIC :: "Venezuela's interim president will continue same p..."
[DROP] DUP_TOPIC :: "Iran seeking ouster of US forces from West Asia re..."
[DROP] low_geopolitics (region=OTHER score=50) :: "Foreign interference would worsen situation in Tha..."
[DROP] low_geopolitics (region=OTHER score=50) :: "Early retirement of US admiral Holsey paves way fo..."
[DROP] DUP_TOPIC :: "US seeking to take control of Venezuela’s oil, ana..."
[DROP] low_geopolitics (region=OTHER score=50) :: "Japan PM wants to appease Trump with inflammatory ..."
[DROP] low_geopolitics (region=OTHER score=50) :: "Spying activity increased in Yemen after Gaza war:..."
[DROP] low_geopolitics (region=OTHER score=50) :: "Washington seeking regime change in Venezuela: Ana..."
[DROP] low_geopolitics (region=OTHER score=50) :: "Israel seeks instability across West Asia: Analyst..."
[DROP] low_geopolitics (region=OTHER score=50) :: "No factual, legal basis for US Sanctions against C..."
[DROP] DUP_TOPIC :: "10 foreign spy agencies involved in plot to destab..."
[DROP] low_geopolitics (region=OTHER score=50) :: "Israeli woman shocked after being listed as ‘dead’..."
[DROP] low_geopolitics (region=OTHER score=50) :: "UAE says will not allow its airspace, territory to..."
[DROP] low_geopolitics (region=OTHER score=50) :: "Iran files lawsuit in intl. forums against US, Isr..."
📰 Candidates: 407 total, 212 fresh (<24h)

🎯 Cuba-first pick from news_picker (avoids repeats)

📰 Selected: "Trump amenaza a Irán con un ataque militar similar al que la..."
   Source: El País América
   URL: https://elpais.com/internacional/2026-01-28/trump-amenaza-a-iran-con-un-ataque-militar-similar-al-que-lanzo-en-venezuela-con-violencia-si-es-necesario.html

🧠 Using LLM thread generation (score=231 >= 85 AND has hard-geo)
✅ PRE-FILTER: 9 geopolitical keyword(s) found.
[DROP] low_geopolitics (region=OTHER score=50) :: "Lebanese journalist targeted for exposing Presiden..."
[DROP] low_geopolitics (region=OTHER score=50) :: "Iranian researchers develop indigenous software fo..."
[DROP] low_geopolitics (region=OTHER score=50) :: "Hezbollah condemns Israel's ‘treacherous assassina..."
⚠️  Tweet too long (277). Trimming...
✅ Generated: mode="single" urgency="ÚLTIMA HORA" hashtags=[#Trump,#Iran]

📝 Thread preview:
   1. 🇺🇸🇮🇷‼️ | Trump amenaza a Irán con ataque militar similar al lanzado en Venezuela: "Con violencia, si es necesario". …

🧩 Visual meta: [ÚLTIMA HORA] "TRUMP AMENAZA A IRÁN CON ATAQUE MILITAR SIMILAR AL" | ##Trump, #Iran

🎨 Generating image...
🎨 Generating image: "TRUMP AMENAZA A IRÁN CON ATAQUE MILITAR ..."
[IMG_PROMPT] Sanitized topic: "TRUMP AMENAZA A IRÁN CON tensión tensión SIMILAR A"
[DROP] low_geopolitics (region=OTHER score=50) :: "Yemen’s Ansarullah warns US, Israel of Red Sea esc..."
[DROP] low_geopolitics (region=OTHER score=50) :: "‘Enough orders from Washington’: Venezuela’s inter..."
[DROP] DUP_TOPIC :: "US systematically paralyzing international institu..."
[DROP] low_geopolitics (region=OTHER score=50) :: "Minneapolis murders by ICE – backed by Trump – pus..."
[DROP] low_geopolitics (region=OTHER score=50) :: "People in Spain’s Granada mobilize against Gaza ge..."
✅ Base image saved: out/images/news-20260128T140211.png
[DROP] low_geopolitics (region=OTHER score=50) :: "Thousands protest in Brussels over austerity measu..."
✅ SVG badge and logo overlay applied: out/images/news-20260128T140211.rg.png
[IMG] mode: DALLE_FULL
[IMG] entity: NONE
[IMG] portrait: none
[IMG] reason: Entities detected (#Trump, #Iran, trump, xi jinping) but no matching portraits found
   ✅ Image ready (DALL·E FULL): out/images/news-20260128T140211.rg.png
   [IMAGE] generated=out/images/news-20260128T140211.rg.png
   [TAGS] final_hashtags=[Trump,Iran]
[MEDIA] uploading to: https://upload.twitter.com/1.1/media/upload.json
[MEDIA] auth header: Authorization
✅ Media uploaded: 2016512137129086976
[MEDIA] uploaded media_id=2016512137129086976

✅ Thread posted successfully!
   View: https://x.com/i/status/2016512139901468689
   [MEDIA] posted_with_image=true
[DROP] DUP_TOPIC :: "Qeshm: Iran’s biggest island boasts 1st UNESCO geo..."
[DROP] low_geopolitics (region=OTHER score=50) :: "UK Activists plan new flotilla to break Gaza siege..."
[2026-01-28 09:02:19] [WARN] flock not found; running WITHOUT lock

> geopolitik-x-autopost@1.0.0 dev
> tsx src/run_once.ts --live

node:internal/modules/cjs/loader:1920
  return process.dlopen(module, path.toNamespacedPath(filename));
                 ^

Error: The module '/Users/alexgonzalez/Youtube WorkSpace/geopolitik-x-autopost/node_modules/better-sqlite3/build/Release/better_sqlite3.node'
was compiled against a different Node.js version using
NODE_MODULE_VERSION 115. This version of Node.js requires
NODE_MODULE_VERSION 137. Please try re-compiling or re-installing
the module (for instance, using `npm rebuild` or `npm install`).
    at Object..node (node:internal/modules/cjs/loader:1920:18)
    at Module.load (node:internal/modules/cjs/loader:1481:32)
    at Module._load (node:internal/modules/cjs/loader:1300:12)
    at TracingChannel.traceSync (node:diagnostics_channel:328:14)
    at wrapModuleLoad (node:internal/modules/cjs/loader:245:24)
    at Module.require (node:internal/modules/cjs/loader:1504:12)
    at require (node:internal/modules/helpers:152:16)
    at bindings (/Users/alexgonzalez/Youtube WorkSpace/geopolitik-x-autopost/node_modules/bindings/bindings.js:112:48)
    at new Database (/Users/alexgonzalez/Youtube WorkSpace/geopolitik-x-autopost/node_modules/better-sqlite3/lib/database.js:48:64)
    at <anonymous> (/Users/alexgonzalez/Youtube WorkSpace/geopolitik-x-autopost/src/db.ts:14:43) {
  code: 'ERR_DLOPEN_FAILED'
}

Node.js v24.13.0
[2026-01-28 09:02:19] [ERROR] cycle failed
[DROP] DUP_TOPIC :: "Hezbollah holds rallies in solidarity with Iran..."
[DROP] low_geopolitics (region=OTHER score=50) :: "Syrians boycott electricity bills after 800% hike..."
[DROP] DUP_TOPIC :: "Domestic breakthroughs place Iran In laser leaders..."
[DROP] low_geopolitics (region=OTHER score=50) :: "Tehran tax administration building destroyed in or..."
[DROP] low_geopolitics (region=OTHER score=50) :: "Iraqi parliament delays vote to elect new presiden..."
[DROP] low_geopolitics (region=OTHER score=50) :: "Gaza City still thirsty due to Israeli attacks, re..."
[DROP] low_geopolitics (region=OTHER score=50) :: "Yemen discloses 'Red Sea Missile' amid shifting re..."
[DROP] low_geopolitics (region=OTHER score=50) :: "France advances vote on new controversial antisemi..."
[DROP] low_geopolitics (region=OTHER score=50) :: "Afghanistan launches national guidelines to combat..."
[DROP] low_geopolitics (region=OTHER score=50) :: "Israel says remains of last captive found in Gaza..."
[DROP] low_geopolitics (region=OTHER score=50) :: "Store, gym set on fire by masked rioters during re..."
[DROP] low_geopolitics (region=OTHER score=50) :: "Elderly Palestinian woman attacked by settlers nea..."
[DROP] low_geopolitics (region=OTHER score=50) :: "Solidarity summit: Global call for Palestinian edu..."
[DROP] low_geopolitics (region=OTHER score=50) :: "Armed gangs in Gaza at center of brewing power str..."
[DROP] low_geopolitics (region=OTHER score=50) :: "Gazans pay tribute to Palestinian artists killed b..."
[DROP] DUP_TOPIC :: "Iranian prodigy Benyamin Faraji wins Under-17 titl..."
[DROP] DUP_TOPIC :: "Iranian badminton star set to make history: Why So..."
[DROP] DUP_TOPIC :: "Iran's Rahman Amouzad named world's 'Most Dominant..."
[DROP] DUP_TOPIC :: "Iran secures Zurkhaneh World Cup title in India..."
[DROP] DUP_TOPIC :: "Iran wins double gold at world age-group Blitz Che..."
[DROP] low_geopolitics (region=OTHER score=50) :: "0% intro APR until 2024 is 100% insane..."
[DROP] low_geopolitics (region=OTHER score=50) :: "It's official: now avoid credit card interest into..."
[DROP] low_geopolitics (region=OTHER score=50) :: "Experts: this is the best cash back card of 2022..."
[DROP] low_geopolitics (region=OTHER score=50) :: "Turn Your Rising Home Equity Into Cash You Can Use..."
[DROP] low_geopolitics (region=OTHER score=50) :: "Dream Big with a Home Equity Loan..."
[DROP] low_geopolitics (region=OTHER score=50) :: "Want Cash Out of Your Home? Here Are Your Best Opt..."
   ⚠️  No non-duplicate candidate found, using best anyway (may skip post)

⚠️  SKIP: No non-duplicate story available, all recent stories already posted

> geopolitik-x-autopost@1.0.0 dev
> tsx src/run_once.ts --live


============================================================
🌍 GEOPOLITIK X AUTOPOST
📅 2026-01-28T15:00:01.246Z
🔧 Mode: LIVE (explicit --live)
============================================================

📊 Posts today: 14/20

🔗 Testing X connection...

📰 NEWS MODE: Selecting text/image post...

🤖 Automatic mode: curating best story...
  ✓ BBC Mundo: 56 items
  ✓ RFI Español: 28 items
  ✓ France 24 Español: 23 items
  ✓ El País América: 145 items
  ✗ La Nación Argentina: Status code 404
  ✗ Infobae Latinoamérica: Status code 404
  ✓ Al Jazeera English: 25 items
  ✗ Al Jazeera Español: Status code 404
  ✓ BBC World: 38 items
  ✗ DW English: Attribute without value
Line: 110
Column: 38
Char: >
  ✗ DW Español: Status code 404
  ✓ The Guardian World: 45 items
  ✓ NPR World: 10 items
  ✗ Reuters World News: getaddrinfo ENOTFOUND feeds.reuters.com
  ✗ AP News - World: Attribute without value
Line: 348
Column: 33
Char: d
  ✗ Politico International: Status code 403
  ✓ Google News - Cuba Trump: 100 items
  ✓ Radio Habana Cuba - Spanish: 0 items
  ✓ OnCubaNews: 27 items
  ✓ Havana Times: 7 items
  ✓ Military Times News: 25 items
  ✓ Defense News Global: 25 items
  ✓ Press TV - Iran: 107 items
  ✓ South China Morning Post: 50 items
  ✓ CGTN World: 50 items
  ✓ CNN World News: 29 items
  ✓ NBC News World: 25 items
  ✓ TeleSUR English: 30 items
  ✓ Mexico News Daily: 10 items
  ✗ Brasil Wire: Status code 520
  ✗ La Prensa Panamá: Invalid character in entity name
Line: 0
Column: 144
Char: &
  ✓ RT en Español: 10 items
  ✓ Sputnik Mundo: 100 items
  ✓ ANSA Latinoamérica: 29 items
  ✗ EFE América: Attribute without value
Line: 33
Column: 52
Char: r
  ✓ Clarín Argentina: 10 items
  ✗ Página 12 Argentina: Status code 404
  ✓ Perfil Argentina: 50 items
  ✗ Folha de S.Paulo: Status code 404
  ✓ O Globo Brasil: 0 items
  ✗ UOL Notícias Brasil: Feed not recognized as RSS 1 or 2.
  ✗ Emol Chile: Invalid attribute name
Line: 68
Column: 167
Char: "
  ✗ La Tercera Chile: Status code 404
  ✗ El Mostrador Chile: Status code 404
  ✓ El Tiempo Colombia: 10 items
  ✗ El Espectador Colombia: Status code 404
  ✗ Semana Colombia: Status code 404
  ✗ Proceso México: Status code 404
  ✓ Reforma México: 6 items
  ✗ Excélsior México: Status code 404
  ✓ La Jornada México: 93 items
  ✓ Milenio México: 20 items
  ✗ El Comercio Perú: Invalid character in entity name
Line: 0
Column: 2326
Char: &
  ✗ RPP Noticias Perú: Unable to parse XML.
  ✗ La República Perú: Status code 404
  ✓ Efecto Cocuyo Venezuela: 15 items
  ✓ El Pitazo Venezuela: 10 items
  ✓ Runrunes Venezuela: 8 items
  ✗ El Universo Ecuador: Invalid character in entity name
Line: 0
Column: 3702
Char: &
  ✓ El Comercio Ecuador: 20 items
  ✗ El País Uruguay: Feed not recognized as RSS 1 or 2.
  ✗ El Observador Uruguay: Attribute without value
Line: 91
Column: 34
Char: t
  ✗ Página Siete Bolivia: Feed not recognized as RSS 1 or 2.
  ✗ El Deber Bolivia: Attribute without value
Line: 0
Column: 482
Char: >
  ✗ La Prensa Gráfica El Salvador: Unable to parse XML.
  ✗ El Heraldo Honduras: Status code 404
  ✗ La Prensa Nicaragua: getaddrinfo ENOTFOUND www.laprensa.com.ni
  ✓ La Nación Costa Rica: 100 items
  ✓ Prensa Libre Guatemala: 99 items
  ✗ Jamaica Observer: Status code 403
  ✓ Dominican Today: 0 items
  ✗ Caribbean360: Attribute without value
Line: 0
Column: 243
Char: s
  ✓ Euronews World: 50 items
  ✓ France 24 English: 24 items
  ✓ RFI English: 22 items
  ✓ DW World News: 11 items
  ✓ Le Monde International: 20 items
  ✓ El País España Internacional: 24 items
  ✓ The Independent UK: 86 items
  ✗ The Telegraph World: Status code 403
  ✓ Japan Times: 30 items
  ✗ Korea Times: getaddrinfo ENOTFOUND home
  ✓ Straits Times Singapore: 50 items
  ✓ The News Pakistan: 50 items
  ✓ Hindustan Times India: 100 items
  ✓ Times of India World: 20 items
  ✗ Haaretz Israel: Status code 403
  ✓ Times of Israel: 12 items
  ✗ Arab News: Status code 403
  ✗ The National UAE: Status code 404
  ✓ Middle East Eye: 20 items
  ✓ Daily Maverick South Africa: 28 items
  ✓ AllAfrica News: 32 items
  ✗ The Africa Report: Status code 403
  ✓ The Moscow Times: 50 items
  ✓ TASS Russia: 100 items
  ✓ New York Times World: 61 items
  ✓ Washington Post World: 15 items
  ✓ Wall Street Journal World: 20 items
  ✓ Foreign Policy Magazine: 25 items
  ✓ The Hill International: 15 items
  ✗ Janes Defense: Status code 404
  ✗ Defense One: Status code 404
  ✓ Financial Times World: 25 items
  ✓ The Economist World: 300 items
  ✓ CounterPunch: 30 items
  ✓ Common Dreams: 30 items
📰 Candidates: 403 total, 207 fresh (<24h)
[CURATOR] ✅ picked score=146 bucket=geopolitics region=US
[CURATOR] tags=[Iran,Trump] title="Trump reiterates threat of military action with de..."
[CURATOR] source="Al Jazeera English" link="https://aljazeera.com/news/2026/1/28/make-deal-or-face-far-w..."
[CURATOR] geo_ratio=55% (target=75%)

🔍 Anti-duplicate check...
   ⚠️  Best pick is duplicate (DUP_TOPIC)
   🔄 Trying to find non-duplicate from ranked candidates...
[DROP] low_geopolitics (region=OTHER score=50) :: "FADE TO BLACK: Parliament vows intervention after ..."
[DROP] low_geopolitics (region=OTHER score=50) :: "SOUL MUSIC: In search of Viv — how Facebook helped..."
[DROP] low_geopolitics (region=OTHER score=50) :: "Court orders Dutch to do more to mitigate climate ..."
[DROP] low_geopolitics (region=OTHER score=50) :: "Rebel leader denounces US-DRC minerals deal one ye..."
[DROP] low_geopolitics (region=OTHER score=50) :: "Diplomacia y misiles: el doble juego de EEUU en Uc..."
[DROP] low_geopolitics (region=OTHER score=50) :: "La Mañanera de Sheinbaum HOY 28 de enero 2026; sig..."
[DROP] low_geopolitics (region=OTHER score=50) :: "S&P 500 tops 7,000 for first time..."
[DROP] low_geopolitics (region=OTHER score=50) :: "'Complex' talks on Ukraine, EU ban on Russian gas:..."
[DROP] low_geopolitics (region=OTHER score=50) :: "Fiscalía imputa al homicida del hijo del «Kid» Rod..."
[DROP] low_geopolitics (region=OTHER score=50) :: "Israel says kills Palestinian radical in Gaza..."
[DROP] low_geopolitics (region=OTHER score=50) :: "Amazon anuncia otros 16.000 despidos en su segundo..."
[DROP] low_geopolitics (region=OTHER score=50) :: "Melania Trump rings opening bell at stock exchange..."
[DROP] low_geopolitics (region=OTHER score=50) :: "Ukraine-Russia war latest: Moscow suffers heaviest..."
[DROP] DUP_URL :: "Trump amenaza a Irán con un ataque militar similar..."
[DROP] low_geopolitics (region=OTHER score=50) :: "Caribbean island wins climate case against Netherl..."
[DROP] low_geopolitics (region=OTHER score=50) :: "Greenland dispute a 'strategic wake-up call for al..."
[DROP] DUP_TOPIC :: "Egypt seeks release of four citizens detained on t..."
[DROP] low_geopolitics (region=OTHER score=50) :: "YouTube criticised after pulling out of UK TV audi..."
[DROP] low_geopolitics (region=OTHER score=50) :: "Identifica UNAM caso sospechoso de sarampión en Fa..."
[DROP] low_geopolitics (region=OTHER score=50) :: "Amazon recorta 16 mil empleos, la segunda ronda im..."
[2026-01-28 10:02:19] [WARN] flock not found; running WITHOUT lock
[DROP] low_geopolitics (region=OTHER score=50) :: "VIIDEO: Drones 'cazan' narcotraficantes operando e..."

> geopolitik-x-autopost@1.0.0 dev
> tsx src/run_once.ts --live

node:internal/modules/cjs/loader:1920
  return process.dlopen(module, path.toNamespacedPath(filename));
                 ^

Error: The module '/Users/alexgonzalez/Youtube WorkSpace/geopolitik-x-autopost/node_modules/better-sqlite3/build/Release/better_sqlite3.node'
was compiled against a different Node.js version using
NODE_MODULE_VERSION 115. This version of Node.js requires
NODE_MODULE_VERSION 137. Please try re-compiling or re-installing
the module (for instance, using `npm rebuild` or `npm install`).
    at Object..node (node:internal/modules/cjs/loader:1920:18)
    at Module.load (node:internal/modules/cjs/loader:1481:32)
    at Module._load (node:internal/modules/cjs/loader:1300:12)
    at TracingChannel.traceSync (node:diagnostics_channel:328:14)
    at wrapModuleLoad (node:internal/modules/cjs/loader:245:24)
    at Module.require (node:internal/modules/cjs/loader:1504:12)
    at require (node:internal/modules/helpers:152:16)
    at bindings (/Users/alexgonzalez/Youtube WorkSpace/geopolitik-x-autopost/node_modules/bindings/bindings.js:112:48)
    at new Database (/Users/alexgonzalez/Youtube WorkSpace/geopolitik-x-autopost/node_modules/better-sqlite3/lib/database.js:48:64)
    at <anonymous> (/Users/alexgonzalez/Youtube WorkSpace/geopolitik-x-autopost/src/db.ts:14:43) {
  code: 'ERR_DLOPEN_FAILED'
}

Node.js v24.13.0
[2026-01-28 10:02:20] [ERROR] cycle failed
[DROP] low_geopolitics (region=OTHER score=50) :: "La interpretación del Corán mediante inteligencia ..."
[DROP] low_geopolitics (region=OTHER score=50) :: "India trade deal cements EU's voice in 'multipolar..."
[DROP] low_geopolitics (region=OTHER score=50) :: "Compra cientos de cajas de cerveza a precio de sal..."
[DROP] low_geopolitics (region=OTHER score=50) :: "Universidad de Carabobo desmiente que Indira Urban..."
[DROP] low_geopolitics (region=OTHER score=50) :: "Lawmakers condemn ‘disgusting’ attack on Ilhan Oma..."
[DROP] low_geopolitics (region=OTHER score=50) :: "Three young brothers die after falling through icy..."
[DROP] low_geopolitics (region=OTHER score=50) :: "¿Dónde queda Nizanda? Así es la zona de Oaxaca en ..."
[DROP] low_geopolitics (region=OTHER score=50) :: "In Kherson, Ukraine, Every Step Outside Risks Deat..."
[DROP] low_geopolitics (region=OTHER score=50) :: "Irán revela si está negociando con EE.UU...."
[DROP] low_geopolitics (region=OTHER score=50) :: "Washington pone en la mira a Delcy Rodríguez por n..."
[DROP] low_geopolitics (region=OTHER score=50) :: "Storm Kristin kills at least three in Portugal, ba..."
[DROP] low_geopolitics (region=OTHER score=50) :: "Nigeria: Police Open Fire On Peaceful Lagos Protes..."
[DROP] low_geopolitics (region=OTHER score=50) :: "CNN polling guru predicts a humiliating opening bo..."
[DROP] DUP_TOPIC :: "Defensa de vicealmirante Farías Laguna denuncia qu..."
[DROP] DUP_TOPIC :: "Colombia decomisa dos toneladas de cocaína en el P..."
[DROP] low_geopolitics (region=OTHER score=50) :: "Woman killed by falling tree as torrential rain an..."
[DROP] low_geopolitics (region=OTHER score=50) :: "Fonti Ue, 'domani nessuna decisione attesa su pasd..."
[DROP] low_geopolitics (region=OTHER score=50) :: "Trump presume récord en un importante índice bursá..."
[DROP] low_geopolitics (region=OTHER score=50) :: "Africa: AU, Qatar Officials Meet in Mogadishu to D..."
[DROP] low_geopolitics (region=OTHER score=50) :: "Kenya: Transport Lobby Warns of Nationwide Road Sh..."
[DROP] low_geopolitics (region=OTHER score=50) :: "Nigeria: Tinubu Mourns Father of Super Eagles' Cap..."
[DROP] low_geopolitics (region=OTHER score=50) :: "Gambia: Judiciary Still Faces Shortage of Courtroo..."
[DROP] low_geopolitics (region=OTHER score=50) :: "Relations reset, territorial integrity: Putin meet..."
[DROP] low_geopolitics (region=OTHER score=50) :: "Somalia: Al-Shabaab Commander Surrenders to Galmud..."
[DROP] low_geopolitics (region=OTHER score=50) :: "Cuando lavar los dientes se vuelve una batalla..."
[DROP] low_geopolitics (region=OTHER score=50) :: "Algeria: U.S. Senior Advisor for Arab and African ..."
[DROP] low_geopolitics (region=OTHER score=50) :: "Estas son las cinco marcas más poderosas de Améric..."
[DROP] low_geopolitics (region=OTHER score=50) :: "Israel’s phase one Gaza ceasefire violations..."
[DROP] low_geopolitics (region=OTHER score=50) :: "East Africa: Ethiopia's Finance Minister Holds Bil..."
[DROP] low_geopolitics (region=OTHER score=50) :: "Último pago de enero: ellos son los hombres y muje..."
[DROP] low_geopolitics (region=OTHER score=50) :: "Somalia: Chaos Disrupts Somali Parliament Session ..."
[DROP] DUP_TOPIC :: "US reconnaissance drone flies over Persian Gulf ne..."
[DROP] low_geopolitics (region=OTHER score=50) :: "Jedet gana el juicio por agresión sexual contra el..."
[DROP] low_geopolitics (region=OTHER score=50) :: "Minnesota ICE latest: Trump says ‘we’re going to d..."
[DROP] low_geopolitics (region=OTHER score=50) :: "¿Habrá lluvia y frío en CdMx y Edomex hoy 28 de en..."
[DROP] low_geopolitics (region=OTHER score=50) :: "Dutch parties strike minority coalition deal three..."
[DROP] low_geopolitics (region=OTHER score=50) :: "India controla brote de virus Nipah tras dos conta..."
[DROP] low_geopolitics (region=OTHER score=50) :: "South Africa: State Is Blocking Access to Sassa Gr..."
[DROP] low_geopolitics (region=OTHER score=50) :: "US ‘tells Ukraine that security guarantees will on..."
[DROP] low_geopolitics (region=OTHER score=50) :: "South Africa: Government Is Killing the Film Indus..."
[DROP] low_geopolitics (region=OTHER score=50) :: "Type certificate for Il-114-300 to be received soo..."
[DROP] low_geopolitics (region=OTHER score=50) :: "Nancy Dobles rompió el protocolo en ‘Buen día’ por..."
[DROP] low_geopolitics (region=OTHER score=50) :: "Nigeria: Soldiers Rescue Kidnap Victim in Taraba..."
[DROP] low_geopolitics (region=OTHER score=50) :: "Trump warns Iran 'time is running out' as US milit..."
[DROP] low_geopolitics (region=OTHER score=50) :: "Condenan a 20 meses de prisión a la ex primera dam..."
[DROP] low_geopolitics (region=OTHER score=50) :: "Niscemi: dentro la zona rossa, strade e case colla..."
[DROP] low_geopolitics (region=OTHER score=50) :: "Turkey aims to lift trade volume with Nigeria to $..."
[DROP] low_geopolitics (region=OTHER score=50) :: "Gunmen kill three policemen in ambush in Nigeria's..."
[DROP] low_geopolitics (region=OTHER score=50) :: "Lester Toledo, estratega político de la campaña de..."
[DROP] low_geopolitics (region=OTHER score=50) :: "Malawi: Malawi Budget Under Pressure..."
[DROP] low_geopolitics (region=OTHER score=50) :: "Arranca la sesión plenaria principal del Foro Econ..."
[DROP] low_geopolitics (region=OTHER score=50) :: "Malawi: Malawi Faces K71 Billion Disaster Relief S..."
[DROP] low_geopolitics (region=OTHER score=50) :: "Netanyahu’s incendiary accusation against Biden un..."
[DROP] low_geopolitics (region=OTHER score=50) :: "Labour movement ‘on the line’ because of Starmer’s..."
[DROP] low_geopolitics (region=OTHER score=50) :: "Costa Rica: Poll Shows Ruling Party Candidate Lead..."
[DROP] low_geopolitics (region=OTHER score=50) :: "IOC Clears 13 Russian Athletes to Compete as Neutr..."
[DROP] low_geopolitics (region=OTHER score=50) :: "Detienen a mujer que realizó disparos contra la ca..."
[DROP] low_geopolitics (region=OTHER score=50) :: "Il-114-300 makes its first overseas demo flight in..."
[DROP] low_geopolitics (region=OTHER score=50) :: "Ukraine sees ‘progress’ in latest talks with Russi..."
[DROP] low_geopolitics (region=OTHER score=50) :: "¿Cuánto cuesta el paquete VIP para ver a  Harry St..."
[DROP] low_geopolitics (region=OTHER score=50) :: "Russian strike kills couple near Kyiv as attacks h..."
[DROP] low_geopolitics (region=OTHER score=50) :: "La desgracia de Musetti salva a Djokovic, que se m..."
[DROP] low_geopolitics (region=OTHER score=50) :: "EEUU desbloquea activos venezolanos, pero amenaza ..."
[DROP] low_geopolitics (region=OTHER score=50) :: "« Ce sont les folies des hommes politiques qui con..."
[DROP] low_geopolitics (region=OTHER score=50) :: "Clippve confirma 22 excarcelaciones durante la noc..."
[DROP] low_geopolitics (region=OTHER score=50) :: "Última hora de la borrasca ‘Kristin’, en directo |..."
[DROP] low_geopolitics (region=OTHER score=50) :: "Nieto de Lucha Villa es hallado con vida tras 24 h..."
[DROP] low_geopolitics (region=OTHER score=50) :: "Soda pop, Huntrix y Honmoon: guía para papás que a..."
[DROP] low_geopolitics (region=OTHER score=50) :: "Rearming to reduce dependence on US should be Euro..."
[DROP] low_geopolitics (region=OTHER score=50) :: "'Satyagraha' at the Kennedy Center: Philip Glass l..."
[DROP] low_geopolitics (region=OTHER score=50) :: "Detenido el hombre que atacó a Ilhan Omar: lo que ..."
[DROP] low_geopolitics (region=OTHER score=50) :: "‘Humanity needs to wake up’ to AI threats, Anthrop..."
[DROP] low_geopolitics (region=OTHER score=50) :: "Hungary announces charges against Budapest mayor o..."
[DROP] low_geopolitics (region=OTHER score=50) :: "Two federal agents in Minneapolis shot at Alex Pre..."
[DROP] low_geopolitics (region=OTHER score=50) :: "Spiegel: "Blitz e perquisizioni alla Deutsche Bank..."
[DROP] low_geopolitics (region=OTHER score=50) :: "Kristen Stewart dejaría Estados Unidos para seguir..."
[DROP] low_geopolitics (region=OTHER score=50) :: "El lunes iniciará reparación de daño por accidente..."
[DROP] low_geopolitics (region=OTHER score=50) :: "Abu Dhabi talks on Ukraine to continue on February..."
[DROP] low_geopolitics (region=OTHER score=50) :: "¿Dónde están los módulos para la CURP Biométrica e..."
[DROP] low_geopolitics (region=OTHER score=50) :: "El juez investiga los bienes del exministro Montor..."
[DROP] low_geopolitics (region=OTHER score=50) :: "Irán: "Cualquier ataque limitado por parte de EE.U..."
[DROP] low_geopolitics (region=OTHER score=50) :: "Russia eyes India as localization center for civil..."
[DROP] low_geopolitics (region=OTHER score=50) :: "Las 10 deportistas mejor pagadas no llegan a las g..."
[DROP] low_geopolitics (region=OTHER score=50) :: "Construyen lujoso barrio de viviendas inspirado en..."
[DROP] low_geopolitics (region=OTHER score=50) :: "‘Nothing normal’ with Trump's US, Canada looks to ..."
[DROP] low_geopolitics (region=OTHER score=50) :: "Termites are slowly feasting away at the foundatio..."
[DROP] low_geopolitics (region=OTHER score=50) :: "L'aurora boreale danza sopra la citta' vecchia di ..."
[DROP] low_geopolitics (region=OTHER score=50) :: "¿Quiénes son los abogados de Lenin Canchola que de..."
[DROP] low_geopolitics (region=OTHER score=50) :: "TGC-1 power generation down 0.2% in 2025 to 29.68 ..."
[DROP] low_geopolitics (region=OTHER score=50) :: "Inyecciones para adelgazar: alarma por vacunas rob..."
[DROP] low_geopolitics (region=OTHER score=50) :: "Russia’s Il-114-300 aircraft performs 'brilliantly..."
[DROP] low_geopolitics (region=OTHER score=50) :: "Meloni a Niscemi: Agiremo celermente, nuovo incont..."
[DROP] low_geopolitics (region=OTHER score=50) :: "Environmental project plans clean-up missions in Y..."
[DROP] low_geopolitics (region=OTHER score=50) :: "Niscemi, le immagini dall'elicottero della Guardia..."
[DROP] low_geopolitics (region=OTHER score=50) :: "Rodrigo Londoño, 'Timochenko', le reclamó al Presi..."
[DROP] DUP_TOPIC :: "Fresh oil dollars won’t fix Venezuela’s economy, s..."
[DROP] DUP_TOPIC :: "Siciliana in carcere in Venezuela, appello del pad..."
[DROP] low_geopolitics (region=OTHER score=50) :: "Kremlin spokesman says Russia not discussing lists..."
[DROP] low_geopolitics (region=OTHER score=50) :: "Putin voices support for Syrian leader’s efforts t..."
[DROP] low_geopolitics (region=OTHER score=50) :: "VIDEO: Obuses rusos calcinan posiciones enemigas..."
[DROP] low_geopolitics (region=OTHER score=50) :: "Dos aficionados del Chelsea son apuñalados en Nápo..."
[DROP] low_geopolitics (region=OTHER score=50) :: "Trump and Noem’s ICE proves no match for ‘Minnesot..."
[DROP] low_geopolitics (region=OTHER score=50) :: "Riga works on plan to close roads and railways nea..."
[DROP] DUP_TOPIC :: "Rosa González Rincón, la prófuga de Generación Zoe..."
[DROP] low_geopolitics (region=OTHER score=50) :: "Incendio a Courchevel sulle Alpi francesi, evacuat..."
[DROP] low_geopolitics (region=OTHER score=50) :: "Trump warns Iran ‘time is running out’ for deal to..."
[DROP] low_geopolitics (region=OTHER score=50) :: "Luis Juez sobre la imputabilidad de adolescentes: ..."
[DROP] low_geopolitics (region=OTHER score=50) :: "Trump warns Iran time is running out for nuclear d..."
[DROP] low_geopolitics (region=OTHER score=50) :: "By 2027, foreign students must leave Canada: US co..."
[DROP] low_geopolitics (region=OTHER score=50) :: "Comenzar�n proceso de reparaci�n del da�o a v�ctim..."
[DROP] low_geopolitics (region=OTHER score=50) :: "Second Amendment Revolt: Why gun lovers are gunnin..."
[DROP] low_geopolitics (region=OTHER score=50) :: "Mañueco retira a Quiñones, su consejero de Medio A..."
[DROP] low_geopolitics (region=OTHER score=50) :: "El dólar en Córdoba: a cuánto cotiza este miércole..."
[DROP] low_geopolitics (region=OTHER score=50) :: "Putin shakes hands with al-Sharaa before start of ..."
[DROP] low_geopolitics (region=OTHER score=50) :: "Trump continues to rail against Ilhan Omar after M..."
[DROP] low_geopolitics (region=OTHER score=50) :: "Amazon taglierà nel mondo 16.000 dipendenti..."
[DROP] low_geopolitics (region=OTHER score=50) :: "Ucab exhorta al Estado a avanzar hacia la reconcil..."
[DROP] low_geopolitics (region=OTHER score=50) :: "Rovers for lunar station to reach speeds of up to ..."
[DROP] low_geopolitics (region=OTHER score=50) :: ""No pagaremos": País de la UE lanza petición nacio..."
[DROP] low_geopolitics (region=OTHER score=50) :: "Kim Keon Hee, wife of South Korea’s ousted preside..."
[DROP] low_geopolitics (region=OTHER score=50) :: "Lula y Kast se reúnen por primera vez en Panamá..."
[DROP] low_geopolitics (region=OTHER score=50) :: "Cuando la mayoría lo es todo..."
[DROP] low_geopolitics (region=OTHER score=50) :: "Hong Kong eyes lowering age bar for health checks ..."
[DROP] low_geopolitics (region=OTHER score=50) :: "Formosa recibe la X Copa Argentina de Triatlón – V..."
[DROP] low_geopolitics (region=OTHER score=50) :: "Ilhan Omar attacker's chilling text to neighbor hi..."
[DROP] low_geopolitics (region=OTHER score=50) :: "Gaza's problems with water supply get worse — TV..."
[DROP] low_geopolitics (region=OTHER score=50) :: "Classifica atenei Qs, Italia quarta in Ue ma perde..."
[DROP] low_geopolitics (region=OTHER score=50) :: "Budapest mayor charged over banned Pride march..."
[DROP] low_geopolitics (region=OTHER score=50) :: "¿Cómo son las casas del programa Vivienda para el ..."
[DROP] low_geopolitics (region=OTHER score=50) :: "FAN FRUSTRATION: Mamelodi Sundowns under pressure ..."
[DROP] low_geopolitics (region=OTHER score=50) :: "First woman leader of the Church of England confir..."
[DROP] low_geopolitics (region=OTHER score=50) :: "“Contrato por espanto”: el respaldo a Milei, más a..."
[DROP] low_geopolitics (region=OTHER score=50) :: "Jeff Buckley gets first chart hit after 32 years t..."
[DROP] low_geopolitics (region=OTHER score=50) :: "NYC exhibit honors writer Lore Segal, a Holocaust ..."
[DROP] low_geopolitics (region=OTHER score=50) :: "Fraude, escándalos y bolsos de lujo: ¿quién es Kim..."
[DROP] low_geopolitics (region=OTHER score=50) :: "Encuesta del CIEP: Decididos a votar por Laura Fer..."
[DROP] low_geopolitics (region=OTHER score=50) :: "Ofsted finds no political bias at Bristol school c..."
[DROP] low_geopolitics (region=OTHER score=50) :: "Este es el perfil de los indecisos a cuatro días d..."
[DROP] low_geopolitics (region=OTHER score=50) :: "Quinton Aaron, coprotagonista con Sandra Bullock d..."
[DROP] low_geopolitics (region=OTHER score=50) :: "Meta scientist on Einstein visa denied stamping fo..."
[DROP] low_geopolitics (region=OTHER score=50) :: "El Valencia Basket quiere acabar con el agravio qu..."
[DROP] low_geopolitics (region=OTHER score=50) :: "Int’l Waterski and Wakeboard Federation clears Rus..."
[DROP] low_geopolitics (region=OTHER score=50) :: "Six EU countries hold call in push for ‘two‑speed’..."
[DROP] low_geopolitics (region=OTHER score=50) :: "Servicio doméstico: los salarios que se pagan en f..."
[DROP] low_geopolitics (region=OTHER score=50) :: "Día del Holocausto: Milei encabeza el acto junto a..."
[DROP] low_geopolitics (region=OTHER score=50) :: "ADAPT AND LEARN OP-ED: Designing public education ..."
[DROP] DUP_TOPIC :: ""El derecho internacional quedó pulverizado": el f..."
[DROP] low_geopolitics (region=OTHER score=50) :: "Quién era Silvana Garibaldi, la turista que murió ..."
[DROP] low_geopolitics (region=OTHER score=50) :: "Third of Zaporozhye residents stay, most left — fo..."
[DROP] low_geopolitics (region=OTHER score=50) :: "Israel entierra a Ran Gvili, el último rehén resca..."
[DROP] low_geopolitics (region=OTHER score=50) :: "La Fiscalía de París abre una investigación contra..."
[DROP] low_geopolitics (region=OTHER score=50) :: "What we know about Anthony Kazmierczak after suspe..."
[DROP] low_geopolitics (region=OTHER score=50) :: "Inside the restoration lab preserving Central Asia..."
[DROP] low_geopolitics (region=OTHER score=50) :: "Designating the Domain a protest site? The changes..."
[DROP] low_geopolitics (region=OTHER score=50) :: "Albanese to push states on gun buyback scheme desp..."
[DROP] low_geopolitics (region=OTHER score=50) :: "Hygon’s chips ‘safe’ from AMD security flaw amid C..."
[DROP] low_geopolitics (region=OTHER score=50) :: "Would Chinese or US supply lines be more vulnerabl..."
[DROP] low_geopolitics (region=OTHER score=50) :: "Getting rid of PFAS: Can Europe put an end to the ..."
[DROP] low_geopolitics (region=OTHER score=50) :: "Conducir en Estados Unidos: qué significa la abrev..."
[DROP] low_geopolitics (region=OTHER score=50) :: "Quiniela de la Provincia: resultado del sorteo de ..."
[DROP] low_geopolitics (region=OTHER score=50) :: "Consejo Directivo elige como nuevo gerente general..."
[DROP] low_geopolitics (region=OTHER score=50) :: "‘For some sectors, it will take longer’: Inside th..."
[DROP] low_geopolitics (region=OTHER score=50) :: "Por primera vez en 500 años, una mujer será arzobi..."
[DROP] low_geopolitics (region=OTHER score=50) :: ""Entrega de soberanía" y "el alineamiento a Estado..."
[DROP] low_geopolitics (region=OTHER score=50) :: "Regularización exprés de inmigrantes en España: "i..."
[DROP] DUP_TOPIC :: "Pour Donald Trump, « le temps est compté » avant u..."
[DROP] low_geopolitics (region=OTHER score=50) :: "Kremlin views al-Sharaa as Syria’s president, drop..."
[DROP] low_geopolitics (region=OTHER score=50) :: "Correísmo reacciona a allanamientos a Luisa Gonzál..."
[DROP] low_geopolitics (region=OTHER score=50) :: "Russia’s ready to contribute to overcoming challen..."
[DROP] low_geopolitics (region=OTHER score=50) :: "Families in Maine scramble to halt ICE’s transfer ..."
[DROP] DUP_TOPIC :: "All US systems go for Iran op, call to strike deal..."
[DROP] low_geopolitics (region=OTHER score=50) :: "Greenland is "a strategic wake-up call for Europe"..."
[DROP] low_geopolitics (region=OTHER score=50) :: "Transport chief responds to backlash over Hong Kon..."
[DROP] low_geopolitics (region=OTHER score=50) :: "Camera: alle 15 question time con Crosetto, Urso e..."
[DROP] low_geopolitics (region=OTHER score=50) :: "UAE President to discuss trade, investments and en..."
[DROP] low_geopolitics (region=OTHER score=50) :: "Germany cuts growth forecasts amid slow recovery..."
[DROP] low_geopolitics (region=OTHER score=50) :: "Centrist ideas no longer wanted in Conservative pa..."
[DROP] low_geopolitics (region=OTHER score=50) :: "Threat of US-Iran war escalates as Trump warns tim..."
[DROP] low_geopolitics (region=OTHER score=50) :: "Ecuador traza su estrategia en Inteligencia Artifi..."
[DROP] low_geopolitics (region=OTHER score=50) :: "Ecuadorian Prosecutor’s Office Raids on Homes of C..."
[DROP] DUP_TOPIC :: "'Three million' pro-government protesters in Tehra..."
[DROP] low_geopolitics (region=OTHER score=50) :: "Amazon anuncia el recorte de 16.000 empleos, la ma..."
[DROP] DUP_TOPIC :: "Trump asegura que la flota enviada a Irán está lis..."
[DROP] low_geopolitics (region=OTHER score=50) :: "Inside Syria’s largest oilfield after the battle f..."
[DROP] low_geopolitics (region=OTHER score=50) :: "Pooja Dhingra, the pastry chef who blends French c..."
[DROP] low_geopolitics (region=OTHER score=50) :: "Marco Rubio amenaza con usar la fuerza si Delcy Ro..."
[DROP] low_geopolitics (region=OTHER score=50) :: "'Nouvelle Vague' dominates César nominations, Jim ..."
[DROP] low_geopolitics (region=OTHER score=50) :: "Toxic manager driving you crazy? What UAE employee..."
[DROP] low_geopolitics (region=OTHER score=50) :: "Iran enters phase 3 of conflict with US, Israel af..."
[DROP] low_geopolitics (region=OTHER score=50) :: "Estudiantes vs Boca, EN VIVO: a qué hora es y dónd..."
[DROP] low_geopolitics (region=OTHER score=50) :: "Meta blocks links to ‘ICE List’ amid uproar over A..."
[DROP] low_geopolitics (region=OTHER score=50) :: "Éxodo de jóvenes investigadores del agro: “Estamos..."
[DROP] low_geopolitics (region=OTHER score=50) :: "Military intelligence chief taking part in Putin’s..."
[DROP] low_geopolitics (region=OTHER score=50) :: "Feijóo acusa a Sánchez de alterar el censo con los..."
[DROP] low_geopolitics (region=OTHER score=50) :: "Al-Sharaa meets Putin as Russia seeks to secure mi..."
[DROP] low_geopolitics (region=OTHER score=50) :: "Inseguridad en Corrientes: golpe boquetero en un d..."
[DROP] low_geopolitics (region=OTHER score=50) :: "Putin-Zelensky meeting, security guarantees: state..."
[DROP] low_geopolitics (region=OTHER score=50) :: "El Gobierno pidió suspender la búsqueda de activos..."
[DROP] low_geopolitics (region=OTHER score=50) :: "Bomberos controlan conato de incendio en el CNE..."
[DROP] low_geopolitics (region=OTHER score=50) :: "Nearly 70% of France supports idea of suspending m..."
[DROP] low_geopolitics (region=OTHER score=50) :: "Detenido el dueño de un bar en Valencia por grabar..."
[DROP] low_geopolitics (region=OTHER score=50) :: "Reuters: Inteligencia de EE. UU. tiene dudas sobre..."
[DROP] low_geopolitics (region=OTHER score=50) :: "Russian-Uzbek billionaire Usmanov wins lawsuit aga..."
[DROP] low_geopolitics (region=OTHER score=50) :: "The politician whose death leaves a vacuum in Indi..."
[DROP] low_geopolitics (region=OTHER score=50) :: "Replay: France's Macron, Denmark and Greenland lea..."
[DROP] low_geopolitics (region=OTHER score=50) :: "Ukrainian commander floats idea of mandatory army ..."
[DROP] low_geopolitics (region=OTHER score=50) :: "US Navy ready to carry out operation in Iran a la ..."
[DROP] low_geopolitics (region=OTHER score=50) :: "Un hombre ataca en un acto público a la congresist..."
[DROP] low_geopolitics (region=OTHER score=50) :: "Fire Engulfs Former Volkswagen Factory in Kaluga R..."
[DROP] low_geopolitics (region=OTHER score=50) :: "Canibalismo mileísta..."
[DROP] low_geopolitics (region=OTHER score=50) :: "El juzgado suspende el desahucio de las exmonjas d..."
[DROP] low_geopolitics (region=OTHER score=50) :: "Fátima Florez reveló los detalles del show con Jav..."
[DROP] low_geopolitics (region=OTHER score=50) :: "Lluvia de balas para robarle una moto a dos policí..."
[DROP] low_geopolitics (region=OTHER score=50) :: "Sudan's army says it breaks siege of southern city..."
[DROP] low_geopolitics (region=OTHER score=50) :: "De crecer sin internet a crear una empresa de 91.0..."
[DROP] low_geopolitics (region=OTHER score=50) :: "Budapest mayor charged over his calls for people t..."
[DROP] low_geopolitics (region=OTHER score=50) :: "What we know about plane crash that killed Ajit Pa..."
[DROP] low_geopolitics (region=OTHER score=50) :: "Falla en frenos de bus de Lumaca habría provocado ..."
[DROP] low_geopolitics (region=OTHER score=50) :: "River vs. Gimnasia, EN VIVO: a qué hora es el part..."
[DROP] low_geopolitics (region=OTHER score=50) :: "Starbucks’ US sales increase for first time in two..."
[DROP] low_geopolitics (region=OTHER score=50) :: "Siete jefes de Estado debaten en Panamá una agenda..."
[DROP] low_geopolitics (region=OTHER score=50) :: "WHAT’S COOKING: Oven-baked butterfish with lemon b..."
[DROP] low_geopolitics (region=OTHER score=50) :: "Greenland says more surveillance and security need..."
[DROP] low_geopolitics (region=OTHER score=50) :: "Amenaza Trump a Ir�n con ataque si no se sienta a ..."
[DROP] low_geopolitics (region=OTHER score=50) :: "Russia to deliver first Il-114-300 aircraft to Ind..."
[DROP] low_geopolitics (region=OTHER score=50) :: "What haunts China’s investors? US geopolitics and ..."
[DROP] low_geopolitics (region=OTHER score=50) :: "El chándal Under Armour que Amazon tiene con ofert..."
[DROP] low_geopolitics (region=OTHER score=50) :: "El Mayordomo de Natalia Figueiras: entre na herenc..."
[DROP] low_geopolitics (region=OTHER score=50) :: "Una derrota anticipada para Costa Rica..."
[DROP] low_geopolitics (region=OTHER score=50) :: "Hace 50 años: Fedecoopsur cumple el décimo anivers..."
[DROP] low_geopolitics (region=OTHER score=50) :: "‘Pride of the entire nation’: Israel holds funeral..."
[DROP] low_geopolitics (region=OTHER score=50) :: "China’s latest war game uses hospital and science ..."
[DROP] low_geopolitics (region=OTHER score=50) :: ""Me da penita": Morena Beltrán le respondió a Hora..."
[DROP] low_geopolitics (region=OTHER score=50) :: "Live updates: Senate tackles funding package amid ..."
[DROP] low_geopolitics (region=OTHER score=50) :: "China orchestrating 'dogfight' in space against EU..."
[DROP] low_geopolitics (region=OTHER score=50) :: "Trump warns Iran time is running out and says ‘our..."
[DROP] low_geopolitics (region=OTHER score=50) :: "Iván Cachanosky sobre la posibilidad de acceder a ..."
[DROP] low_geopolitics (region=OTHER score=50) :: "US YouTube star IShowSpeed to get Ghanaian passpor..."
[DROP] low_geopolitics (region=OTHER score=50) :: "Russia calls for greater representation of Global ..."
[DROP] low_geopolitics (region=OTHER score=50) :: "El temporal de lluvia y nieve en España será más l..."
[DROP] low_geopolitics (region=OTHER score=50) :: "Amazon cuts 16,000 jobs amid AI shift, post-pandem..."
[DROP] low_geopolitics (region=OTHER score=50) :: "Texas man scheduled to be executed for killing ex-..."
[DROP] low_geopolitics (region=OTHER score=50) :: "Ethiopia: PM Abiy Holds Talks With U.S. Deputy Sec..."
[DROP] DUP_TOPIC :: "Venezuela recibe otros 200 millones de dólares por..."
[DROP] low_geopolitics (region=OTHER score=50) :: "La ricchezza delle famiglie perde il 5% sul 2021 p..."
[DROP] low_geopolitics (region=OTHER score=50) :: "Sudan: 13 Miners Died in the Collapse of Five Aban..."
[DROP] low_geopolitics (region=OTHER score=50) :: "Groenland : la situation « est un appel au réveil ..."
[DROP] low_geopolitics (region=OTHER score=50) :: "Uganda: Defence Force Denies Targeting Bobi Wine..."
[DROP] low_geopolitics (region=OTHER score=50) :: "Ligan a proceso y envían a prisión preventiva a ho..."
[DROP] low_geopolitics (region=OTHER score=50) :: "An Armada is Sailing Toward Iran: Trump..."
[DROP] low_geopolitics (region=OTHER score=50) :: "Saudi Arabia weighs expansion of premium residency..."
[DROP] DUP_TOPIC :: "Los resultados de la desmilitarización de Ucrania..."
[DROP] low_geopolitics (region=OTHER score=50) :: "Maluma dejó la vergüenza y habló en su pódcast de ..."
[DROP] DUP_TOPIC :: "Media speculation on US plans to impose naval bloc..."
[DROP] DUP_TOPIC :: "Trump says 'massive armada' will strike Iran with ..."
[DROP] low_geopolitics (region=OTHER score=50) :: "Around 300 people evacuated after fire at hotels i..."
[DROP] low_geopolitics (region=OTHER score=50) :: "Ecuador presenta nota de protesta a EE. UU. por "i..."
[DROP] low_geopolitics (region=OTHER score=50) :: "Russia’s UAC may secure position in Indian aviatio..."
[DROP] low_geopolitics (region=OTHER score=50) :: "Iraq’s former prime minister denounces ‘blatant Am..."
[DROP] low_geopolitics (region=OTHER score=50) :: "‘Robo de celulares por amor’ y otros controvertido..."
[DROP] low_geopolitics (region=OTHER score=50) :: "Overnight Russian drones strike homes, damage mona..."
[DROP] low_geopolitics (region=OTHER score=50) :: "Chanel to prison: South Korea's former first lady ..."
[DROP] low_geopolitics (region=OTHER score=50) :: "Zohran Mamdani surprises kids by dropping into vir..."
[DROP] low_geopolitics (region=OTHER score=50) :: "Kristi Noem’s biggest controversies as head of Hom..."
[DROP] low_geopolitics (region=OTHER score=50) :: "Transportes espera reconstruir la línea de alta ve..."
[DROP] low_geopolitics (region=OTHER score=50) :: "Amazon confirms 16,000 job cuts after accidental e..."
[DROP] DUP_TOPIC :: "Ummah or Dollars: Pakistan’s high stakes dilemma a..."
[DROP] low_geopolitics (region=OTHER score=50) :: "¿Es cierto que un candidato a diputado de Laura Fe..."
[DROP] low_geopolitics (region=OTHER score=50) :: "Omar after being sprayed at event: 'I'm definitely..."
[DROP] low_geopolitics (region=OTHER score=50) :: "South Korea court jails former first lady for brib..."
[DROP] low_geopolitics (region=OTHER score=50) :: "China pitches itself as a reliable partner as Trum..."
[DROP] low_geopolitics (region=OTHER score=50) :: "‘Come to the table’: Trump's threat to Iran flaunt..."
[DROP] DUP_TOPIC :: "Rubio braces for Senate scrutiny over Venezuela..."
[DROP] low_geopolitics (region=OTHER score=50) :: "Ukraine War Veteran Kills Woman After Taking Her H..."
[DROP] low_geopolitics (region=OTHER score=50) :: "Wembanyama critica al ICE tras la muerte de Alex P..."
[DROP] low_geopolitics (region=OTHER score=50) :: "Trump announces 'massive' US armada heading toward..."
[DROP] DUP_TOPIC :: "Marco Rubio comparece este miércoles en el Congres..."
[DROP] low_geopolitics (region=OTHER score=50) :: "Presidente Gustavo Petro llega a Panamá para el Fo..."
[DROP] low_geopolitics (region=OTHER score=50) :: "Doomsday Clock: How ending Trump's war on renewabl..."
[DROP] low_geopolitics (region=OTHER score=50) :: "Trump says government will 'de-escalate' in Minnes..."
[DROP] low_geopolitics (region=OTHER score=50) :: "Israel steps up evictions of Palestinians from Eas..."
[DROP] low_geopolitics (region=OTHER score=50) :: "'The dream of climbing Everest never left me': Fre..."
[DROP] low_geopolitics (region=OTHER score=50) :: "El Ibex 35 modera las caídas con la apertura alcis..."
[DROP] low_geopolitics (region=OTHER score=50) :: "US singer Chris Brown in UK court ahead of October..."
[DROP] low_geopolitics (region=OTHER score=50) :: "Alertan por olas de calor extremo a nivel global: ..."
[DROP] low_geopolitics (region=OTHER score=50) :: "Balearon a un policía de la Ciudad en Morón durant..."
[DROP] low_geopolitics (region=OTHER score=50) :: "La actriz estadounidense Susan Sarandon recibirá e..."
[DROP] low_geopolitics (region=OTHER score=50) :: "Guns barred at US protest sites? Kash Patel’s clai..."
[DROP] low_geopolitics (region=OTHER score=50) :: "Dólar blue hoy: a cuánto cotiza este miércoles 28 ..."
[DROP] low_geopolitics (region=OTHER score=50) :: "La nieve sorprende a Madrid, con las tiendas medio..."
[DROP] low_geopolitics (region=OTHER score=50) :: "Candace Owens drops Erika Kirk's giggling audio da..."
[DROP] low_geopolitics (region=OTHER score=50) :: "‘Not radical, it’s fair’: Australian households wo..."
[DROP] low_geopolitics (region=OTHER score=50) :: "'I don't let bullies win,' says US congresswoman O..."
[DROP] low_geopolitics (region=OTHER score=50) :: "Marcha de las Antorchas en medio de tensiones con ..."
[DROP] low_geopolitics (region=OTHER score=50) :: "En Jamaïque, la multiplication des bavures policiè..."
[DROP] low_geopolitics (region=OTHER score=50) :: "England planning proposals fail to mention safety ..."
[DROP] low_geopolitics (region=OTHER score=50) :: "Moonshot’s newest release narrows US-China AI mode..."
[DROP] low_geopolitics (region=OTHER score=50) :: "What’s the cost to Mark Carney of defying The Dona..."
[DROP] low_geopolitics (region=OTHER score=50) :: "Coplera salteña en el Festival de Cosquín: "No nos..."
[DROP] low_geopolitics (region=OTHER score=50) :: "La democracia no se nota… hasta que falta..."
[DROP] low_geopolitics (region=OTHER score=50) :: "Minnesota judges hit breaking point with ICE..."
[DROP] low_geopolitics (region=OTHER score=50) :: "Greenland: Preparing for a Cold War with an Arctic..."
[DROP] low_geopolitics (region=OTHER score=50) :: "Utilities catastrophe in Ukraine to last ages — fo..."
[DROP] low_geopolitics (region=OTHER score=50) :: "Tránsito de Cartago a San José colapsa por acciden..."
[DROP] low_geopolitics (region=OTHER score=50) :: "Venezuela and Mexico: How Trump is trying to choke..."
[DROP] low_geopolitics (region=OTHER score=50) :: "UK regulator proposes changes to Google search for..."
[DROP] low_geopolitics (region=OTHER score=50) :: "ICE Facility in California Sued for Inhumane Condi..."
[DROP] low_geopolitics (region=OTHER score=50) :: "Trump Administration declares pristine Alaskan sea..."
[DROP] low_geopolitics (region=OTHER score=50) :: "Irán: Desapariciones forzadas, otra de las temible..."
[DROP] low_geopolitics (region=OTHER score=50) :: "Euro hoy y euro blue: a cuánto cotiza este miércol..."
[DROP] low_geopolitics (region=OTHER score=50) :: "Se modernizó el sistema de calificación de películ..."
[DROP] low_geopolitics (region=OTHER score=50) :: "Fire hits luxury hotel in French Alps, no injuries..."
[DROP] low_geopolitics (region=OTHER score=50) :: "Who was Alex Pretti, the intensive care nurse shot..."
[DROP] low_geopolitics (region=OTHER score=50) :: "Deutsche Bank offices searched in money laundering..."
[DROP] low_geopolitics (region=OTHER score=50) :: "Canadian-Indian accountant Nidhi Nagori says US, E..."
[DROP] low_geopolitics (region=OTHER score=50) :: "Daniel Noboa y Gustavo Petro ya están en Panamá y ..."
[DROP] low_geopolitics (region=OTHER score=50) :: "Mirá en vivo Modo Fontevecchia..."
[DROP] low_geopolitics (region=OTHER score=50) :: "'Next attack will be far worse': Trump's stern war..."
[DROP] low_geopolitics (region=OTHER score=50) :: "Djokovic moves on to semis of 2026 Australian Open..."
[DROP] low_geopolitics (region=OTHER score=50) :: "'Shooting ourselves in the foot': Will Indians be ..."
[DROP] low_geopolitics (region=OTHER score=50) :: "Indigenous group outraged after Australia kills di..."
[DROP] low_geopolitics (region=OTHER score=50) :: "Russian-Iranian intergovernmental commission to me..."
[DROP] low_geopolitics (region=OTHER score=50) :: "Ilhan Omar attacked at a Minneapolis town hall - w..."
[DROP] low_geopolitics (region=OTHER score=50) :: "How Israeli destruction of Gaza fertility clinics ..."
[DROP] low_geopolitics (region=OTHER score=50) :: "Trump admin rewrites nuclear safety rules. And, NT..."
[DROP] DUP_TOPIC :: "US blockade of Cuba would be gross violation of in..."
[DROP] low_geopolitics (region=OTHER score=50) :: "Starmer and Badenoch blast Reform UK’s by-election..."
[DROP] low_geopolitics (region=OTHER score=50) :: "Sarah Mullally confirmed as Archbishop of Canterbu..."
[DROP] low_geopolitics (region=OTHER score=50) :: "Hungary charges Budapest mayor for allowing banned..."
[DROP] low_geopolitics (region=OTHER score=50) :: "Vientos de hasta 90 km/h por empuje frío afectarán..."
[DROP] low_geopolitics (region=OTHER score=50) :: "French government and lawmakers step up pressure o..."
[DROP] low_geopolitics (region=OTHER score=50) :: "Upper age limits for clubs are common in South Kor..."
[DROP] low_geopolitics (region=OTHER score=50) :: "Palantir: Why is the Israel-linked surveillance fi..."
[DROP] low_geopolitics (region=OTHER score=50) :: "Ukraine summons Hungary ambassador over election m..."
[DROP] low_geopolitics (region=OTHER score=50) :: "Trump tells Iran to make nuclear deal or next atta..."
[DROP] low_geopolitics (region=OTHER score=50) :: "Poll shows 34% of Russians consider themselves che..."
[DROP] low_geopolitics (region=OTHER score=50) :: "Crecen las estafas de los alquileres temporarios e..."
[DROP] DUP_TOPIC :: "Trump reiterates threat of military action with de..."
[DROP] low_geopolitics (region=OTHER score=50) :: "Sara in Southern Lebanon..."
[DROP] low_geopolitics (region=OTHER score=50) :: "Africa: How Did Africa Fare in 2025? A Test of U.S..."
[DROP] low_geopolitics (region=OTHER score=50) :: "Putin to hold talks with UAE president on Thursday..."
[DROP] low_geopolitics (region=OTHER score=50) :: "ANSES: cómo obtener la Certificación Negativa paso..."
[DROP] low_geopolitics (region=OTHER score=50) :: "Corrientes exporta 24 toneladas de carne ovina a K..."
[DROP] low_geopolitics (region=OTHER score=50) :: "With China visit, Starmer makes clear he’s putting..."
[DROP] low_geopolitics (region=OTHER score=50) :: "Parallel universe: Imagine illegal immigrants had ..."
[DROP] low_geopolitics (region=OTHER score=50) :: "Minneapolis: Democratis US Rep. Ilhan Omar sprayed..."
[DROP] low_geopolitics (region=OTHER score=50) :: "Psicologa dona i suoi capelli per i ragazzi e raga..."
[DROP] low_geopolitics (region=OTHER score=50) :: "Man crushed to death and woman seriously injured a..."
[DROP] low_geopolitics (region=OTHER score=50) :: "España invierte 10 millones de euros en Nu Quantum..."
[DROP] low_geopolitics (region=OTHER score=50) :: "Deputata dem Usa spruzzata con una sostanza sconos..."
[DROP] low_geopolitics (region=OTHER score=50) :: "Las consecuencias de la renuncia al acta de Ábalos..."
[DROP] low_geopolitics (region=OTHER score=50) :: "Brussels greenlights $3.4 billion Spanish state ai..."
[DROP] low_geopolitics (region=OTHER score=50) :: "Italy’s foreign minister defends ICE attendance at..."
[DROP] low_geopolitics (region=OTHER score=50) :: "'Not just a police matter': Battling drug trade al..."
[DROP] low_geopolitics (region=OTHER score=50) :: "With Greenland, Europe wants to show the US "there..."
[DROP] low_geopolitics (region=OTHER score=50) :: "Francia apoya refuerzo de posición defensiva en el..."
[DROP] low_geopolitics (region=OTHER score=50) :: "Denmark PM says Europe can improve defences now to..."
[DROP] low_geopolitics (region=OTHER score=50) :: "Anguillara, il figlio di Federica Torzullo sarà af..."
[DROP] low_geopolitics (region=OTHER score=50) :: "The Rise and Fall of South Korean First Lady Kim K..."
[DROP] low_geopolitics (region=OTHER score=50) :: "'I don’t let bullies win,' Ilhan Omar says after a..."
[DROP] low_geopolitics (region=OTHER score=50) :: "Taiwan’s first military exercise of 2026 features ..."
[DROP] low_geopolitics (region=OTHER score=50) :: "Innoprom expo in Saudi Arabia to serve as showcase..."
[DROP] low_geopolitics (region=OTHER score=50) :: "Amazon anuncia recortes que ocasionarán 16.000 des..."
[DROP] low_geopolitics (region=OTHER score=50) :: "Mattarella ad Abu Dhabi,  l'incontro con i rappres..."
[DROP] low_geopolitics (region=OTHER score=50) :: "New Year’s Forum 2026, le grandi trasformazioni gl..."
[DROP] low_geopolitics (region=OTHER score=50) :: "United Center becomes first major US arena to sell..."
[DROP] low_geopolitics (region=OTHER score=50) :: "ANSES hoy: quiénes cobran este miércoles 28 de ene..."
[DROP] low_geopolitics (region=OTHER score=50) :: "Israeli lawmakers to hold initial vote on draft bu..."
[DROP] low_geopolitics (region=OTHER score=50) :: "Watch live as Macron speaks to the press with head..."
[DROP] low_geopolitics (region=OTHER score=50) :: "Ukraine says more than 80% of enemy targets now de..."
[DROP] low_geopolitics (region=OTHER score=50) :: "Ukraine says more than 80% of enemy targets now de..."
[DROP] low_geopolitics (region=OTHER score=50) :: "Bank of Russia sells currency worth $229.2 mln in ..."
[DROP] low_geopolitics (region=OTHER score=50) :: "El crédito al consumo se estancó: sube la morosida..."
[DROP] low_geopolitics (region=OTHER score=50) :: "Melinda Cook fired? VCU Health issues statement as..."
[DROP] low_geopolitics (region=OTHER score=50) :: "“Charlie’s life may have been….”: Candace Owens sp..."
[DROP] low_geopolitics (region=OTHER score=50) :: "Mattarella ad Abu Dhabi, incontra  il presidente d..."
[DROP] low_geopolitics (region=OTHER score=50) :: "Why China views the UK visit as part of something ..."
[DROP] low_geopolitics (region=OTHER score=50) :: "Compromís propone crear un servicio valenciano de ..."
[DROP] low_geopolitics (region=OTHER score=50) :: "Veteran Indian politician Ajit Pawar dies in plane..."
[DROP] low_geopolitics (region=OTHER score=50) :: "Polish top diplomat blinded by hate, can't see thi..."
[DROP] low_geopolitics (region=OTHER score=50) :: "Exclusive: UK didn't disclose second Tory peer on ..."
[DROP] low_geopolitics (region=OTHER score=50) :: "UN experts denounce Switzerland for sentencing stu..."
[DROP] low_geopolitics (region=OTHER score=50) :: "Family speaks out after man, 28, killed by suspect..."
[DROP] low_geopolitics (region=OTHER score=50) :: "Putin, Still Harboring Assad, Welcomes New Syrian ..."
[DROP] low_geopolitics (region=OTHER score=50) :: "Festival Alienígena 2026 en Capilla del Monte: fec..."
[DROP] low_geopolitics (region=OTHER score=50) :: "Business version of Russia’s Superjet aircraft on ..."
[DROP] low_geopolitics (region=OTHER score=50) :: "Stephen Colbert reveals date for final episode of ..."
[DROP] low_geopolitics (region=OTHER score=50) :: "Germany and France push for ‘two-speed’ E.U. to ov..."
[DROP] low_geopolitics (region=OTHER score=50) :: "Muere Brad Branson, exjugador del Madrid y la prim..."
[DROP] low_geopolitics (region=OTHER score=50) :: "Norilsk Nickel reach target production of cobalt —..."
[DROP] low_geopolitics (region=OTHER score=50) :: "Gas reserves in UGS facilities down below 30% in N..."
[DROP] low_geopolitics (region=OTHER score=50) :: "UK cuts subsidies to ‘overcompensated’ renewable p..."
[DROP] low_geopolitics (region=OTHER score=50) :: "Mueren cinco personas en un accidente de avión en ..."
[DROP] low_geopolitics (region=OTHER score=50) :: "Norilsk Nickel reports 3% drop in nickel productio..."
[DROP] low_geopolitics (region=OTHER score=50) :: "Nueva protesta de los empleados de Quirón que trab..."
[DROP] low_geopolitics (region=OTHER score=50) :: "Hong Kong logs US$37 million Admiralty office deal..."
[DROP] low_geopolitics (region=OTHER score=50) :: "Why Taco is a problem for Europe..."
[DROP] low_geopolitics (region=OTHER score=50) :: "Trump to Halt Aid to Iraq if Al-Maliki Returns as ..."
[DROP] DUP_TOPIC :: "Iran's battle for survival is the Arab world's fig..."
[DROP] low_geopolitics (region=OTHER score=50) :: "Mi PAMI: guía rápida para reportar una emergencia ..."
[DROP] low_geopolitics (region=OTHER score=50) :: "'I couldn't save them' - US mum's horror as three ..."
[DROP] low_geopolitics (region=OTHER score=50) :: "Alerta roja en la industria correntina: Valdés bus..."
[DROP] low_geopolitics (region=OTHER score=50) :: "Por qué Trump eligió Minesota para su mayor despli..."
[DROP] low_geopolitics (region=OTHER score=50) :: "Crecimiento que no contagia: empresarios optimista..."
[DROP] low_geopolitics (region=OTHER score=50) :: "Saldo negativo en la SUBE: cuáles son los valores ..."
[DROP] low_geopolitics (region=OTHER score=50) :: "Azerbaijan expands OECD cooperation to advance eco..."
[DROP] low_geopolitics (region=OTHER score=50) :: "Starmer insists he will take ‘pragmatic’ approach ..."
[DROP] low_geopolitics (region=OTHER score=50) :: "OIJ busca a sospechosos de asesinar a finqueros..."
[DROP] low_geopolitics (region=OTHER score=50) :: "Israeli plans for Rafah ‘camp’ in Gaza slammed as ..."
[DROP] low_geopolitics (region=OTHER score=50) :: "Man accused of beating four homeless men to death ..."
[DROP] low_geopolitics (region=OTHER score=50) :: "Encuesta: nueve de cada diez argentinos no son con..."
[DROP] low_geopolitics (region=OTHER score=50) :: "China will step in if Australia moves to regain co..."
[DROP] low_geopolitics (region=OTHER score=50) :: "Israel seeks to use US to upend Iran, but Trump no..."
[DROP] low_geopolitics (region=OTHER score=50) :: "Beijing clears Nvidia’s H200 imports, ending chip ..."
[DROP] low_geopolitics (region=OTHER score=50) :: "As World Cup boosts merch demand, China’s small-go..."
[DROP] low_geopolitics (region=OTHER score=50) :: "Global green investment keeps growing despite Chin..."
[DROP] DUP_TOPIC :: "Rubio to face former US Senate colleagues on Venez..."
[DROP] low_geopolitics (region=OTHER score=50) :: "Editorial: Encuestas, emociones y voto de última h..."
[DROP] low_geopolitics (region=OTHER score=50) :: "El Cadillac Escalade 2026 renueva su propuesta de ..."
[DROP] low_geopolitics (region=OTHER score=50) :: "Álvaro Ramos: si el gobierno gana, se tornará más ..."
[DROP] low_geopolitics (region=OTHER score=50) :: "Champions League: Así se jugará la última jornada ..."
[DROP] low_geopolitics (region=OTHER score=50) :: "Starship V3 Orbital Test Flight: Musk targets Marc..."
[DROP] low_geopolitics (region=OTHER score=50) :: "The Challenger disaster, 40 years on, and the spee..."
[DROP] low_geopolitics (region=OTHER score=50) :: "Majority of EU citizens back stronger national bor..."
[DROP] low_geopolitics (region=OTHER score=50) :: "Missing in Kabul: The U.S. Citizen Witnesses Say W..."
[DROP] DUP_TOPIC :: "Iranian MFA denies recent contact with US special ..."
[DROP] low_geopolitics (region=OTHER score=50) :: "Doomsday Clock Ticks Closer Than Ever to Apocalyps..."
[DROP] low_geopolitics (region=OTHER score=50) :: "POLICE AD HOC COMMITTEE: The Days of Our Ad Hoc Li..."
[DROP] low_geopolitics (region=OTHER score=50) :: "A Padova trapianto di fegato con tecnica innovativ..."
[DROP] low_geopolitics (region=OTHER score=50) :: "Norilsk Nickel expects decline in platinoids produ..."
[DROP] low_geopolitics (region=OTHER score=50) :: "20 Jews murdered, 815 severe antisemitic attacks t..."
[DROP] low_geopolitics (region=OTHER score=50) :: "Irán: Internet, en gran medida restaurado tras cas..."
[DROP] low_geopolitics (region=OTHER score=50) :: "Rwanda seeks arbitration over cancellation of asyl..."
[DROP] low_geopolitics (region=OTHER score=50) :: "¡Mirá en vivo Canal E!: toda la información económ..."
[DROP] low_geopolitics (region=OTHER score=50) :: "No pictures, just text: A Japanese cookbook for th..."
[DROP] low_geopolitics (region=OTHER score=50) :: "Danone, Nestlé shares continue to slide after baby..."
[DROP] low_geopolitics (region=OTHER score=50) :: "France presses Capgemini over ICE contract amid in..."
[DROP] low_geopolitics (region=OTHER score=50) :: "Russian-Syrian ties actively developing after chan..."
[DROP] DUP_TOPIC :: "Doctors hunted down, bodies piled up: Iran in 'sta..."
[DROP] low_geopolitics (region=OTHER score=50) :: "Video: Mozambique floods force thousands into disp..."
[DROP] low_geopolitics (region=OTHER score=50) :: "EU foreign policy chief urges to turn NATO into Eu..."
[DROP] low_geopolitics (region=OTHER score=50) :: "Addio a Menichelli, 'angelo azzurro' della ginnast..."
[DROP] low_geopolitics (region=OTHER score=50) :: "Congress locked in standoff over DHS funding ahead..."
[DROP] low_geopolitics (region=OTHER score=50) :: "‘Sirât’ suma otra nominación a mejor película extr..."
[DROP] low_geopolitics (region=OTHER score=50) :: "Who are ‘we’? Why some Singaporeans bristle at ‘we..."
[DROP] low_geopolitics (region=OTHER score=50) :: "Minnesota Democrat representative attacked despite..."
[DROP] low_geopolitics (region=OTHER score=50) :: "Rutte flatters Trump to protects NATO’s interests ..."
[DROP] low_geopolitics (region=OTHER score=50) :: "Hong Kong police arrest 7 over bogus HK$10 million..."
[DROP] low_geopolitics (region=OTHER score=50) :: "Kai Cenat’s daily reading videos are quietly chang..."
[DROP] low_geopolitics (region=OTHER score=50) :: "José Luis Ábalos renuncia a su acta de diputado en..."
[DROP] low_geopolitics (region=OTHER score=50) :: ""En gran parte, la historia de la Iglesia Católica..."
[DROP] low_geopolitics (region=OTHER score=50) :: "Lo sport è un antidoto all'ansia e alla depression..."
[DROP] low_geopolitics (region=OTHER score=50) :: "Former Iraqi PM Maliki denounces Trump threats to ..."
[DROP] low_geopolitics (region=OTHER score=50) :: "POW details Ukrainian killings, sexual violence ag..."
[DROP] low_geopolitics (region=OTHER score=50) :: "Two French streamers in custody over death during ..."
[DROP] low_geopolitics (region=OTHER score=50) :: "Ecuador says ICE agent attempted to enter its Minn..."
[DROP] low_geopolitics (region=OTHER score=50) :: "Javier Milei vs. Paolo Rocca: el Financial Times d..."
[DROP] low_geopolitics (region=OTHER score=50) :: "El Gobierno pone en marcha la jornada de 35 horas ..."
[DROP] low_geopolitics (region=OTHER score=50) :: "Russian troops strike Ukrainian long-range UAV lau..."
[DROP] low_geopolitics (region=OTHER score=50) :: "Eastern German region of Saxony-Anhalt elects new ..."
[DROP] low_geopolitics (region=OTHER score=50) :: "Orban says he, other Hungarian government members ..."
[DROP] low_geopolitics (region=OTHER score=50) :: "Minsk bets on strategic deterrence amid militariza..."
[DROP] low_geopolitics (region=OTHER score=50) :: "UPS layoffs: Delivery giant to slash 30,000 jobs i..."
[DROP] low_geopolitics (region=OTHER score=50) :: "Gerber issues nationwide recall: Things to know..."
[DROP] DUP_TOPIC :: "Turkey foils Iran plot at US Incirlik base: Report..."
[DROP] low_geopolitics (region=OTHER score=50) :: "Comeback puts Iraq's Maliki in Trump's crosshairs..."
[DROP] low_geopolitics (region=OTHER score=50) :: "Capcom jumps most in 18 months on surprise ‘Reside..."
[DROP] low_geopolitics (region=OTHER score=50) :: "The Italian mountain community being overlooked by..."
[DROP] low_geopolitics (region=OTHER score=50) :: "Russia signs deal with India for licensed producti..."
[DROP] low_geopolitics (region=OTHER score=50) :: "Reforma laboral: los gremios duros vuelven a la UO..."
[DROP] low_geopolitics (region=OTHER score=50) :: "Fiscalía de Ecuador allanó el inmueble de Luisa Go..."
[DROP] low_geopolitics (region=OTHER score=50) :: "US state lawmakers push to allow lawsuits against ..."
[DROP] low_geopolitics (region=OTHER score=50) :: "Bank Indonesia’s autonomy under scrutiny as Prabow..."
[DROP] low_geopolitics (region=OTHER score=50) :: "Álvaro Ramos revela quién le pidió ignorar la ‘man..."
[DROP] low_geopolitics (region=OTHER score=50) :: "Banco Central se opone a dos proyectos sobre el re..."
[DROP] low_geopolitics (region=OTHER score=50) :: "Los kurdos amenazados de exterminio por el nuevo g..."
[DROP] low_geopolitics (region=OTHER score=50) :: "Sudan’s war displaced crisis peaks as millions eye..."
[DROP] low_geopolitics (region=OTHER score=50) :: "Russian and Ukrainian military casualties in war n..."
[DROP] low_geopolitics (region=OTHER score=50) :: "West sees BRICS as threat to its dominance, openly..."
[DROP] low_geopolitics (region=OTHER score=50) :: "Lili Keller-Rosenberg, bearing witness to the end..."
[DROP] low_geopolitics (region=OTHER score=50) :: "Surprisingly, Holocaust ceremonies foster extremis..."
[DROP] DUP_TOPIC :: "Strangled, snatched from hospital beds and torture..."
[DROP] low_geopolitics (region=OTHER score=50) :: "Maduro hard to rescue legally, only via UN — lawye..."
[DROP] low_geopolitics (region=OTHER score=50) :: "'Officers Are Resigning Every Day': Russia’s Inter..."
[DROP] low_geopolitics (region=OTHER score=50) :: "Who was Ajit Pawar, the Indian politician killed i..."
[DROP] low_geopolitics (region=OTHER score=50) :: "Uganda court releases prominent rights activist on..."
[DROP] low_geopolitics (region=OTHER score=50) :: "Jannik Sinner bate a Ben Shelton en tres sets y pa..."
[DROP] low_geopolitics (region=OTHER score=50) :: "Kenya: Govt Not Liable to Compensate 1998 Bomb Bla..."
[DROP] low_geopolitics (region=OTHER score=50) :: "EN DIRECT, guerre en Ukraine : l’Allemagne va four..."
[DROP] low_geopolitics (region=OTHER score=50) :: "Daily Briefing Jan. 28 – PM makes explosive charge..."
[DROP] low_geopolitics (region=OTHER score=50) :: "Israel eyes opening Rafah crossing, Gaza's gate to..."
[DROP] low_geopolitics (region=OTHER score=50) :: "FirstFT: US consumer confidence sinks..."
[DROP] low_geopolitics (region=OTHER score=50) :: "Communist Party and KMT revive forum stalled by de..."
[DROP] low_geopolitics (region=OTHER score=50) :: "CMA targets Google AI overviews in push to loosen ..."
[DROP] low_geopolitics (region=OTHER score=50) :: "Kremlin positively assesses start of direct talks ..."
[DROP] low_geopolitics (region=OTHER score=50) :: "BoE needs to win the last-mile disinflation battle..."
[DROP] low_geopolitics (region=OTHER score=50) :: "Macron hosts Danish and Greenlandic leaders in Par..."
[DROP] low_geopolitics (region=OTHER score=50) :: "Indonesian shares plunge after MSCI warns on marke..."
[DROP] low_geopolitics (region=OTHER score=50) :: "Italia desdeña las críticas por la presencia de la..."
[DROP] low_geopolitics (region=OTHER score=50) :: "El primer ministro groenlandés: “La Casa Blanca no..."
[DROP] low_geopolitics (region=OTHER score=50) :: "Eighteen teams to play final Champions League grou..."
[DROP] low_geopolitics (region=OTHER score=50) :: "Recordando al mejor de los maestros..."
[DROP] DUP_TOPIC :: "Environmental crises add to Iran's mounting troubl..."
[DROP] low_geopolitics (region=OTHER score=50) :: "Former French senator found guilty of drugging law..."
[DROP] low_geopolitics (region=OTHER score=50) :: "Minneapolis : l’Equateur accuse un agent de l’ICE ..."
[DROP] low_geopolitics (region=OTHER score=50) :: "Australian Open: Sinner batte Shelton, é in semifi..."
[DROP] low_geopolitics (region=OTHER score=50) :: "La ironía del éxito del ‘crying horse’, el caballo..."
[DROP] low_geopolitics (region=OTHER score=50) :: "Iran Killed Thousands of Protesters. Here Are Five..."
[DROP] low_geopolitics (region=OTHER score=50) :: "BBC fails to mention Jews in some Holocaust Rememb..."
[DROP] low_geopolitics (region=OTHER score=50) :: "Immigration helped Trump win the White House - now..."
[DROP] low_geopolitics (region=OTHER score=50) :: "What should I do with income from a share sale?..."
[DROP] low_geopolitics (region=OTHER score=50) :: "Democrat Ilhan Omar sprayed by unknown substance d..."
[DROP] low_geopolitics (region=OTHER score=50) :: "Syrian leader to meet Putin for second time, as Ru..."
[DROP] low_geopolitics (region=OTHER score=50) :: "MrBeast Burger opens in Sydney as legal battle rai..."
[DROP] low_geopolitics (region=OTHER score=50) :: "Vityaz vehicles become symbol of reliability in An..."
[DROP] DUP_TOPIC :: "Iran International TV channel one of the only reli..."
[DROP] low_geopolitics (region=OTHER score=50) :: "'Grave danger': PTI says jailed Pakistan ex-PM Imr..."
[DROP] low_geopolitics (region=OTHER score=50) :: "Syrian leader al-Sharaa arrives in Moscow..."
[DROP] low_geopolitics (region=OTHER score=50) :: "What's next for the Gaza ceasefire deal now that t..."
[DROP] low_geopolitics (region=OTHER score=50) :: "77 municipios sin colegio en Andalucía y 250 perso..."
[DROP] low_geopolitics (region=OTHER score=50) :: "Indagan en Huatulco accidente y privilegios a Sali..."
[DROP] low_geopolitics (region=OTHER score=50) :: "Augura Champions League  un cierre de locura..."
[DROP] low_geopolitics (region=OTHER score=50) :: "Iba a toda velocidad...  �y no hubo alerta!..."
[DROP] low_geopolitics (region=OTHER score=50) :: "Dar� Espa�a a v�ctimas  m�s de $410 millones..."
[DROP] low_geopolitics (region=OTHER score=50) :: "Landslide leaves Sicilian town teetering on cliff ..."
[DROP] low_geopolitics (region=OTHER score=50) :: "Zuckerberg's Meta blocks info on ICE agents: Insta..."
[DROP] low_geopolitics (region=OTHER score=50) :: "Latest news bulletin | January 28th, 2026 – Midday..."
[DROP] low_geopolitics (region=OTHER score=50) :: "US singer Chris Brown in UK court ahead of October..."
[DROP] low_geopolitics (region=OTHER score=50) :: "‘Teach our children well’: Jack Ma urges changes t..."
[DROP] low_geopolitics (region=OTHER score=50) :: "Uber invests $500mn in Canada’s Waabi to accelerat..."
[DROP] DUP_TOPIC :: "The Iranians dancing at protesters’ funerals..."
[DROP] low_geopolitics (region=OTHER score=50) :: "Aircraft engine prices soar amid shortages and boo..."
[DROP] low_geopolitics (region=OTHER score=50) :: "Industriales y Artemisa avanzan a semifinales de l..."
[DROP] low_geopolitics (region=OTHER score=50) :: "YPF, Puma, Shell, Axion: el precio de la nafta en ..."
[DROP] low_geopolitics (region=OTHER score=50) :: "Así les fue a las cooperativas y financieras en el..."
[DROP] low_geopolitics (region=OTHER score=50) :: "Comisión de Postulación cierra recepción de expedi..."
[DROP] low_geopolitics (region=OTHER score=50) :: "¿Por qué urge que se apruebe la iniciativa de ley ..."
[DROP] low_geopolitics (region=OTHER score=50) :: "Democrats try to find their footing on immigration..."
[DROP] low_geopolitics (region=OTHER score=50) :: "Smithsonian plans for America's 250th up in the ai..."
[DROP] low_geopolitics (region=OTHER score=50) :: "Fed on track to defy Trump, keep rates steady desp..."
[DROP] low_geopolitics (region=OTHER score=50) :: "'Transformative' HIV PrEP shot slowly overcomes co..."
[DROP] low_geopolitics (region=OTHER score=50) :: "Largest cocaine seizure in Portugal sheds light on..."
[DROP] low_geopolitics (region=OTHER score=50) :: "Local elections in Marseille: Left and far right i..."
[DROP] low_geopolitics (region=OTHER score=50) :: "Fact check: Will the Mercosur trade deal open the ..."
[DROP] low_geopolitics (region=OTHER score=50) :: "Russia Says Two Sailors Freed After U.S. Tanker Se..."
[DROP] low_geopolitics (region=OTHER score=50) :: "Vanuatu seeks Hong Kong’s regulatory expertise, wo..."
[DROP] low_geopolitics (region=OTHER score=50) :: "French ex-senator jailed for drugging lawmaker wit..."
[DROP] low_geopolitics (region=OTHER score=50) :: "ICE "not welcome" in Milan to assist with Winter O..."
[DROP] low_geopolitics (region=OTHER score=50) :: "Greenland’s elite dog sled unit patrols desolate, ..."
[DROP] low_geopolitics (region=OTHER score=50) :: "ICE, Ilhan Omar and Somalis: Unpacking Trump’s obs..."
[DROP] low_geopolitics (region=OTHER score=50) :: "Trump clashes with NRA gun lobby, growing Republic..."
[DROP] low_geopolitics (region=OTHER score=50) :: "Former French senator jailed for spiking MP’s drin..."
[DROP] low_geopolitics (region=OTHER score=50) :: "Veteran Indian Politician Among 5 Killed in Plane ..."
[DROP] low_geopolitics (region=OTHER score=50) :: "Francia: Exsenador condenado a prisión por drogar ..."
[DROP] low_geopolitics (region=OTHER score=50) :: "SOFAZ so good..."
[DROP] low_geopolitics (region=OTHER score=50) :: "Kim Keon-hee, la très impopulaire ex-première dame..."
[DROP] low_geopolitics (region=OTHER score=50) :: "Two police officers suspected of fabricating evide..."
[DROP] low_geopolitics (region=OTHER score=50) :: "MISERY AND PROFIT: Cruelty exposed: Inside South A..."
[DROP] low_geopolitics (region=OTHER score=50) :: "Pope Leo calls for end to anti-Semitism worldwide..."
[DROP] low_geopolitics (region=OTHER score=50) :: "Hungary charges Budapest mayor over role in banned..."
[DROP] low_geopolitics (region=OTHER score=50) :: "Tim Cook breaks silence on Minneapolis shootings a..."
[DROP] low_geopolitics (region=OTHER score=50) :: "Aux Pays-Bas, trois partis forment une coalition m..."
[DROP] low_geopolitics (region=OTHER score=50) :: "UAE unveils region’s first biometric payment syste..."
[DROP] low_geopolitics (region=OTHER score=50) :: "Amazon to axe another 16,000 corporate jobs..."
[DROP] low_geopolitics (region=OTHER score=50) :: "US Winter Storm Death Toll Reaches 51..."
[DROP] low_geopolitics (region=OTHER score=50) :: "Trump accuses Ilhan Omar of ‘having herself spraye..."
[DROP] low_geopolitics (region=OTHER score=50) :: "Álvaro Morata y Alice Campello inician los trámite..."
[DROP] low_geopolitics (region=OTHER score=50) :: "Belarus joins Trump's 'Board of Peace,' raising ey..."
[DROP] low_geopolitics (region=OTHER score=50) :: "Divisive budget moves forward as French PM survive..."
[DROP] low_geopolitics (region=OTHER score=50) :: "Iranian senior military official warns US of heavy..."
[DROP] low_geopolitics (region=OTHER score=50) :: ""Cualquier acto de migrar desde la colonia hacia l..."
[DROP] low_geopolitics (region=OTHER score=50) :: "Sudan: MSF Finds El Fasher, Sudan, Largely Destroy..."
[DROP] low_geopolitics (region=OTHER score=50) :: "Countries worldwide must clean up school food as c..."
[DROP] low_geopolitics (region=OTHER score=50) :: "India shows interest in Russia’s Il-114-300 and SJ..."
[DROP] low_geopolitics (region=OTHER score=50) :: "Tech giant ASML announces record orders in boost f..."
[DROP] low_geopolitics (region=OTHER score=50) :: "Would you intervene? Singapore train-spitting case..."
[DROP] low_geopolitics (region=OTHER score=50) :: "South Korea Jails Former First Lady in Corruption ..."
[DROP] low_geopolitics (region=OTHER score=50) :: "Horarios del Pico y placa en Quito este miércoles ..."
[DROP] low_geopolitics (region=OTHER score=50) :: "Uno de cada cuatro andaluces se encuentra en exclu..."
[DROP] low_geopolitics (region=OTHER score=50) :: "North Texas schools and colleges closed due to haz..."
[DROP] low_geopolitics (region=OTHER score=50) :: "U.S. Releases Russian Crew Members of Oil Tanker S..."
[DROP] low_geopolitics (region=OTHER score=50) :: "French former senator found guilty of drugging MP ..."
[DROP] low_geopolitics (region=OTHER score=50) :: "Israel’s attacks on Gaza fertility clinics shatter..."
[DROP] low_geopolitics (region=OTHER score=50) :: "Un accord commercial pragmatique entre l’Inde et l..."
[DROP] low_geopolitics (region=OTHER score=50) :: "Charles Kushner, relais de la diplomatie trumpiste..."
[DROP] low_geopolitics (region=OTHER score=50) :: "Ukraine’s security service tried to inject agent i..."
[DROP] low_geopolitics (region=OTHER score=50) :: "Why US defence strategy may push South Korea, Japa..."
[DROP] low_geopolitics (region=OTHER score=50) :: "I’m a survivor: Ilhan Omar hits back after spray a..."
[DROP] DUP_TOPIC :: "The art of resistance: Iranian photographer Ayna M..."
[DROP] low_geopolitics (region=OTHER score=50) :: "Sol al máximo: el índice UV llegará a niveles extr..."
[DROP] low_geopolitics (region=OTHER score=50) :: "Europe’s Rearmament Paradox..."
[DROP] low_geopolitics (region=OTHER score=50) :: "Shift in EU-US relations is 'structural, not tempo..."
[DROP] low_geopolitics (region=OTHER score=50) :: "Ola de calor y alertas por tormentas fuertes en el..."
[DROP] low_geopolitics (region=OTHER score=50) :: "Russia suffers more losses in its war against Ukra..."
[DROP] low_geopolitics (region=OTHER score=50) :: "Trump Peace Board Announces 26 Founding Member Sta..."
[DROP] low_geopolitics (region=OTHER score=50) :: "Holocaust Museum slams Tim Walz after comparing Mi..."
[DROP] low_geopolitics (region=OTHER score=50) :: "Hospital staff changed Bondi attack victim’s name ..."
[DROP] low_geopolitics (region=OTHER score=50) :: "Alex Pretti shot at by 2 different federal agents ..."
[DROP] low_geopolitics (region=OTHER score=50) :: "Action legend Seagal lists mansion outside Moscow ..."
[DROP] low_geopolitics (region=OTHER score=50) :: "Cameroon in shock after suspected separatist attac..."
[DROP] low_geopolitics (region=OTHER score=50) :: "Saitama sinkhole remains open a year after forming..."
[DROP] low_geopolitics (region=OTHER score=50) :: "Victims of spectacular German bank heist file laws..."
[DROP] low_geopolitics (region=OTHER score=50) :: "Jazz Plaza 2026 en el Museo Nacional de la Música..."
[DROP] low_geopolitics (region=OTHER score=50) :: "At least three people killed in Russian attacks on..."
[DROP] low_geopolitics (region=OTHER score=50) :: "L’automobile sud-coréenne sous pression des droits..."
[DROP] low_geopolitics (region=OTHER score=50) :: "How Kristi Noem became focus of Republican anger o..."
[DROP] low_geopolitics (region=OTHER score=50) :: "India visit ahead, Canada's Carney on Trump tariff..."
[DROP] low_geopolitics (region=OTHER score=50) :: "Starmer llega a China para recomponer relaciones s..."
[DROP] low_geopolitics (region=OTHER score=50) :: "Otra luna política en el Festival de Cosquín: crít..."
[DROP] low_geopolitics (region=OTHER score=50) :: "Jueza cordobesa: "La Corte ha vuelto a ratificar q..."
[DROP] low_geopolitics (region=OTHER score=50) :: "Javier Milei se burló de la prisión domiciliaria d..."
[DROP] low_geopolitics (region=OTHER score=50) :: "Por qué la caída de nacimientos impactará en la ma..."
[DROP] low_geopolitics (region=OTHER score=50) :: "Over 75 Ukrainian drones strike Russia’s Belgorod ..."
[DROP] low_geopolitics (region=OTHER score=50) :: "Up Helly Aa: Hundreds of torchbearers gather on Sc..."
[DROP] low_geopolitics (region=OTHER score=50) :: "Gold extends rally, dollar dips as Trump brushes o..."
[DROP] low_geopolitics (region=OTHER score=50) :: "Honduras: Asfura asume la Presidencia con rápidas ..."
[DROP] low_geopolitics (region=OTHER score=50) :: "Industrial que votó a Milei: "Queremos competir, p..."
[DROP] low_geopolitics (region=OTHER score=50) :: "From Berlin to Tenerife: All the destinations Ryan..."
[DROP] low_geopolitics (region=OTHER score=50) :: "Ley penal juvenil: Berni propuso "un test psiquiát..."
[DROP] low_geopolitics (region=OTHER score=50) :: "Dos noches de Fiesta Diversa..."
[DROP] low_geopolitics (region=OTHER score=50) :: "Price of gold futures hits a new all-time high, ex..."
[DROP] low_geopolitics (region=OTHER score=50) :: "After Naval Drills With Iran, South Africa Faces N..."
[DROP] low_geopolitics (region=OTHER score=50) :: "Presidente Gustavo Petro dijo que reunión con el m..."
[DROP] low_geopolitics (region=OTHER score=50) :: "In Nigeria, a Catholic Bishop Tries to Tone Down t..."
[DROP] low_geopolitics (region=OTHER score=50) :: "Este jueves termina el plazo para pedir el voto po..."
[DROP] low_geopolitics (region=OTHER score=50) :: "Price rises on the horizon for Chinese cloud firms..."
[DROP] low_geopolitics (region=OTHER score=50) :: "Inside the shadow war between Russia and Ukraine t..."
[DROP] low_geopolitics (region=OTHER score=50) :: "Sussan Ley says David Littleproud rejected offer o..."
[DROP] low_geopolitics (region=OTHER score=50) :: "China couple, 102, born on same day, gain online a..."
[DROP] low_geopolitics (region=OTHER score=50) :: "En Syrie, des détenus en fuite témoignent du chaos..."
[DROP] DUP_TOPIC :: "Press review: India, EU sign mother of all deals a..."
[DROP] low_geopolitics (region=OTHER score=50) :: "Starmer vows to raise issues ‘that need to be rais..."
[DROP] low_geopolitics (region=OTHER score=50) :: "El temporal ‘Kristin’ llega a gran parte de España..."
[DROP] low_geopolitics (region=OTHER score=50) :: "Federation Council Senator Vaynberg Resigns to Ser..."
[DROP] low_geopolitics (region=OTHER score=50) :: "Passengers killed in drone attack on Ukraine train..."
[DROP] DUP_TOPIC :: "El petróleo de Venezuela atrae a los buques que no..."
[DROP] low_geopolitics (region=OTHER score=50) :: "Snow leopard mauls skier in China after she gets t..."
[DROP] low_geopolitics (region=OTHER score=50) :: "Philip Glass pulls new symphony from Kennedy Cente..."
[DROP] low_geopolitics (region=OTHER score=50) :: "Muere Sal Buscema, emblemático historietista de Ma..."
[DROP] low_geopolitics (region=OTHER score=50) :: "Gold climbs to record high after slide in dollar..."
[DROP] low_geopolitics (region=OTHER score=50) :: "Man Arrested After Liquid Attack on Ilhan Omar Ral..."
[DROP] low_geopolitics (region=OTHER score=50) :: "Former French senator found guilty of drugging law..."
[DROP] low_geopolitics (region=OTHER score=50) :: "Babies out, fur babies in: Why young people in Chi..."
[DROP] low_geopolitics (region=OTHER score=50) :: "Economía de la mentira: La desinformación generada..."
[DROP] low_geopolitics (region=OTHER score=50) :: "How the spray attack on Ilhan Omar unfolded as Min..."
[DROP] low_geopolitics (region=OTHER score=50) :: "Watch the video: EU-India trade deal — what's insi..."
[DROP] low_geopolitics (region=OTHER score=50) :: "Two officers fired guns in Minneapolis killing: US..."
[DROP] low_geopolitics (region=OTHER score=50) :: "Switzerland probes suspected forgery of signatures..."
[DROP] low_geopolitics (region=OTHER score=50) :: "Hungary ‘at crosshairs,’ but won't stop protecting..."
[DROP] low_geopolitics (region=OTHER score=50) :: "Musk rebukes Polish top diplomat over Starlink use..."
[DROP] low_geopolitics (region=OTHER score=50) :: "Drones rusos alcanzan un tren de pasajeros en el n..."
[DROP] low_geopolitics (region=OTHER score=50) :: "Figli di un dio minore. La solitudine degli orfani..."
[DROP] low_geopolitics (region=OTHER score=50) :: "Russia, India are at advanced stage of consultatio..."
[DROP] low_geopolitics (region=OTHER score=50) :: "Two Russian crew members of Marinera oil tanker on..."
[DROP] low_geopolitics (region=OTHER score=50) :: "Trump’s Iowa base shows cracks over Minneapolis de..."
[DROP] low_geopolitics (region=OTHER score=50) :: "Tens of thousands flee northwest Pakistan’s Tirah ..."
[DROP] low_geopolitics (region=OTHER score=50) :: "Josué Mesa en la Casa de la Bombilla Verde...."
[DROP] low_geopolitics (region=OTHER score=50) :: "Estados Unidos: Los acontecimientos en Mineápolis ..."
[DROP] DUP_TOPIC :: "Musk sube a 42.000 millones el objetivo de la sali..."
[DROP] low_geopolitics (region=OTHER score=50) :: "Bitter cold grips eastern US as ice forms on river..."
[DROP] low_geopolitics (region=OTHER score=50) :: "Au Danemark, la longue et difficile prise de consc..."
[DROP] low_geopolitics (region=OTHER score=50) :: "The case for Labour’s policing overhaul — and the ..."
[DROP] low_geopolitics (region=OTHER score=50) :: "Dos mujeres, un país en juego..."
[DROP] low_geopolitics (region=OTHER score=50) :: "EU should prepare for possible US exit from NATO, ..."
[DROP] low_geopolitics (region=OTHER score=50) :: "International development aid: A burden or a soft ..."
[DROP] low_geopolitics (region=OTHER score=50) :: "Tatiana, una de las últimas voces que sobreviviero..."
[DROP] low_geopolitics (region=OTHER score=50) :: "NATO alarmed amid uncertainty over Greenland issue..."
[DROP] low_geopolitics (region=OTHER score=50) :: "Rwanda seeks £100m from UK over axed asylum deal..."
[DROP] low_geopolitics (region=OTHER score=50) :: "Scientists achieve pancreatic tumour regression in..."
[DROP] low_geopolitics (region=OTHER score=50) :: "Kallas: 'Legame con gli Usa cambiato, l'Europa raf..."
[DROP] low_geopolitics (region=OTHER score=50) :: "What Xi Jinping’s purge of China’s most senior gen..."
[DROP] low_geopolitics (region=OTHER score=50) :: "VIDEO Victor Wembanyama s’exprime sur les deux Amé..."
[DROP] low_geopolitics (region=OTHER score=50) :: "Oxfam refuses to provide Israel with details of Pa..."
[DROP] low_geopolitics (region=OTHER score=50) :: "Ludi Teatro presenta “Sistas”..."
[DROP] low_geopolitics (region=OTHER score=50) :: "Iran executes man accused last spring of spying fo..."
[DROP] DUP_TOPIC :: "Trump: Time running out as ‘massive armada’ heads ..."
[DROP] low_geopolitics (region=OTHER score=50) :: "Montenegro could face fuel shortages due to trucke..."
[DROP] low_geopolitics (region=OTHER score=50) :: "Editorial: Trump: el odio no cede..."
[DROP] low_geopolitics (region=OTHER score=50) :: "Una batalla tras otra y Pecadores lideran las nomi..."
[DROP] low_geopolitics (region=OTHER score=50) :: "Carlos Fernández-Vega: México SA..."
[DROP] low_geopolitics (region=OTHER score=50) :: "Silencio de Petróleos Mexicanos..."
[DROP] low_geopolitics (region=OTHER score=50) :: "Arrojan sustancia a la congresista Ilhan Omar..."
[DROP] low_geopolitics (region=OTHER score=50) :: "Jaripeo, filme queer mexicano, se presentará en el..."
[DROP] low_geopolitics (region=OTHER score=50) :: "Requiere seguridad igual a Presidencia y FGR, subr..."
[DROP] low_geopolitics (region=OTHER score=50) :: "ONU pide regular la IA y defender los derechos de ..."
[DROP] low_geopolitics (region=OTHER score=50) :: "Seis ex funcionarios van a juicio por la explosión..."
[DROP] low_geopolitics (region=OTHER score=50) :: "El Tren Interoceánico descarriló por exceso de vel..."
[DROP] low_geopolitics (region=OTHER score=50) :: "Pemex no cumplió su meta de producción..."
[DROP] low_geopolitics (region=OTHER score=50) :: "Sheinbaum y banqueros dialogan sobre inversiones..."
[DROP] low_geopolitics (region=OTHER score=50) :: "Jueces sin rostro y la jornada laboral, prioridade..."
[DROP] low_geopolitics (region=OTHER score=50) :: "Suman 50 muertos por tormenta invernal en EU; el g..."
[DROP] low_geopolitics (region=OTHER score=50) :: "Enrique Galván Ochoa: Dinero..."
[DROP] low_geopolitics (region=OTHER score=50) :: "Plantean en el IECM modificar leyes y normas para ..."
[DROP] low_geopolitics (region=OTHER score=50) :: "Continúan ataques de Israel sobre Gaza; bombardea ..."
[DROP] low_geopolitics (region=OTHER score=50) :: "Transacciones gratis desde EU..."
[DROP] low_geopolitics (region=OTHER score=50) :: "Javier Hernández Chelico: En el chopo..."
[DROP] low_geopolitics (region=OTHER score=50) :: "Conspira México para invadir EU, dice libro promov..."
[DROP] low_geopolitics (region=OTHER score=50) :: "Elefante marino sorprende a turistas en playa de N..."
[DROP] low_geopolitics (region=OTHER score=50) :: "Jura como presidente de Honduras Nasry Asfura, imp..."
[DROP] low_geopolitics (region=OTHER score=50) :: "Vinculan a proceso por violencia vicaria a una muj..."
[DROP] low_geopolitics (region=OTHER score=50) :: "Obras irregulares avanzan en edificio de la Cuauht..."
[DROP] low_geopolitics (region=OTHER score=50) :: "Ratifica Sheinbaum que Ryan Wedding se entregó; “n..."
[DROP] low_geopolitics (region=OTHER score=50) :: "Romero Tellaeche interpone amparo por destitución ..."
[DROP] low_geopolitics (region=OTHER score=50) :: "Consideraremos hostiles a países que presten su su..."
[DROP] low_geopolitics (region=OTHER score=50) :: "Copa 2026, salvavidas o puntilla para la AFA..."
[DROP] low_geopolitics (region=OTHER score=50) :: "Clausura Profepa obras ilegales en humedal costero..."
[DROP] low_geopolitics (region=OTHER score=50) :: "Consiguen India y la UE “la madre  de todos los ac..."
[DROP] low_geopolitics (region=OTHER score=50) :: "Bernardo Barranco: A 15 años, recordamos a don Sam..."
[DROP] low_geopolitics (region=OTHER score=50) :: "Gobierno español regularizará a 500 mil migrantes ..."
[DROP] low_geopolitics (region=OTHER score=50) :: "Motor de la economía..."
[DROP] low_geopolitics (region=OTHER score=50) :: "Julio Hernández López: Astillero..."
[DROP] low_geopolitics (region=OTHER score=50) :: "Luis Linares Zapata: Voces y opiniones uniformes..."
[DROP] low_geopolitics (region=OTHER score=50) :: "Detienen a dos abogados por la desaparición de los..."
[DROP] low_geopolitics (region=OTHER score=50) :: "Condena nacional obliga a Trump a “desescalar” su ..."
[DROP] low_geopolitics (region=OTHER score=50) :: "Otro día bajo cero..."
[DROP] low_geopolitics (region=OTHER score=50) :: "La asistencia a la isla continuará, expresa legisl..."
[DROP] low_geopolitics (region=OTHER score=50) :: "Sueño inadecuado de adolescentes creció 60% en 12 ..."
[DROP] low_geopolitics (region=OTHER score=50) :: "Neil Young da a Groenlandia acceso gratuito a su c..."
[DROP] low_geopolitics (region=OTHER score=50) :: "Combate a la evasión fiscal incrementa 424% la det..."
[DROP] low_geopolitics (region=OTHER score=50) :: "Pese al crudo invierno, en Topilejo las actividade..."
[DROP] low_geopolitics (region=OTHER score=50) :: "También en EU, acelerado envejecimiento de la pobl..."
[DROP] low_geopolitics (region=OTHER score=50) :: "Sin consenso de partidos aliados, no habrá reforma..."
[DROP] low_geopolitics (region=OTHER score=50) :: "Distinguen a John Womack y a Ascensión Hernández T..."
[DROP] low_geopolitics (region=OTHER score=50) :: "El Café Central, el templo del jazz en Madrid, evi..."
[DROP] low_geopolitics (region=OTHER score=50) :: "Récord en la BMV; el peso, en su mejor nivel en 20..."
[DROP] low_geopolitics (region=OTHER score=50) :: "Honran diplomáticos a Rubén Darío en el Parque Amé..."
[DROP] low_geopolitics (region=OTHER score=50) :: "Chelerías clandestinas agudizan la violencia en Xo..."
[DROP] low_geopolitics (region=OTHER score=50) :: "Compras de fertilizantes  a China se dispararon 12..."
[DROP] low_geopolitics (region=OTHER score=50) :: "Se pronuncian Lula y Macron por fortalecer  a la O..."
[DROP] low_geopolitics (region=OTHER score=50) :: "Emilio Payán: La forma como resistencia..."
[DROP] low_geopolitics (region=OTHER score=50) :: "Marilena Chaui*: Contra la calumnia..."
[DROP] low_geopolitics (region=OTHER score=50) :: "Señala sindicato silencio de SICT sobre segundo pa..."
[DROP] low_geopolitics (region=OTHER score=50) :: "Educación sobre desastres en Indonesia..."
[DROP] low_geopolitics (region=OTHER score=50) :: "Ecuador acusa intento del ICE de ingresar a  su co..."
[DROP] low_geopolitics (region=OTHER score=50) :: "Víctor M. Quintana S.: Mineápolis está en el sur..."
[DROP] low_geopolitics (region=OTHER score=50) :: "Obras y lluvias contribuyen al rescate de 500 hect..."
[DROP] low_geopolitics (region=OTHER score=50) :: "El Correo Ilustrado..."
[DROP] low_geopolitics (region=OTHER score=50) :: "A la baja, la cifra de casos activos de sarampión:..."
[DROP] low_geopolitics (region=OTHER score=50) :: "Seguridad Ciudadana..."
[DROP] DUP_TOPIC :: "Decisión de Pemex, cuándo y cómo enviar crudo a Cu..."
[DROP] low_geopolitics (region=OTHER score=50) :: "Rompe Philip Glass con el Kennedy Center tras impl..."
[DROP] low_geopolitics (region=OTHER score=50) :: "Efímero disfrute de escaleras nuevas en el Metro; ..."
[DROP] low_geopolitics (region=OTHER score=50) :: "Exhibe Sheinbaum lujos de la otra Corte tras debat..."
[DROP] low_geopolitics (region=OTHER score=50) :: "Otorgan a David Toscana el Premio Alfaguara de nov..."
[DROP] low_geopolitics (region=OTHER score=50) :: "Construirán la Universidad de las Artes en lo que ..."
[DROP] low_geopolitics (region=OTHER score=50) :: "Retraso en visas no detiene a los aficionados sin ..."
[DROP] low_geopolitics (region=OTHER score=50) :: "Durazo supervisa hospital del IMSS  en Navojoa; re..."
[DROP] low_geopolitics (region=OTHER score=50) :: "Denuncian a EU familiares de abatidos en ataques a..."
[DROP] low_geopolitics (region=OTHER score=50) :: "Políticas de Trump afectan a millones de familias ..."
[DROP] low_geopolitics (region=OTHER score=50) :: "Ricardo Yáñez: Isocronías..."
[DROP] low_geopolitics (region=OTHER score=50) :: "México entre los 10 países que más basura electrón..."
[DROP] low_geopolitics (region=OTHER score=50) :: "Exportaciones crecen 7.6% y logran nivel récord: I..."
[DROP] low_geopolitics (region=OTHER score=50) :: "“El Mundial es de todos y debemos mantener ese esp..."
[DROP] low_geopolitics (region=OTHER score=50) :: "Confirman motivos políticos atrás de protestas ani..."
[DROP] low_geopolitics (region=OTHER score=50) :: "Desde el lunes arrestaron al maquinista en Chiapas..."
[DROP] low_geopolitics (region=OTHER score=50) :: "Alfredo Jalife-Rahme: Bajo la lupa..."
[DROP] low_geopolitics (region=OTHER score=50) :: "Ana María Aragonés: Canadá, punto de inflexión par..."
[DROP] low_geopolitics (region=OTHER score=50) :: "El ejército ciego, fragmento..."
[DROP] low_geopolitics (region=OTHER score=50) :: "Analiza la Presidenta invitación a Junta de Paz..."
[DROP] low_geopolitics (region=OTHER score=50) :: "El CCH Sur reanuda clases presenciales, a 4 meses ..."
[DROP] low_geopolitics (region=OTHER score=50) :: "Más de 460 mil personas vigilaron 134 mil mdp de p..."
[DROP] low_geopolitics (region=OTHER score=50) :: "Trabajadores de AMHSA piden recalcular montos de p..."
[DROP] low_geopolitics (region=OTHER score=50) :: "Quiebra de First Brand en EU impacta a varias fili..."
[DROP] low_geopolitics (region=OTHER score=50) :: "La sombra del ICE se extiende por el Supertazón y ..."
[DROP] low_geopolitics (region=OTHER score=50) :: "Comprará Salud insulina de nueva generación para 2..."
[DROP] low_geopolitics (region=OTHER score=50) :: "American Doctor, el documental que cuenta la bruta..."
[DROP] low_geopolitics (region=OTHER score=50) :: "Anuncian inversión de 11 mil 257 mdp en 816 equipo..."
[DROP] low_geopolitics (region=OTHER score=50) :: "El Fisgón..."
[DROP] low_geopolitics (region=OTHER score=50) :: "Rocha..."
[DROP] low_geopolitics (region=OTHER score=50) :: "Hernández..."
[DROP] low_geopolitics (region=OTHER score=50) :: "Italy gets first Lynx fighting vehicles, due to re..."
[DROP] low_geopolitics (region=OTHER score=50) :: "Russia attacked my hotel as I slept – this is Ukra..."
[DROP] low_geopolitics (region=OTHER score=50) :: "En Espagne, le gouvernement décide de régulariser ..."
[DROP] low_geopolitics (region=OTHER score=50) :: "Israeli raids across West Bank leave one dead and ..."
[DROP] low_geopolitics (region=OTHER score=50) :: "Russian volcano puts on display in latest eruption..."
[DROP] low_geopolitics (region=OTHER score=50) :: "‘Air conditioners are struggling’: parts of NSW, Q..."
[DROP] low_geopolitics (region=OTHER score=50) :: "Is South Korea’s ‘metropolitan visa’ for shipbuild..."
[DROP] low_geopolitics (region=OTHER score=50) :: "Indian-origin CEO reacts to co-founder flying 16 h..."
[DROP] low_geopolitics (region=OTHER score=50) :: "China Approves Purchases of Nvidia’s H200 Chip, Ea..."
[DROP] DUP_TOPIC :: "Iran rejects talks with US amid military ‘threats’..."
[DROP] low_geopolitics (region=OTHER score=50) :: "Javier Ambrossi se sincera sobre su separación de ..."
[DROP] low_geopolitics (region=OTHER score=50) :: "Malaysia football officials quit over foreign-born..."
[DROP] low_geopolitics (region=OTHER score=50) :: "Liberia: Who Leaked the President's Speech?..."
[DROP] low_geopolitics (region=OTHER score=50) :: "Russia ready to respond to US if New START Treaty ..."
[DROP] low_geopolitics (region=OTHER score=50) :: "Court rejects retrial request for executed man bel..."
[DROP] low_geopolitics (region=OTHER score=50) :: "Drought in the east, floods in the south: Africa b..."
[DROP] low_geopolitics (region=OTHER score=50) :: "Ecuador Protests ICE Attempt to Enter Minneapolis ..."
[DROP] low_geopolitics (region=OTHER score=50) :: "Dai tumori la chiave per rigenerare i nervi e il m..."
[DROP] low_geopolitics (region=OTHER score=50) :: "Cinco universidades españolas están entre las 100 ..."
[DROP] low_geopolitics (region=OTHER score=50) :: "1.6 million cubic metres of fake snow are ready fo..."
[DROP] low_geopolitics (region=OTHER score=50) :: "Region on watch as India declares Nipah virus outb..."
[DROP] low_geopolitics (region=OTHER score=50) :: "« La libération de l’historien Iouri Dmitriev est ..."
[DROP] DUP_URL :: "Sheinbaum defiende “soberanía” de México sobre env..."
[DROP] low_geopolitics (region=OTHER score=50) :: "The US is working on cheaper munitions. Should Chi..."
[DROP] low_geopolitics (region=OTHER score=50) :: "El Mañanero del 28 de enero: Madres de presos polí..."
[DROP] DUP_TOPIC :: "Turkey urges US to resolve Iran disputes one by on..."
[DROP] low_geopolitics (region=OTHER score=50) :: "Two tankers attacked near CPC were not part of 'sh..."
[DROP] low_geopolitics (region=OTHER score=50) :: "Honduras: Asfura asumió la Presidencia prometiendo..."
[DROP] low_geopolitics (region=OTHER score=50) :: "Few women on Japan's election ballot..."
[DROP] low_geopolitics (region=OTHER score=50) :: "Death of Filipino in Russia-Ukraine war sparks fea..."
[DROP] low_geopolitics (region=OTHER score=50) :: "Teherán: en el Gran Bazar, todos conocen a alguien..."
[DROP] low_geopolitics (region=OTHER score=50) :: "Heavy rainfall causes flooding across France’s Bri..."
[DROP] low_geopolitics (region=OTHER score=50) :: "Hong Kong’s Exchange Fund reports record earnings ..."
[DROP] low_geopolitics (region=OTHER score=50) :: "Warning over AI threats as Hong Kong hit by record..."
[DROP] low_geopolitics (region=OTHER score=50) :: "Neil Young offers Greenlanders free access to his ..."
[DROP] DUP_TOPIC :: "Trump’s Middle East armada aims to exert maximum p..."
[DROP] low_geopolitics (region=OTHER score=50) :: "Trump's first reaction to Ilhan Omar being attacke..."
[DROP] low_geopolitics (region=OTHER score=50) :: "South Korea's ex-first lady jailed for 20 months f..."
[DROP] low_geopolitics (region=OTHER score=50) :: "Exclusive: EU-India deal shows 'reliable partners ..."
[DROP] low_geopolitics (region=OTHER score=50) :: "Video: Israeli settlers carry out arson attacks in..."
[DROP] low_geopolitics (region=OTHER score=50) :: "Iraq faces return of ex-PM linked to 'Islamic Stat..."
[DROP] low_geopolitics (region=OTHER score=50) :: "Gobierno de México compra más de 800 equipos de al..."
[DROP] low_geopolitics (region=OTHER score=50) :: "Atacan con una sustancia desconocida a Ilhan Omar,..."
[DROP] low_geopolitics (region=OTHER score=50) :: "Israel to hold funeral for last hostage recovered ..."
[DROP] low_geopolitics (region=OTHER score=50) :: "Europe forced to consider NATO without US because ..."
[DROP] low_geopolitics (region=OTHER score=50) :: "On EV targets, Europe should take a page from Chin..."
[DROP] low_geopolitics (region=OTHER score=50) :: "Qué santo se recuerda hoy, 28 de enero: Santo Tomá..."
[DROP] low_geopolitics (region=OTHER score=50) :: "De "lavar los platos" al "uno a uno": las frases d..."
[DROP] low_geopolitics (region=OTHER score=50) :: "Tragedia del Challenger: cómo un fallo en la junta..."
[DROP] low_geopolitics (region=OTHER score=50) :: "En Afrique, ces crises humanitaires guettées par l..."
[DROP] low_geopolitics (region=OTHER score=50) :: "The Woman Who Stands Between Donald Trump and Gree..."
[DROP] low_geopolitics (region=OTHER score=50) :: "Moscow gets 20% of its monthly precipitation in on..."
[DROP] low_geopolitics (region=OTHER score=50) :: "Space toilet system for Russian lunar lander ready..."
[DROP] low_geopolitics (region=OTHER score=50) :: "Food consumption tax cut plans have parties crunch..."
[DROP] low_geopolitics (region=OTHER score=50) :: "Watch: Scientists create the most detailed dark ma..."
[DROP] low_geopolitics (region=OTHER score=50) :: "Social Security payment today: Who gets paid on Ja..."
[DROP] low_geopolitics (region=OTHER score=50) :: "South Sudan launches offensive against opposition ..."
[DROP] low_geopolitics (region=OTHER score=50) :: "French Senate to vote on assisted dying as end-of-..."
[DROP] low_geopolitics (region=OTHER score=50) :: "Car with 10 Chinese tourists flips on Lake Baikal ..."
[DROP] low_geopolitics (region=OTHER score=50) :: "Senior Biden aide demands ‘thank you’ for US role ..."
[DROP] low_geopolitics (region=OTHER score=50) :: "Novak Djokovic sets up Australian Open 2026 semifi..."
[DROP] low_geopolitics (region=OTHER score=50) :: "Cuatro heridos en el derrumbe de una casa en Vilan..."
[DROP] low_geopolitics (region=OTHER score=50) :: "Russian stock indices up at start of main trading ..."
[DROP] low_geopolitics (region=OTHER score=50) :: "Zelensky condemns Russian drone strike that killed..."
[DROP] DUP_TOPIC :: "As US naval strike force sails near Iran, Trump fa..."
[DROP] low_geopolitics (region=OTHER score=50) :: "Trump Tracker: How the US is rolling back back cli..."
[DROP] low_geopolitics (region=OTHER score=50) :: "Newsletter: Costa vouches for ‘cooperation over co..."
[DROP] low_geopolitics (region=OTHER score=50) :: "China promete seguir apoyando a Cuba “dentro de su..."
[DROP] low_geopolitics (region=OTHER score=50) :: "Historic EU-India trade deal to slash auto tariffs..."
[DROP] low_geopolitics (region=OTHER score=50) :: "Ukraine tries to attack Crimea’s Sevastopol twice,..."
[DROP] low_geopolitics (region=OTHER score=50) :: "Fire breaks out at luxury hotel in French Alps; sc..."
[DROP] low_geopolitics (region=OTHER score=50) :: "University of Tokyo Hospital head resigns over rec..."
[DROP] low_geopolitics (region=OTHER score=50) :: "Authorities to seek public views on walkway for Ne..."
[DROP] DUP_TOPIC :: "Mexican president says her country has paused oil ..."
[DROP] low_geopolitics (region=OTHER score=50) :: "Russian-Indian Milan 2026 naval exercise in Indian..."
[DROP] low_geopolitics (region=OTHER score=50) :: "Hong Kong to test firefighting drones in pilot sch..."
[DROP] low_geopolitics (region=OTHER score=50) :: "Names of Russian participants in 2026 Winter Olymp..."
[DROP] low_geopolitics (region=OTHER score=50) :: "¿Por qué preocupan los cambios en el volcán mexica..."
[DROP] low_geopolitics (region=OTHER score=50) :: "Smoke erupts from NASA plane as it touches down in..."
[DROP] low_geopolitics (region=OTHER score=50) :: "Palestine Action Group plans ‘national day of prot..."
[DROP] low_geopolitics (region=OTHER score=50) :: "Trump’s tariffs, plans for Greenland breach NATO c..."
[DROP] low_geopolitics (region=OTHER score=50) :: "Accord sur les migrants : le Rwanda poursuit le Ro..."
[DROP] low_geopolitics (region=OTHER score=50) :: "Did Alex Pretti quit Minneapolis VA hospital befor..."
[DROP] low_geopolitics (region=OTHER score=50) :: "FACTBOX: Oil products ablaze as 75 drones hit Russ..."
[DROP] low_geopolitics (region=OTHER score=50) :: "El asesino confeso del niño en Sueca declara al ju..."
[DROP] low_geopolitics (region=OTHER score=50) :: "Japan, Canada sign agreement on exchange of defens..."
[DROP] low_geopolitics (region=OTHER score=50) :: "Africa: All of Africa Today - January 28, 2025..."
[DROP] low_geopolitics (region=OTHER score=50) :: "Iran executes man accused of spying for Israel..."
[DROP] low_geopolitics (region=OTHER score=50) :: "Russia accused of ‘terrorism’ as five killed in at..."
[DROP] low_geopolitics (region=OTHER score=50) :: "Nipah cases in India raise regional anxiety but ex..."
[DROP] low_geopolitics (region=OTHER score=50) :: "Incendie à Crans-Montana : l’enquête provoque une ..."
[DROP] low_geopolitics (region=OTHER score=50) :: "Encuesta del CIEP: Juan Carlos Hidalgo supera el m..."
[DROP] low_geopolitics (region=OTHER score=50) :: "Macron hosts Denmark and Greenland leaders in show..."
[DROP] low_geopolitics (region=OTHER score=50) :: "Japan and Belgium celebrate 160 years of diplomati..."
[DROP] low_geopolitics (region=OTHER score=50) :: "'Meant what I said': Canada's Mark Carney stands b..."
[DROP] low_geopolitics (region=OTHER score=50) :: "Can Europe catch up with AI? What is Brussels doin..."
[DROP] low_geopolitics (region=OTHER score=50) :: "Nipah virus alarms China, semiconductor fibre brea..."
[DROP] low_geopolitics (region=OTHER score=50) :: "Starmer says Reform pursuing politics of ‘toxic di..."
[DROP] low_geopolitics (region=OTHER score=50) :: "Zubr system effectively counters small UAVs — Rost..."
[DROP] low_geopolitics (region=OTHER score=50) :: "Trump’s Nuclear Weapons Tests Threaten Breach with..."
[DROP] low_geopolitics (region=OTHER score=50) :: "Breaking Things: A Proposal of Resistance..."
[DROP] low_geopolitics (region=OTHER score=50) :: "Doing Well by Doing Good: Dump Your American Stock..."
[DROP] low_geopolitics (region=OTHER score=50) :: "A year into Trump presidency, ‘pivot to China’ gat..."
[DROP] low_geopolitics (region=OTHER score=50) :: "Minnesota Murders Shoot a Hole in the Overton Wind..."
[DROP] low_geopolitics (region=OTHER score=50) :: "South Korea’s former first lady jailed 20 months f..."
[DROP] low_geopolitics (region=OTHER score=50) :: "Finance, Not Trade, Runs the Global Economy..."
[DROP] low_geopolitics (region=OTHER score=50) :: "Former South Korean first lady sentenced to 20 mon..."
[DROP] low_geopolitics (region=OTHER score=50) :: "The ‘Rules Based Order’ Has Always Been a Farce..."
[DROP] low_geopolitics (region=OTHER score=50) :: "The United States of Consumption..."
[DROP] low_geopolitics (region=OTHER score=50) :: "Russian military receive first Zubr anti-drone sys..."
[DROP] low_geopolitics (region=OTHER score=50) :: "ICE as Paramilitaries..."
[DROP] low_geopolitics (region=OTHER score=50) :: "Spain will grant legal status to immigrants lackin..."
[DROP] low_geopolitics (region=OTHER score=50) :: "Our Expanding Immigration-Control Tyranny..."
[DROP] low_geopolitics (region=OTHER score=50) :: "Hong Kong’s US$8 billion wealth fund eyes fintech,..."
[DROP] low_geopolitics (region=OTHER score=50) :: "Russia strikes passenger train in Ukraine, killing..."
[DROP] low_geopolitics (region=OTHER score=50) :: "‘Anne Frank was in Amsterdam legally’: Trump antis..."
[DROP] low_geopolitics (region=OTHER score=50) :: "Netflix Japan lays out 2026 slate of anime, adapta..."
[DROP] low_geopolitics (region=OTHER score=50) :: "MND Local: Public works and garbage consternation ..."
[DROP] low_geopolitics (region=OTHER score=50) :: "Brazil declares acai a national fruit to ward off ..."
[DROP] low_geopolitics (region=OTHER score=50) :: "Dispatch from Minneapolis..."
[DROP] low_geopolitics (region=OTHER score=50) :: "Japanese electronics unions to demand pay scale hi..."
[DROP] low_geopolitics (region=OTHER score=50) :: "The EU is seeking new trade partnerships. Here's w..."
[DROP] low_geopolitics (region=OTHER score=50) :: "¿Qué significa que el riesgo país haya disminuido ..."
[DROP] low_geopolitics (region=OTHER score=50) :: "South Korea’s ex-first lady Kim Keon-hee gets 20 m..."
[DROP] low_geopolitics (region=OTHER score=50) :: "Court orders government to pay damages to relative..."
[DROP] low_geopolitics (region=OTHER score=50) :: "Europe Today: Exclusive interview with European Co..."
[DROP] low_geopolitics (region=OTHER score=50) :: "Africa’s Health Crisis Isn’t a Mystery..."
[DROP] low_geopolitics (region=OTHER score=50) :: "Major US sports arena becomes first to start selli..."
[DROP] low_geopolitics (region=OTHER score=50) :: "Benyamin Nétanyahou trouble la communauté juive au..."
[DROP] low_geopolitics (region=OTHER score=50) :: "A string of scandals and luxury handbags: Who is S..."
[DROP] low_geopolitics (region=OTHER score=50) :: "Release Youth Community Leader Chantal Anicoche fr..."
[DROP] low_geopolitics (region=OTHER score=50) :: "Will Kristi Noem be fired? Republicans and Democra..."
[DROP] low_geopolitics (region=OTHER score=50) :: "The West and Ukraine are capsizing Russia’s shadow..."
[DROP] low_geopolitics (region=OTHER score=50) :: "Encuesta del CIEP: Partidos de Claudia Dobles y Ju..."
[DROP] low_geopolitics (region=OTHER score=50) :: "Lots of world leaders are attacking Europe. Why?..."
[DROP] low_geopolitics (region=OTHER score=50) :: "Japan is considering nuclear subs. But are they wo..."
[DROP] low_geopolitics (region=OTHER score=50) :: "MND Local: Puerto Vallarta sees protests at Los Ar..."
[DROP] low_geopolitics (region=OTHER score=50) :: "Crédito bancario al sector privado crece 7.6% en e..."
[DROP] low_geopolitics (region=OTHER score=50) :: "US conditions funding to global vaccine group Gavi..."
[DROP] low_geopolitics (region=OTHER score=50) :: "La confrontación..."
[DROP] low_geopolitics (region=OTHER score=50) :: "Empleada de Repretel arrebata celular a periodista..."
[DROP] low_geopolitics (region=OTHER score=50) :: "Polarización y decesos sacuden a Minesota..."
[DROP] low_geopolitics (region=OTHER score=50) :: "Luces de desarrollo: cuando la solución empieza es..."
[DROP] low_geopolitics (region=OTHER score=50) :: "Los demócratas de la Cámara de Representantes inve..."
[DROP] low_geopolitics (region=OTHER score=50) :: "Así es como su dieta puede facilitar el riesgo de ..."
[DROP] low_geopolitics (region=OTHER score=50) :: "ICE's role at Winter Olympics prompts anger in Ita..."
[DROP] low_geopolitics (region=OTHER score=50) :: "Esperando a Godot..."
[DROP] low_geopolitics (region=OTHER score=50) :: "Perspectivas económicas mundiales..."
[DROP] low_geopolitics (region=OTHER score=50) :: "Want to book a bargain holiday? Try Skyscanner’s n..."
[DROP] low_geopolitics (region=OTHER score=50) :: "El quetzal se devaluó 7.895%..."
[DROP] low_geopolitics (region=OTHER score=50) :: "La cuenta regresiva que ya se inició..."
[DROP] low_geopolitics (region=OTHER score=50) :: "Dudas por la legitimidad del CSU de la Usac empaña..."
[DROP] low_geopolitics (region=OTHER score=50) :: "Horóscopo de hoy miércoles 28 de enero de 2026..."
[DROP] low_geopolitics (region=OTHER score=50) :: "Latest news bulletin | January 28th, 2026 – Mornin..."
[DROP] low_geopolitics (region=OTHER score=50) :: "Sea levels are rising across the world. But in Gre..."
[DROP] low_geopolitics (region=OTHER score=50) :: "What do we know about the Nipah virus cases in Ind..."
[DROP] low_geopolitics (region=OTHER score=50) :: "US space start-up begins taking bookings for an in..."
[DROP] low_geopolitics (region=OTHER score=50) :: "China new blind box series features cute muyu-insp..."
[DROP] low_geopolitics (region=OTHER score=50) :: "Europe's most expensive and cheapest countries for..."
[DROP] low_geopolitics (region=OTHER score=50) :: "¿Se pueden construir edificios de más de 40 pisos ..."
[DROP] DUP_TOPIC :: "How Iran Crushed an Uprising..."
[DROP] low_geopolitics (region=OTHER score=50) :: "Polish army not yet ready for hybrid military conf..."
[DROP] low_geopolitics (region=OTHER score=50) :: "Top Malaysian football officials quit over foreign..."
[DROP] low_geopolitics (region=OTHER score=50) :: "Thai parties tap nationalist mood as Cambodia clas..."
[DROP] low_geopolitics (region=OTHER score=50) :: "Hacer un mundo mejor por medio de la educación..."
[DROP] low_geopolitics (region=OTHER score=50) :: "Zelensky wants to disrupt peace talks with terrori..."
[DROP] low_geopolitics (region=OTHER score=50) :: "Ilhan Omar says ‘I’m a survivor’ after town hall a..."
[DROP] low_geopolitics (region=OTHER score=50) :: "Trump aide Stephen Miller says Minneapolis agents ..."
[DROP] low_geopolitics (region=OTHER score=50) :: "Malaysians lampoon minister over stress-gay link: ..."
[DROP] low_geopolitics (region=OTHER score=50) :: "Canada: Two Indians arrested in connection with sh..."
[DROP] low_geopolitics (region=OTHER score=50) :: "Kiev concentrates mercenary forces near Kupyansk —..."
[DROP] low_geopolitics (region=OTHER score=50) :: "Congreso aprueba ampliación presupuestaria por Q9 ..."
[DROP] low_geopolitics (region=OTHER score=50) :: "Qué regalar a una mujer en San Valentín: 20 ideas ..."
[DROP] low_geopolitics (region=OTHER score=50) :: "Encuesta del CIEP: Laura Fernández llega al 44%; C..."
[DROP] low_geopolitics (region=OTHER score=50) :: "North Korean ex-envoy on Kim Jong-un’s ‘decapitati..."
[DROP] low_geopolitics (region=OTHER score=50) :: "Hong Kong authorities consider legal action after ..."
[DROP] low_geopolitics (region=OTHER score=50) :: "Are AI glitches and scattered suppliers just a sto..."
[DROP] low_geopolitics (region=OTHER score=50) :: "Hong Kong home prices snap 3-year downturn as rent..."
[DROP] low_geopolitics (region=OTHER score=50) :: "Namibia: Over 1,000 Namibian Pupils Left Without S..."
[DROP] low_geopolitics (region=OTHER score=50) :: "Uganda: Winnie Byanyima Accuses Baryomunsi of Lyin..."
[DROP] low_geopolitics (region=OTHER score=50) :: "Alcaraz busca coronarse en el Open de Australia y ..."
[DROP] low_geopolitics (region=OTHER score=50) :: "Canada’s ministers attend India’s Republic Day fun..."
[DROP] low_geopolitics (region=OTHER score=50) :: "ORIGINS OF THE ANTHROPOCENE: Part 2: Human-wildlif..."
[DROP] low_geopolitics (region=OTHER score=50) :: "Peajes urbanos y el dilema de movilidad futura..."
[DROP] low_geopolitics (region=OTHER score=50) :: "El colapso de la República de Weimar (III)..."
[DROP] low_geopolitics (region=OTHER score=50) :: "Cartas a Quito / 28 de enero de 2026..."
[DROP] low_geopolitics (region=OTHER score=50) :: "Man sprays U.S. lawmaker Ilhan Omar with liquid, d..."
[DROP] low_geopolitics (region=OTHER score=50) :: "Rubio to meet with Machado at Department of State..."
[DROP] low_geopolitics (region=OTHER score=50) :: "Clamor is growing in Europe to boycott Trump’s Wor..."
[DROP] DUP_TOPIC :: "Venezuela to resolve differences with US diplomati..."
[DROP] low_geopolitics (region=OTHER score=50) :: "Kenya: Govt Moves to Clear NHIF Legacy Bills to Pr..."
[DROP] low_geopolitics (region=OTHER score=50) :: "PREVIEW: Putin to receive Syrian interim leader..."
[DROP] low_geopolitics (region=OTHER score=50) :: "Tails of the city: San Francisco’s latest animal s..."
[DROP] low_geopolitics (region=OTHER score=50) :: "El Salvador y Argentina integran la Junta de Paz d..."
[DROP] low_geopolitics (region=OTHER score=50) :: "Ukraine war military casualties ‘near 2 million’ a..."
[DROP] low_geopolitics (region=OTHER score=50) :: "Starmer planta cara a los grandes propietarios y r..."
[DROP] low_geopolitics (region=OTHER score=50) :: "El acuerdo comercial con la India abre un mercado ..."
[DROP] low_geopolitics (region=OTHER score=50) :: "Albin Kurti, el antiguo agitador que podría llevar..."
[DROP] DUP_TOPIC :: "Las negociaciones sobre Ucrania llegan a su moment..."
[DROP] low_geopolitics (region=OTHER score=50) :: "Los soldados que fallecieron en la guerra de Afgan..."
[DROP] low_geopolitics (region=OTHER score=50) :: "La batalla por los cielos redefine la guerra en Su..."
[DROP] low_geopolitics (region=OTHER score=50) :: "Amazon bungles Wednesday layoff plan with misfired..."
[DROP] low_geopolitics (region=OTHER score=50) :: "Juan Carlos Hidalgo muestra folleto con pacto entr..."
[DROP] low_geopolitics (region=OTHER score=50) :: "Debate Repretel-Noticias Monumental: Qué dijeron y..."
[DROP] low_geopolitics (region=OTHER score=50) :: "Workers protest over unpaid wages for renovation l..."
[DROP] low_geopolitics (region=OTHER score=50) :: "Trump says Alex Pretti should not have carried gun..."
[DROP] DUP_TOPIC :: ""Es una conexión con el pasado": los cubanos march..."
[DROP] low_geopolitics (region=OTHER score=50) :: "Alpaca in Britain gets mirror for company after pe..."
[DROP] low_geopolitics (region=OTHER score=50) :: "El tramo del choque de trenes de Adamuz tenía otra..."
[DROP] low_geopolitics (region=OTHER score=50) :: "La investigación de Adamuz pondrá el foco en una d..."
[DROP] low_geopolitics (region=OTHER score=50) :: "Recorremos dos líneas de Rodalies: “Cuando vuelven..."
[DROP] low_geopolitics (region=OTHER score=50) :: "Minneapolis: una ciudad que resiste a Trump, tres ..."
[DROP] low_geopolitics (region=OTHER score=50) :: "‘Cuando nadie me ve’: el quiero y no debo de Aleja..."
[DROP] low_geopolitics (region=OTHER score=50) :: "Regularización, al fin..."
[DROP] low_geopolitics (region=OTHER score=50) :: "El debate | ¿Está sobrecargada la red de alta velo..."
[DROP] low_geopolitics (region=OTHER score=50) :: "El Roto: red de samaritanos..."
[DROP] low_geopolitics (region=OTHER score=50) :: "Un verbo de prestigio pero engañoso..."
[DROP] low_geopolitics (region=OTHER score=50) :: "El mal es el bien: la lógica de Trump..."
[DROP] low_geopolitics (region=OTHER score=50) :: "Si yo fuera uno de esos inmigrantes..."
[DROP] low_geopolitics (region=OTHER score=50) :: "Aburrirse engorda y otras cosas que hay que saber ..."
[DROP] low_geopolitics (region=OTHER score=50) :: "El PP exprime en Aragón el discurso del agravio fr..."
[DROP] low_geopolitics (region=OTHER score=50) :: "En clase con mantas, guantes y bufandas ante la fa..."
[DROP] low_geopolitics (region=OTHER score=50) :: "Joan Romero, el profesor que escapó del campo por ..."
[DROP] low_geopolitics (region=OTHER score=50) :: "Rachid B, el migrante anónimo que terminó en las l..."
[DROP] low_geopolitics (region=OTHER score=50) :: "Lluny del caos de Rodalies..."
[DROP] low_geopolitics (region=OTHER score=50) :: "El instituto Vila de Gràcia se moviliza en contra ..."
[DROP] low_geopolitics (region=OTHER score=50) :: "Familiares de muertos en la guerra contra las drog..."
[DROP] low_geopolitics (region=OTHER score=50) :: "El duro invierno de José Mourinho en el Benfica, a..."
[DROP] low_geopolitics (region=OTHER score=50) :: "Dani Olmo, el jugador polifuncional que lleva seis..."
[DROP] low_geopolitics (region=OTHER score=50) :: "Óscar Mulero, ‘dj’ y productor: “Ahora se usa la e..."
[DROP] low_geopolitics (region=OTHER score=50) :: "Cien años del ‘Plus Ultra’, la primera travesía tr..."
[DROP] low_geopolitics (region=OTHER score=50) :: "La Reserva Federal prepara una pausa en las rebaja..."
[DROP] low_geopolitics (region=OTHER score=50) :: "La finca del duque de Hastings, la tienda de Madam..."
[DROP] low_geopolitics (region=OTHER score=50) :: "20 zapatos que brillan: el satén se rinde a nuestr..."
[DROP] low_geopolitics (region=OTHER score=50) :: "Recta final del Constitucional sobre Puigdemont y ..."
[DROP] low_geopolitics (region=OTHER score=50) :: "El piano como herramienta contra la soledad en el ..."
[DROP] low_geopolitics (region=OTHER score=50) :: "Los jóvenes que intentan desintoxicarse de los móv..."
[DROP] low_geopolitics (region=OTHER score=50) :: "El Athletic afronta ante el Sporting un partido cl..."
[DROP] low_geopolitics (region=OTHER score=50) :: "De Teherán a Marbella, un viaje entre la crueldad ..."
[DROP] low_geopolitics (region=OTHER score=50) :: "Diez años sin álbum no han silenciado a Rihanna: l..."
[DROP] low_geopolitics (region=OTHER score=50) :: "Pol Guasch, escritor: “Hablar del suicidio te alej..."
[DROP] low_geopolitics (region=OTHER score=50) :: "LAM, el museo que expone una máquina de chicles ma..."
[DROP] low_geopolitics (region=OTHER score=50) :: "He probado las mejores freidoras de aire que puede..."
[DROP] low_geopolitics (region=OTHER score=50) :: "Claves de Doctora Pérfida para identificar relacio..."
[DROP] low_geopolitics (region=OTHER score=50) :: "Esfuerzo, serenidad, compromiso y otros consejos p..."
[DROP] low_geopolitics (region=OTHER score=50) :: "Hoteles para el público LGTBI que quieren llegar a..."
[DROP] low_geopolitics (region=OTHER score=50) :: "AMABHUNGANE: PetroSA’s R3.5bn ‘raid’ on student fu..."
[DROP] low_geopolitics (region=OTHER score=50) :: "Kansai's first pro ice hockey team chases fans and..."
[DROP] low_geopolitics (region=OTHER score=50) :: "Ariel Robles destapa que candidato a diputado de L..."
[DROP] low_geopolitics (region=OTHER score=50) :: "Stable genius? How a defective ‘crying horse’ toy ..."
[DROP] low_geopolitics (region=OTHER score=50) :: "Did ICE agents leave 'racist death cards' in vehic..."
[DROP] low_geopolitics (region=OTHER score=50) :: "Japan-born pandas Xiao Xiao and Lei Lei arrive hom..."
[DROP] low_geopolitics (region=OTHER score=50) :: "Para que la comunidad de motoristas ruede con conf..."
[DROP] low_geopolitics (region=OTHER score=50) :: "Así ha elevado el tono el PP tras el luto por el a..."
[DROP] low_geopolitics (region=OTHER score=50) :: "Economía e Industria desatascan las ayudas al eléc..."
[DROP] low_geopolitics (region=OTHER score=50) :: ""Familias endeudadas hasta el cuello": Argentina r..."
[DROP] low_geopolitics (region=OTHER score=50) :: "Anthony Kazmierczak: Ilhan Omar attacker's alleged..."
[DROP] DUP_TOPIC :: "Venezuela recibe 200 millones de dólares más por v..."
[DROP] DUP_TOPIC :: "La Unesco llevará apoyo socioemocional y educativo..."
[DROP] low_geopolitics (region=OTHER score=50) :: "Taiwan’s defence ministry slams TPP’s ‘unworkable’..."
[DROP] DUP_TOPIC :: "Can Venezuela’s Delcy Rodríguez become a Latin Ame..."
[DROP] low_geopolitics (region=OTHER score=50) :: "Las personas que dejan el brik de leche vacío en l..."
[DROP] low_geopolitics (region=OTHER score=50) :: "Magdalenas de calabaza y cacao, un giro fácil a un..."
[DROP] low_geopolitics (region=OTHER score=50) :: "Los préstamos del Biess cayeron en 2025 en Ecuador..."
[DROP] low_geopolitics (region=OTHER score=50) :: "Marco Rubio: “Estados Unidos usará la fuerza si Ro..."
[DROP] low_geopolitics (region=OTHER score=50) :: "¿Cuándo es el Super Bowl 2026? Detalles del duelo ..."
[DROP] low_geopolitics (region=OTHER score=50) :: "Laura Fernández a Natalia Díaz: ‘Usted prefirió qu..."
[DROP] low_geopolitics (region=OTHER score=50) :: "The age of ‘middle powers,’ hegemons and hypocrite..."
[DROP] low_geopolitics (region=OTHER score=50) :: "La presencia militar de EEUU aumenta la tensión en..."
[DROP] low_geopolitics (region=OTHER score=50) :: "Wayne State University shooting: Shelter in place ..."
[DROP] low_geopolitics (region=OTHER score=50) :: "Mauricio Wright revela una queja que le compartió ..."
[DROP] low_geopolitics (region=OTHER score=50) :: "Mom describes heartbreaking moment she tried rescu..."
[DROP] low_geopolitics (region=OTHER score=50) :: "Netflix: “Something very bad is going to happen”, ..."
[DROP] low_geopolitics (region=OTHER score=50) :: "Neil Young offers Greenlanders free access to his ..."
[DROP] low_geopolitics (region=OTHER score=50) :: "‘Don’t blindly follow’ US changes to infant vaccin..."
[DROP] low_geopolitics (region=OTHER score=50) :: "Uproar as Belichick snubbed for early NFL Hall of ..."
[DROP] low_geopolitics (region=OTHER score=50) :: "Rybakina stuns Swiatek to reach Australian Open se..."
[DROP] low_geopolitics (region=OTHER score=50) :: "At least 42 killed by snowstorm in US — ABC News..."
[DROP] low_geopolitics (region=OTHER score=50) :: "Hadjar crashes Red Bull car in Barcelona preseason..."
[DROP] low_geopolitics (region=OTHER score=50) :: "Spurs' Wembanyama 'horrified' by Minneapolis killi..."
[DROP] low_geopolitics (region=OTHER score=50) :: "Trump warns Iraq against returning former prime mi..."
[DROP] low_geopolitics (region=OTHER score=50) :: "Encontronazo entre Claudia Dobles y Natalia Díaz p..."
[DROP] low_geopolitics (region=OTHER score=50) :: "Nicaragua conmemora el 82 aniversario del fin del ..."
[DROP] low_geopolitics (region=OTHER score=50) :: "“Voy a decir la verdad”: lanchero defiende su vers..."
[DROP] low_geopolitics (region=OTHER score=50) :: "Mexico president asks South Korea for more BTS con..."
[DROP] low_geopolitics (region=OTHER score=50) :: "Local governments tap worker cooperatives for serv..."
[DROP] low_geopolitics (region=OTHER score=50) :: "Repretel anuncia un debate poco convencional para ..."
[DROP] low_geopolitics (region=OTHER score=50) :: "Rwanda takes UK to court over contentious migrant ..."
[DROP] low_geopolitics (region=OTHER score=50) :: "TikTok joins Snap settling youth addiction suit be..."
[DROP] low_geopolitics (region=OTHER score=50) :: "Who is Stella Carlson? Woman in pink jacket who fi..."
[DROP] low_geopolitics (region=OTHER score=50) :: "¿Por qué Roy Barreras no levanta en las encuestas ..."
[DROP] low_geopolitics (region=OTHER score=50) :: "Nomura’s revival faces challenge from Japan’s ambi..."
[DROP] low_geopolitics (region=OTHER score=50) :: "Choque frontal de camiones en Quito deja un conduc..."
[DROP] low_geopolitics (region=OTHER score=50) :: "Zelenskyy condemns 'terrorism' after Russia hits t..."
[DROP] low_geopolitics (region=OTHER score=50) :: "Crisis migratoria en EE. UU.: un juez ordena a jef..."
[DROP] low_geopolitics (region=OTHER score=50) :: "Dozens of protesters arrested at hotel in Manhatta..."
[DROP] low_geopolitics (region=OTHER score=50) :: "Can China reverse its demographic decline?..."
[DROP] low_geopolitics (region=OTHER score=50) :: "Netanyahu's covered phone camera sparks speculatio..."
[DROP] low_geopolitics (region=OTHER score=50) :: "Controversy in Italy over ICE presence at Winter O..."
[DROP] low_geopolitics (region=OTHER score=50) :: "Óscar ‘Macho’ Ramírez: ‘Hemos mejorado a puro vide..."
[DROP] low_geopolitics (region=OTHER score=50) :: "NRI finds life in US ‘boring’ after vacationing in..."
[DROP] low_geopolitics (region=OTHER score=50) :: "Elías Alvarado muestra las incomodidades que pasa ..."
[DROP] low_geopolitics (region=OTHER score=50) :: "Saint-Louis, la antigua capital de Senegal, amenaz..."
[DROP] low_geopolitics (region=OTHER score=50) :: "«Se nos acabó el miedo», madres firmes y esperanza..."
[DROP] low_geopolitics (region=OTHER score=50) :: "Republicans wrestle with immigration message after..."
[DROP] low_geopolitics (region=OTHER score=50) :: "Ilhan Omar attack: 5 things to know about man who ..."
[DROP] low_geopolitics (region=OTHER score=50) :: "Gustavo Petro rompe protocolo y habla de su vida í..."
[DROP] low_geopolitics (region=OTHER score=50) :: "Juan Carlos Hidalgo y Eli Feinzaig explican riesgo..."
[DROP] low_geopolitics (region=OTHER score=50) :: "SoftBank in talks to invest $30 billion more in Op..."
[DROP] low_geopolitics (region=OTHER score=50) :: "Debate de Repretel-Noticias Monumental: Laura Fern..."
[DROP] low_geopolitics (region=OTHER score=50) :: "Exdiputada denuncia públicamente a Fabricio Alvara..."
[DROP] low_geopolitics (region=OTHER score=50) :: "Álvaro Ramos a Laura Fernández: ‘Usted puso un abo..."
[DROP] DUP_TOPIC :: "México suspende el envío de petróleo a Cuba tras r..."
[DROP] low_geopolitics (region=OTHER score=50) :: "Comité por la Libertad reporta excarcelación de oc..."
[DROP] low_geopolitics (region=OTHER score=50) :: "Presidente Petro asegura que a colombianos en EE. ..."
[DROP] low_geopolitics (region=OTHER score=50) :: "Perro ataca a su dueña dentro de vivienda en San C..."
[DROP] low_geopolitics (region=OTHER score=50) :: "Directo D. C. y el foco de Trump en las ciudades s..."
[DROP] low_geopolitics (region=OTHER score=50) :: "Mexicano Ángel Zaldívar se roba el show en victori..."
[DROP] low_geopolitics (region=OTHER score=50) :: "Chances de la JPS: vea los números ganadores del s..."
[DROP] low_geopolitics (region=OTHER score=50) :: "¿Quién es el Padre Guilherme?..."
[DROP] low_geopolitics (region=OTHER score=50) :: "ICE agent tries to enter Ecuador consulate in Minn..."
[DROP] DUP_TOPIC :: "Cuba revives the Torchlight March..."
[DROP] low_geopolitics (region=OTHER score=50) :: "Greg Bovino fired? Social media silence fuels clai..."
[DROP] low_geopolitics (region=OTHER score=50) :: "Elon Musk hits back at Indian-American billionaire..."
[DROP] DUP_TOPIC :: "Vélez por la mañana | Juan Carlos Pinzón habló de ..."
[DROP] low_geopolitics (region=OTHER score=50) :: "Ecuador envía una nota de protesta a EE.UU. por un..."
[DROP] low_geopolitics (region=OTHER score=50) :: "Iran-US tensions highlights: Trump says another ‘a..."
[DROP] low_geopolitics (region=OTHER score=50) :: "Bernardo Arévalo participa en foro económico regio..."
[DROP] low_geopolitics (region=OTHER score=50) :: "Petrismo alista acciones jurídicas para defender a..."
[DROP] low_geopolitics (region=OTHER score=50) :: "North Korea to soon unveil 'next-stage' nuclear pl..."
[DROP] low_geopolitics (region=OTHER score=50) :: "No joint operation with US in Wedding capture, She..."
[DROP] low_geopolitics (region=OTHER score=50) :: "Entra en vigor nuevas reglas para repartidores en ..."
[DROP] low_geopolitics (region=OTHER score=50) :: "Rony Morataya, el guatemalteco que murió tras ser ..."
[DROP] DUP_TOPIC :: "Colombia prepara nuevos aranceles del 30% a produc..."
[DROP] low_geopolitics (region=OTHER score=50) :: "Muere reconocido actor de doblaje de ‘Spider-Man’ ..."
[DROP] low_geopolitics (region=OTHER score=50) :: "Nuevo delantero mexicano de Alajuelense anota otra..."
[DROP] low_geopolitics (region=OTHER score=50) :: "48 presas políticas excarceladas y 140 aún detenid..."
[DROP] low_geopolitics (region=OTHER score=50) :: "The Latest: Trump wants ‘honest’ investigation int..."
[DROP] low_geopolitics (region=OTHER score=50) :: "China sees surge in pet ownership as the country’s..."
[DROP] low_geopolitics (region=OTHER score=50) :: "El secreto de la cúrcuma: ¿cómo consumirla para de..."
[DROP] low_geopolitics (region=OTHER score=50) :: "Suspect shot by Border Patrol after opening fire o..."
[DROP] low_geopolitics (region=OTHER score=50) :: "El nuevo ‘9′ de Alajuelense ya anotó su primer dob..."
[DROP] low_geopolitics (region=OTHER score=50) :: "Ilhan Omar 'attacked' at Minneapolis town hall eve..."
[DROP] low_geopolitics (region=OTHER score=50) :: "Did feds know Alex Pretti before fatal shooting? I..."
[DROP] low_geopolitics (region=OTHER score=50) :: "Diaco registra 31 quejas contra colegios por cobro..."
[DROP] low_geopolitics (region=OTHER score=50) :: "Cómo Trump contribuyó a que la Unión Europea e Ind..."
[DROP] low_geopolitics (region=OTHER score=50) :: "Del Toro’s talent for terror — and tortillas — cel..."
[DROP] low_geopolitics (region=OTHER score=50) :: "Al menos 16 personas habitaban la vivienda que se ..."
[DROP] low_geopolitics (region=OTHER score=50) :: "Ecuador afirma que un agente del ICE intentó entra..."
[DROP] low_geopolitics (region=OTHER score=50) :: "Israel apaga reloj de rehenes tras 844 días; pales..."
[DROP] low_geopolitics (region=OTHER score=50) :: "Así avanza la conformación de la comitiva que acom..."
[DROP] low_geopolitics (region=OTHER score=50) :: "Debate Repretel - Noticias Monumental: vea aquí la..."
[DROP] low_geopolitics (region=OTHER score=50) :: "Un herido de bala en un incidente con la Patrulla ..."
[DROP] low_geopolitics (region=OTHER score=50) :: "Honduras: Nasry Asfura, el 'favorito' de Trump, se..."
[DROP] low_geopolitics (region=OTHER score=50) :: "Así puede activar el ‘modo BTS’ en WhatsApp..."
[DROP] low_geopolitics (region=OTHER score=50) :: "Ileana Garcia: 5 things to know about 'Latinas for..."
[DROP] low_geopolitics (region=OTHER score=50) :: "Estudiantes le exigen, cara a cara, a Delcy Rodríg..."
[DROP] low_geopolitics (region=OTHER score=50) :: "Trump ignores Minnesota uproar and tries sticking ..."
[DROP] low_geopolitics (region=OTHER score=50) :: "Inamhi mantiene alerta por lluvias en Quito y gran..."
[DROP] low_geopolitics (region=OTHER score=50) :: "Bureaucratic confusion leaves DOD sites exposed to..."
[DROP] low_geopolitics (region=OTHER score=50) :: "Bureaucratic confusion leaves DOD sites exposed to..."
[DROP] low_geopolitics (region=OTHER score=50) :: "Mexicans will spend how much on tamales next Monda..."
[DROP] low_geopolitics (region=OTHER score=50) :: "Fotos | Así transcurre la noche en las inmediacion..."
[DROP] low_geopolitics (region=OTHER score=50) :: "Gonzalo Valle solicita la ‘suspensión condicional ..."
[DROP] low_geopolitics (region=OTHER score=50) :: "El riesgo país de Ecuador baja con fuerza tras la ..."
[DROP] low_geopolitics (region=OTHER score=50) :: "Chef Doris Goldgewicht lanza fuerte mensaje previo..."
[DROP] low_geopolitics (region=OTHER score=50) :: "PANI solicita sumarse a proceso judicial para soli..."
[DROP] DUP_TOPIC :: "'We all know someone who was killed' -  Iran prote..."
[DROP] low_geopolitics (region=OTHER score=50) :: "Qué dice el informe de la DHS sobre cómo ocurrió l..."
[DROP] low_geopolitics (region=OTHER score=50) :: "Delcy Rodríguez dice que desbloquean activos venez..."
[DROP] low_geopolitics (region=OTHER score=50) :: "Humberto Zurita, Stephanie Salas, Chantal Andere y..."
[DROP] low_geopolitics (region=OTHER score=50) :: "Detienen al expresidente panameño José Gabriel Car..."
[DROP] low_geopolitics (region=OTHER score=50) :: "¿Quiénes son los enmascarados del ICE? Los ejecuto..."
[DROP] low_geopolitics (region=OTHER score=50) :: "Tabla de posiciones del Clausura 2026: Cobán super..."
[DROP] low_geopolitics (region=OTHER score=50) :: "Acting President Invites Students to Join the Prog..."
[DROP] low_geopolitics (region=OTHER score=50) :: "Oficialismo denuncia a diputados de la UNE por sup..."
[DROP] low_geopolitics (region=OTHER score=50) :: "Congreso ajusta el control de fondos para los Cons..."
[DROP] low_geopolitics (region=OTHER score=50) :: "Who was Nick Mastrascusa? Father of 3 killed in Ba..."
[DROP] low_geopolitics (region=OTHER score=50) :: "Trump responds after Kristi Noem faces growing cal..."
[DROP] low_geopolitics (region=OTHER score=50) :: "El estreno de la película sobre Melania en la Casa..."
[DROP] low_geopolitics (region=OTHER score=50) :: "Alex Pretti photos: Malkia Gross comparisons made ..."
[DROP] low_geopolitics (region=OTHER score=50) :: "Estrenos de Netflix en febrero del 2026: “El aboga..."
[DROP] low_geopolitics (region=OTHER score=50) :: "Marilyn Manson vuelve a tribunales tras reactivaci..."
[DROP] low_geopolitics (region=OTHER score=50) :: "Trump seeks ‘honorable’ probe, signals de-escalati..."
[DROP] low_geopolitics (region=OTHER score=50) :: "Zona franca de San Carlos alista llegada de más co..."
[DROP] low_geopolitics (region=OTHER score=50) :: "Guatemala y EE. UU. preparan firma de acuerdo para..."
[DROP] low_geopolitics (region=OTHER score=50) :: "Utah mom who feared ‘end times’ arrested after tak..."
[DROP] low_geopolitics (region=OTHER score=50) :: "The model who moved to Ghana and wrapped her prost..."
[DROP] low_geopolitics (region=OTHER score=50) :: "TSE abre investigación a hermanos financistas de L..."
[DROP] low_geopolitics (region=OTHER score=50) :: "US Marines flew on New England Patriots’ private j..."
[DROP] DUP_TOPIC :: "Gobierno de EE. UU. notifica al Congreso el inicio..."
[DROP] low_geopolitics (region=OTHER score=50) :: "Precio del huevo se recupera en Ecuador tras meses..."
[DROP] DUP_TOPIC :: "Trump sobre Cuba: «Está a punto de caer, obtenía p..."
[DROP] low_geopolitics (region=OTHER score=50) :: "Las demandas y anhelos que marcarán el voto joven..."
[DROP] low_geopolitics (region=OTHER score=50) :: "BUSINESS REFLECTION: Loaded for Bear: After deluge..."
[DROP] low_geopolitics (region=OTHER score=50) :: "Pat McAfee posts hilarious meme on Bill Belichick'..."
[DROP] low_geopolitics (region=OTHER score=50) :: "El rechazo al ICE llega a Italia: ¿por qué van age..."
[DROP] low_geopolitics (region=OTHER score=50) :: "Acting President Reaffirms Path to Dialogue with t..."
[DROP] low_geopolitics (region=OTHER score=50) :: "Marvin Solano continúa destrozando mitos en El Sal..."
[DROP] low_geopolitics (region=OTHER score=50) :: "Pilar Cisneros justifica incorporación de Leslye B..."
[DROP] low_geopolitics (region=OTHER score=50) :: "Director de Silent Hill afirma que recibió amenaza..."
[DROP] low_geopolitics (region=OTHER score=50) :: "Enrique Tarrio GiveSendGo: Former Proud Boys leade..."
[DROP] low_geopolitics (region=OTHER score=50) :: "Proyecto de ley para reducir listas de espera en l..."
[DROP] low_geopolitics (region=OTHER score=50) :: "After 843 days, Israel stops its hostage clock and..."
[DROP] low_geopolitics (region=OTHER score=50) :: "Hombre buscaba un martillo perdido en su patio y e..."
[DROP] low_geopolitics (region=OTHER score=50) :: "Cartaginés inscribió a estos futbolistas para la C..."
[DROP] low_geopolitics (region=OTHER score=50) :: "Netherlands set for minority coalition as parties ..."
[DROP] low_geopolitics (region=OTHER score=50) :: "Murió legendario presentador de Univision, quien m..."
[DROP] low_geopolitics (region=OTHER score=50) :: "Quiénes deben evitar el consumo de ajo y por qué n..."
[DROP] low_geopolitics (region=OTHER score=50) :: "Reserva Federal celebra primera reunión de 2026 ma..."
[DROP] low_geopolitics (region=OTHER score=50) :: "Microsoft Pledged to Save Water. In the A.I. Era, ..."
[DROP] low_geopolitics (region=OTHER score=50) :: "¿Está en Bolivia o en otra nación? El paradero de ..."
[DROP] low_geopolitics (region=OTHER score=50) :: "Famoso actor de Hollywood, demandado por acoso sex..."
[DROP] low_geopolitics (region=OTHER score=50) :: "Qué dicen y qué no dicen las encuestas electorales..."
[DROP] low_geopolitics (region=OTHER score=50) :: "Caminata del granjero: el ejercicio simple que gan..."
[DROP] low_geopolitics (region=OTHER score=50) :: "Watch: Why Trump is hitting the road to rally Amer..."
[DROP] low_geopolitics (region=OTHER score=50) :: "Este bus recorrerá Moravia para apoyar el regreso ..."
[DROP] low_geopolitics (region=OTHER score=50) :: "Elecciones presidenciales en Portugal: Ventura se ..."
[DROP] low_geopolitics (region=OTHER score=50) :: "Dubái tendrá el primer barrio residencial de ultra..."
[DROP] low_geopolitics (region=OTHER score=50) :: "Euro rompe la barrera de los $1,20 por primera vez..."
[DROP] low_geopolitics (region=OTHER score=50) :: "Figura internacional del fútbol de Costa Rica anun..."
[DROP] low_geopolitics (region=OTHER score=50) :: "Óscar Ramírez tomó esta decisión con Malcon Pilone..."
[DROP] low_geopolitics (region=OTHER score=50) :: "Florida business owner found guilty of murdering 2..."
[DROP] low_geopolitics (region=OTHER score=50) :: "Mexico’s 2025 exports hit record high, creating fi..."
[DROP] low_geopolitics (region=OTHER score=50) :: "Petro dice que Estados Unidos debe devolver a Madu..."
[DROP] low_geopolitics (region=OTHER score=50) :: "Concacaf revela a quiénes inscribió Alajuelense en..."
[DROP] low_geopolitics (region=OTHER score=50) :: "Man sues Minecraft and Fortnite saying they fueled..."
[DROP] low_geopolitics (region=OTHER score=50) :: "Temblor de magnitud 3,7 se registró la tarde de es..."
[DROP] low_geopolitics (region=OTHER score=50) :: "The Nuclearized World w/ Sean J Patrick Carney..."
[DROP] low_geopolitics (region=OTHER score=50) :: "Fiebre por BTS en México: Sheinbaum interviene y s..."
[DROP] low_geopolitics (region=OTHER score=50) :: "Delcy Rodríguez Inaugurates Nephrology Service as ..."
[DROP] low_geopolitics (region=OTHER score=50) :: "¿Por qué recomiendan mezclar cáscaras de zanahoria..."
[DROP] low_geopolitics (region=OTHER score=50) :: "TESTING JUGGLING ACT: Bok's Rassie: ‘If we’re not ..."
[DROP] low_geopolitics (region=OTHER score=50) :: "Arquero de Pérez Zeledón, Bryan Segura, estalla co..."
[DROP] low_geopolitics (region=OTHER score=50) :: "Baja California Sur bumps up its tourist tax to fu..."
[DROP] low_geopolitics (region=OTHER score=50) :: "New Military Purge Rocks the CCP..."
[DROP] low_geopolitics (region=OTHER score=50) :: "Hombre irá a la cárcel por violar a compañera de d..."
[DROP] low_geopolitics (region=OTHER score=50) :: "Menor de edad vendía drogas a metros de una escuel..."
[DROP] low_geopolitics (region=OTHER score=50) :: "Nicaragua condena a excomandante sandinista Bayard..."
[DROP] low_geopolitics (region=OTHER score=50) :: "Trump asegura que no le preocupa la caída del dóla..."
[DROP] low_geopolitics (region=OTHER score=50) :: "Fiscalía recibe otra denuncia por violación en per..."
[DROP] low_geopolitics (region=OTHER score=50) :: "Incendio consume reconocido restaurante frente a l..."
[DROP] low_geopolitics (region=OTHER score=50) :: "¿Siente ‘mariposas’ en el pecho al entrenar? Cuida..."
[DROP] low_geopolitics (region=OTHER score=50) :: "Cómo vaciar la papelera de WhatsApp y liberar espa..."
[DROP] low_geopolitics (region=OTHER score=50) :: "Celulares con Android se blindan contra robos con ..."
[DROP] low_geopolitics (region=OTHER score=50) :: "¿Por qué tantos pacientes con hipertensión no se m..."
[DROP] low_geopolitics (region=OTHER score=50) :: "Alex Pretti shooting: ICE agent issues chilling wa..."
[DROP] low_geopolitics (region=OTHER score=50) :: "GUEST ESSAY: A field of dreams — and the quiet mak..."
[DROP] low_geopolitics (region=OTHER score=50) :: "Cobán Imperial mantiene el paso perfecto en el Cla..."
[DROP] low_geopolitics (region=OTHER score=50) :: "Joe Biden finally comments on Minnesota ICE shooti..."
[DROP] low_geopolitics (region=OTHER score=50) :: "Sin red y a 508 metros del suelo: la escalada extr..."
[DROP] low_geopolitics (region=OTHER score=50) :: "More signs about climate change and Native America..."
[DROP] low_geopolitics (region=OTHER score=50) :: "Departamento de Estado comunica al Congreso posibl..."
[DROP] low_geopolitics (region=OTHER score=50) :: "Brazil: Flaws Revealed in Forensic Investigations ..."
[DROP] low_geopolitics (region=OTHER score=50) :: "Rare sightings of jaguar cubs and a black bear on ..."
[DROP] low_geopolitics (region=OTHER score=50) :: "The Isolation of Nicaragua..."
[DROP] low_geopolitics (region=OTHER score=50) :: "Marta Esquivel, candidata a diputada del PPSO, sal..."
[DROP] low_geopolitics (region=OTHER score=50) :: "¿Qué hay detrás de la salida del embajador español..."
[DROP] low_geopolitics (region=OTHER score=50) :: "Texas Governor Greg Abbott halts new H-1B visa pet..."
[DROP] low_geopolitics (region=OTHER score=50) :: "FutBotMX 2026: Mexico’s science ministry launches ..."
[DROP] low_geopolitics (region=OTHER score=50) :: "Lots of world leaders are attacking Europe. Why?..."
[DROP] low_geopolitics (region=OTHER score=50) :: "Estados Unidos deporta a expresidente del congreso..."
[DROP] DUP_TOPIC :: "Trump administration sued over 2 deaths in boat st..."
[DROP] DUP_TOPIC :: "Ucrania: nuevo ataque ruso deja al menos seis muer..."
[DROP] low_geopolitics (region=OTHER score=50) :: "CITY RAID: Joburg Development Agency boss arrested..."
[DROP] low_geopolitics (region=OTHER score=50) :: "Texas H-1B visa freeze: Will private firms be affe..."
[DROP] low_geopolitics (region=OTHER score=50) :: "Apenas entre el 10% y el 20% del padrón electoral ..."
[DROP] low_geopolitics (region=OTHER score=50) :: "Directo a...Tegucigalpa y la juramentación de Nasr..."
[DROP] low_geopolitics (region=OTHER score=50) :: "Fernanda Bonilla y Luis Marroquín enfrentarán juic..."
[DROP] low_geopolitics (region=OTHER score=50) :: "Año Nuevo Chino 2026: ¿qué animal representa el nu..."
[DROP] low_geopolitics (region=OTHER score=50) :: "Saudi Arabia asks wealthy families to invest domes..."
[DROP] DUP_TOPIC :: "Trump afirma que "Cuba va a colapsar muy pronto" -..."
[DROP] DUP_TOPIC :: "Petro exige a Trump que devuelva a Maduro para que..."
[DROP] low_geopolitics (region=OTHER score=50) :: "Texas Monthly’s taco editor says he is ‘shaken and..."
[DROP] low_geopolitics (region=OTHER score=50) :: "Two people arrested after a mom died while sleddin..."
[DROP] low_geopolitics (region=OTHER score=50) :: "Italian officials voice outrage at the presence of..."
[DROP] low_geopolitics (region=OTHER score=50) :: "Imágenes falsas del Holocausto generadas con IA al..."
[DROP] low_geopolitics (region=OTHER score=50) :: "MADLANGA COMMISSION: KZN Hawks boss details ‘Cat’ ..."
[DROP] low_geopolitics (region=OTHER score=50) :: "India, EU Clinch Long-Delayed Trade Deal Amid Trum..."
[DROP] low_geopolitics (region=OTHER score=50) :: "Former French Senator Convicted of Drugging a Coll..."
[DROP] low_geopolitics (region=OTHER score=50) :: "Former French senator found guilty of drugging MP..."
[DROP] low_geopolitics (region=OTHER score=50) :: "Quién es Kristi Noem, la mujer que lidera la ofens..."
[DROP] low_geopolitics (region=OTHER score=50) :: "Trump slammed for 'can't have guns' remark in Alex..."
[DROP] low_geopolitics (region=OTHER score=50) :: "Melissa Mora no se guardó nada y contó por quién v..."
[DROP] DUP_TOPIC :: "Trump asegura que Cuba “está a punto de caer” porq..."
[DROP] low_geopolitics (region=OTHER score=50) :: "EU signs 'mother of all deals' to boost trade with..."
[DROP] DUP_URL :: "Herediano lanza emotivo video para invitar a votar..."
[DROP] DUP_TOPIC :: "Trump no anunció salario mínimo en Venezuela de 2...."
[DROP] low_geopolitics (region=OTHER score=50) :: "Boeing reports $565M loss on KC-46 as firm looks f..."
[DROP] low_geopolitics (region=OTHER score=50) :: "The Trader Joe's tote bag goes global..."
[DROP] low_geopolitics (region=OTHER score=50) :: "COPS IN THE DOCK: Bail denial for AGU members on m..."
[DROP] low_geopolitics (region=OTHER score=50) :: "Man acquitted in murder-for-hire plot against Bovi..."
[DROP] low_geopolitics (region=OTHER score=50) :: "EE. UU. | ICE detiene a un venezolano en Georgia: ..."
[DROP] low_geopolitics (region=OTHER score=50) :: "Reuters: Estados Unidos prepara licencia para leva..."
[DROP] low_geopolitics (region=OTHER score=50) :: "Activists fear U.S. visa restrictions for Palestin..."
[DROP] low_geopolitics (region=OTHER score=50) :: "World Cup 2026: Former Fifa president urges footba..."
[DROP] low_geopolitics (region=OTHER score=50) :: "POWER OUTRAGE: Nelson Mandela Bay metro warned abo..."
[DROP] low_geopolitics (region=OTHER score=50) :: "Do you qualify for a payout from Apple after Siri ..."
[DROP] low_geopolitics (region=OTHER score=50) :: "Ex-FIFA president Sepp Blatter joins those calling..."
[DROP] low_geopolitics (region=OTHER score=50) :: "Cinco colores de uñas que rejuvenecen las manos..."
[DROP] low_geopolitics (region=OTHER score=50) :: "¿Los huevos se deben guardar en la nevera o a temp..."
[DROP] low_geopolitics (region=OTHER score=50) :: "GNARLY BLOW: How Gayton McKenzie's Department of S..."
[DROP] low_geopolitics (region=OTHER score=50) :: "Family speaks out after Minnesota woman dies on fl..."
[DROP] low_geopolitics (region=OTHER score=50) :: "Trump pide ahora una “investigación honrada” sobre..."
[DROP] DUP_TOPIC :: "Is Cuba Next?..."
[DROP] low_geopolitics (region=OTHER score=50) :: "STEADY SOVEREIGNTY : Despite challenges, the Afric..."
[DROP] low_geopolitics (region=OTHER score=50) :: "French government survives no-confidence votes on ..."
[DROP] low_geopolitics (region=OTHER score=50) :: "Former US soldiers turned Palestine advocates make..."
[DROP] DUP_TOPIC :: "Cuban President Reaffirms Commitment to Strengthen..."
[DROP] low_geopolitics (region=OTHER score=50) :: "Who is Micayla Pretti? Alex Pretti's sister speaks..."
[DROP] low_geopolitics (region=OTHER score=50) :: "Alex Pretti had a confrontation with ICE officers ..."
[DROP] low_geopolitics (region=OTHER score=50) :: "844 días después, Israel frena el reloj de los reh..."
[DROP] low_geopolitics (region=OTHER score=50) :: "Bari Weiss tells CBS News staff to love it or leav..."
[DROP] low_geopolitics (region=OTHER score=50) :: "¿En qué consiste el permiso que regularizará a 500..."
[DROP] DUP_URL :: "Petro exige "devolver" a Maduro a Venezuela, pero ..."
[DROP] low_geopolitics (region=OTHER score=50) :: "Los detalles del video que muestra el intento de a..."
[DROP] low_geopolitics (region=OTHER score=50) :: "Trump signs order to take over Los Angeles wildfir..."
[DROP] low_geopolitics (region=OTHER score=50) :: "US base commanders to have more say in defeating d..."
[DROP] low_geopolitics (region=OTHER score=50) :: "US base commanders to have more say in defeating d..."
[DROP] low_geopolitics (region=OTHER score=50) :: "¿Qué está pasando con BTS en México? El regreso de..."
[DROP] low_geopolitics (region=OTHER score=50) :: "Who is Tom Homan, Trump's 'border tsar' deployed t..."
[DROP] low_geopolitics (region=OTHER score=50) :: "Ten people die in NYC's frigid cold, raising quest..."
[DROP] low_geopolitics (region=OTHER score=50) :: "INS reporta aumento de amputaciones en 2025: ocho ..."
[DROP] low_geopolitics (region=OTHER score=50) :: "New details about moments leading up to mid-air co..."
[DROP] low_geopolitics (region=OTHER score=50) :: "¿Por qué recomiendan consumir gelatina sin sabor e..."
[DROP] low_geopolitics (region=OTHER score=50) :: "FINANCIAL RELIEF: Nelson Mandela Bay municipality ..."
[DROP] low_geopolitics (region=OTHER score=50) :: "World Bank approves $200m to help Lebanon's vulner..."
[DROP] low_geopolitics (region=OTHER score=50) :: "Democrats push for Kristi Noem’s impeachment if Tr..."
[DROP] low_geopolitics (region=OTHER score=50) :: "Federal judge stops deportation of 5-year-old boy ..."
[DROP] low_geopolitics (region=OTHER score=50) :: "Camión de basura se lleva sofá que una mujer dejó ..."
[DROP] low_geopolitics (region=OTHER score=50) :: "La Unión Europea e India firman acuerdo histórico ..."
[DROP] low_geopolitics (region=OTHER score=50) :: "Family of ‘perfectly healthy’ asylum-seeker who di..."
[DROP] low_geopolitics (region=OTHER score=50) :: "Japanese American soldiers once branded ‘enemy ali..."
[DROP] low_geopolitics (region=OTHER score=50) :: "UPS retiring entire fleet of cargo plane model inv..."
[DROP] DUP_TOPIC :: "Iran-aligned militias threaten retaliatory strikes..."
[DROP] low_geopolitics (region=OTHER score=50) :: "La jueza del ‘caso FP’ estrecha el cerco sobre el ..."
[DROP] low_geopolitics (region=OTHER score=50) :: "Spain Offers Undocumented Migrants a Legal Way to ..."
[DROP] low_geopolitics (region=OTHER score=50) :: "El exolímpico Ryan Wedding se declara inocente de ..."
[DROP] DUP_URL :: "Cuba busca extender la cultura financiera en medio..."
[DROP] low_geopolitics (region=OTHER score=50) :: "Miembros de los Tony’s Boys mataron a hombre por u..."
[DROP] low_geopolitics (region=OTHER score=50) :: "Las impresionantes imágenes del pueblo italiano qu..."
[DROP] low_geopolitics (region=OTHER score=50) :: "Guerra en Gaza: ¿cómo funcionará la reapertura lim..."
[DROP] low_geopolitics (region=OTHER score=50) :: "Trump’s use of AI images sparks alarm and misinfor..."
[DROP] low_geopolitics (region=OTHER score=50) :: "EE. UU., seguridad y economía: las promesas de Nas..."
[DROP] low_geopolitics (region=OTHER score=50) :: "La radical decisión que tomó Choché Romano y que a..."
[DROP] low_geopolitics (region=OTHER score=50) :: "Trump Vows Higher Tariffs for South Korea Months A..."
[DROP] low_geopolitics (region=OTHER score=50) :: "Accidente en Santa María Cauqué provoca caos vehic..."
[DROP] low_geopolitics (region=OTHER score=50) :: "US ANALYSIS: With midterms looming, Trump softens ..."
[DROP] low_geopolitics (region=OTHER score=50) :: "ICE on US streets challenges American norms, found..."
[DROP] DUP_TOPIC :: "El Reloj del Juicio Final queda a 85 segundos del ..."
[DROP] low_geopolitics (region=OTHER score=50) :: "New video shows run up to killing of Alex Pretti a..."
[DROP] low_geopolitics (region=OTHER score=50) :: "Kyle Rittenhouse responds to Alex Pretti compariso..."
[DROP] low_geopolitics (region=OTHER score=50) :: "Exclusive: Blair meeting with Gaza committee stres..."
[DROP] low_geopolitics (region=OTHER score=50) :: "Viral Alex Pretti 'crossdresser' claim sparks back..."
[DROP] DUP_TOPIC :: "Petro exige a EE. UU. "devolver" a Maduro a Venezu..."
[DROP] low_geopolitics (region=OTHER score=50) :: "Trump’s DOJ accused of ‘extorting’ Minnesota for v..."
[DROP] low_geopolitics (region=OTHER score=50) :: "Families of two men killed in Caribbean boat strik..."
[DROP] low_geopolitics (region=OTHER score=50) :: "El mapa invisible que sostiene al Universo y ahora..."
[DROP] low_geopolitics (region=OTHER score=50) :: "US judge orders ICE chief to appear in court or ri..."
[DROP] low_geopolitics (region=OTHER score=50) :: "Former Virginia Gov. Youngkin pardoned ex-police s..."
[DROP] low_geopolitics (region=OTHER score=50) :: "Flu cases are finally dropping - but don’t let you..."
[DROP] low_geopolitics (region=OTHER score=50) :: "Julio Iglesias podría enfrentar proceso por abuso ..."
[DROP] low_geopolitics (region=OTHER score=50) :: "EN VIVO | Cobán Imperial vs. Marquense por la jorn..."
[DROP] DUP_TOPIC :: "US announces multi-day aerial military drills in t..."
[DROP] low_geopolitics (region=OTHER score=50) :: "Hondurans Reject Nasry Asfura’s Inauguration as Pr..."
[DROP] low_geopolitics (region=OTHER score=50) :: "“Estamos haciendo las cosas bien”, dice el preside..."
[DROP] low_geopolitics (region=OTHER score=50) :: "More Pressure Needed to Secure Congo’s Peace..."
[DROP] low_geopolitics (region=OTHER score=50) :: "All-Night Concerts in War-Ravaged Myanmar..."
[DROP] low_geopolitics (region=OTHER score=50) :: "Katapulk alerta sobre un caso de suplantación de m..."
[DROP] low_geopolitics (region=OTHER score=50) :: "ICE Agents Will Join Olympics Delegation in Italy...."
[DROP] low_geopolitics (region=OTHER score=50) :: "Davie shooting reports: Police respond near Aveda ..."
[DROP] low_geopolitics (region=OTHER score=50) :: "WhatsApp rolls out advanced security mode for high..."
[DROP] low_geopolitics (region=OTHER score=50) :: "How Computer Warfare Is Becoming Part of the Penta..."
[DROP] low_geopolitics (region=OTHER score=50) :: "NASA WB-57 research aircraft makes emergency belly..."
[DROP] low_geopolitics (region=OTHER score=50) :: "The US Coast Guard’s newest weapon in border secur..."
[DROP] low_geopolitics (region=OTHER score=50) :: "Trump defends Noem in wake of Minnesota shooting a..."
[DROP] low_geopolitics (region=OTHER score=50) :: "Así marcha la tabla de posiciones de la Champions ..."
[DROP] low_geopolitics (region=OTHER score=50) :: "Who is Paul Varoff? Oak Ridge High ex-teacher arre..."
[DROP] low_geopolitics (region=OTHER score=50) :: "UK Seeks Trade With China Without Triggering Trump..."
[DROP] low_geopolitics (region=OTHER score=50) :: "What happened in Pima County, AZ? Border Patrol of..."
[DROP] low_geopolitics (region=OTHER score=50) :: "Some remote Tricare families will get prescription..."
[DROP] low_geopolitics (region=OTHER score=50) :: "Cárcel de Masagua podría tardar hasta dos años en ..."
[DROP] low_geopolitics (region=OTHER score=50) :: "Fallece Alexis Ortega, voz de Spider-Man en españo..."
[DROP] low_geopolitics (region=OTHER score=50) :: "La justicia da la razón a una estudiante de La Rio..."
[DROP] low_geopolitics (region=OTHER score=50) :: "Tras resolución de la CC,  presidente Arévalo aseg..."
[DROP] low_geopolitics (region=OTHER score=50) :: "Big Tech’s Reckless Release of AI Companion Produc..."
[DROP] low_geopolitics (region=OTHER score=50) :: "Tras querella de Arévalo, Curruchiche asiste a aud..."
[DROP] low_geopolitics (region=OTHER score=50) :: "Triángulo inestable..."
[DROP] low_geopolitics (region=OTHER score=50) :: "Quién es Nasry Asfura, el nuevo presidente de Hond..."
[DROP] DUP_TOPIC :: "Febrero entrará con los días más fríos de la actua..."
[DROP] low_geopolitics (region=OTHER score=50) :: "Mexico’s president says cancellation of oil shipme..."
[DROP] low_geopolitics (region=OTHER score=50) :: "Arizona Border Patrol shooting: One critical after..."
[DROP] low_geopolitics (region=OTHER score=50) :: "Accidente de lancha en el lago de Atitlán deja dos..."
[DROP] low_geopolitics (region=OTHER score=50) :: "What to know about America's colossal winter storm..."
[DROP] low_geopolitics (region=OTHER score=50) :: "Trump Seeks U.S. Control of Gaza, A Leaked Documen..."
[DROP] low_geopolitics (region=OTHER score=50) :: "Presos y en desaparición forzada: la doble marca q..."
[DROP] low_geopolitics (region=OTHER score=50) :: "Wellness economy , l'Italia al decimo posto top te..."
[DROP] low_geopolitics (region=OTHER score=50) :: "Niagara Falls Frozen, Ontario, Canada – Photo of t..."
[DROP] low_geopolitics (region=OTHER score=50) :: "Emboscada, vehículos y armas: así actuaron los sic..."
[DROP] low_geopolitics (region=OTHER score=50) :: "Trump’s Board of Peace Will Help Strong Countries ..."
[DROP] low_geopolitics (region=OTHER score=50) :: "Iran warns against 'instability' after US strike g..."
[DROP] DUP_TOPIC :: "Under mounting US pressure, Pemex cancels schedule..."
[DROP] low_geopolitics (region=OTHER score=50) :: "NTSB arrives to investigate Maine plane crash that..."
[DROP] low_geopolitics (region=OTHER score=50) :: "“Perdí el contacto con la realidad”: Kanye West se..."
[DROP] low_geopolitics (region=OTHER score=50) :: "Lula and Macron Urge to Strengthen the United Nati..."
[DROP] low_geopolitics (region=OTHER score=50) :: "Advocacy group claims ‘Ace of Spades’ playing card..."
[DROP] low_geopolitics (region=OTHER score=50) :: "Agroalimentare tra nuovi record e sfide del futuro..."
[DROP] low_geopolitics (region=OTHER score=50) :: "El baloncesto español pasa revista a su cantera en..."
[DROP] low_geopolitics (region=OTHER score=50) :: "Sabato via al Carnevale di Venezia, nel segno dell..."
[DROP] low_geopolitics (region=OTHER score=50) :: "Qué se sabe de las cámaras corporales del ICE que ..."
[DROP] low_geopolitics (region=OTHER score=50) :: ""Suicidio energético": Eslovaquia arremete contra ..."
[DROP] low_geopolitics (region=OTHER score=50) :: "Rampant attempts to defraud troops warrants crack ..."
[DROP] low_geopolitics (region=OTHER score=50) :: "City refuses to dismiss 40,000 traffic tickets iss..."
[DROP] low_geopolitics (region=OTHER score=50) :: "Board of Peace Set to Hand Trump Sweeping Powers O..."
[DROP] DUP_TOPIC :: "Iran death toll hits 6,159 and currency plunges to..."
[DROP] low_geopolitics (region=OTHER score=50) :: "Nipah outbreak to Trump-Greenland tensions: What '..."
[DROP] low_geopolitics (region=OTHER score=50) :: "Why Israel clock marking time since October 7 atta..."
[DROP] low_geopolitics (region=OTHER score=50) :: "Alex Jeffrey Pretti: 10 key facts about 37-year-ol..."
[DROP] low_geopolitics (region=OTHER score=50) :: "Nicki Minaj to appear at Trump's high-profile summ..."
[DROP] low_geopolitics (region=OTHER score=50) :: "Watch: Doomsday Clock puts Trump and Putin in spot..."
[DROP] low_geopolitics (region=OTHER score=50) :: "Troop Casualties in Ukraine War Near 2 Million, St..."
[DROP] low_geopolitics (region=OTHER score=50) :: "Georgia Power critic arrested for allegedly steali..."
[DROP] low_geopolitics (region=OTHER score=50) :: "Operación Trueno de Enero: 82 años del fin del sit..."
[DROP] low_geopolitics (region=OTHER score=50) :: "¿Presencia permanente de Estados Unidos en Venezue..."
[DROP] low_geopolitics (region=OTHER score=50) :: "Xiomara Castro Led the Honduran Refoundation..."
[DROP] low_geopolitics (region=OTHER score=50) :: "Iran protests: Are viral atrocity numbers part of ..."
[DROP] low_geopolitics (region=OTHER score=50) :: "Canadian mom devastated after she says diabetic an..."
[DROP] low_geopolitics (region=OTHER score=50) :: "Un herido grave por una explosión de gas propano e..."
[DROP] low_geopolitics (region=OTHER score=50) :: "ICE is ‘hunting down’ Minnesota refugees with lega..."
[DROP] low_geopolitics (region=OTHER score=50) :: "Nigeria: A Mirage of Extraversion - The Political ..."
[DROP] low_geopolitics (region=OTHER score=50) :: "Mexico Cancels Oil Shipment Bound for Cuba..."
[DROP] low_geopolitics (region=OTHER score=50) :: "Las madres de los presos políticos que han falleci..."
[DROP] low_geopolitics (region=OTHER score=50) :: "ICE role at the Winter Olympics prompts fury in It..."
[DROP] low_geopolitics (region=OTHER score=50) :: "Former Panamanian Vice President is Arrested for U..."
[DROP] DUP_URL :: "Maru Gutiérrez, jazzista: “Estoy muy feliz de esta..."
[DROP] low_geopolitics (region=OTHER score=50) :: "TikTok settles just before social media addiction ..."
[DROP] low_geopolitics (region=OTHER score=50) :: "La sanidad vasca administra por error vacunas cadu..."
[DROP] DUP_TOPIC :: "Boxeo: Yuriolkis Gamboa regresa a Miami, a más de ..."
[DROP] low_geopolitics (region=OTHER score=50) :: "Three arrested for trafficking elephant tusks, rhi..."
[DROP] low_geopolitics (region=OTHER score=50) :: "One year on, Trump's Golden Dome missile shield ma..."
[DROP] DUP_TOPIC :: "Acting President Rodriguez Rejects U.S. Claims of ..."
[DROP] low_geopolitics (region=OTHER score=50) :: "Is the Doomsday Clock real? Atomic scientists set ..."
[DROP] DUP_TOPIC :: "How Iran Crushed a Citizen Uprising With Lethal Fo..."
[DROP] low_geopolitics (region=OTHER score=50) :: "Benfica vs. Real Madrid: Mourinho y Arbeloa se ree..."
[DROP] low_geopolitics (region=OTHER score=50) :: "Jon Stewart and Anderson Cooper roast Trump’s seem..."
[DROP] DUP_URL :: "Preso político Yandir Loggiodice requiere una ciru..."
[DROP] low_geopolitics (region=OTHER score=50) :: "Trump is a bigger threat to Nato than Putin, says ..."
[DROP] low_geopolitics (region=OTHER score=50) :: "New ‘Grocery Code of Conduct’ goes into effect spa..."
[DROP] low_geopolitics (region=OTHER score=50) :: "Could RFK Jr’s push to reshape the American diet s..."
[DROP] low_geopolitics (region=OTHER score=50) :: "Times of Israel publishes 18 near-identical blogs ..."
[DROP] low_geopolitics (region=OTHER score=50) :: "UK government announces relief for pubs, live musi..."
[DROP] low_geopolitics (region=OTHER score=50) :: "Dutch court sentences Eritrean migrant smuggler to..."
[DROP] low_geopolitics (region=OTHER score=50) :: "Germany offers €1 million reward to help catch far..."
[DROP] low_geopolitics (region=OTHER score=50) :: "La indignación en Italia tras conocerse que EE.UU...."
[DROP] low_geopolitics (region=OTHER score=50) :: "Municipal regresa a El Trébol para medirse al Xela..."
[DROP] low_geopolitics (region=OTHER score=50) :: "Rupert Murdoch sends unsubtle message to Trump to ..."
[DROP] low_geopolitics (region=OTHER score=50) :: "Tormenta invernal en EE. UU. deja 30 fallecidos: q..."
[DROP] low_geopolitics (region=OTHER score=50) :: "Gobierno alerta sobre uso de Internet satelital St..."
[DROP] low_geopolitics (region=OTHER score=50) :: "France sends flagship carrier into Atlantic as ten..."
[DROP] low_geopolitics (region=OTHER score=50) :: "Laboratorio de Paz resume recomendaciones de la CI..."
[DROP] low_geopolitics (region=OTHER score=50) :: "ICE plans to be camped out at the Super Bowl looki..."
[DROP] low_geopolitics (region=OTHER score=50) :: "Men Jailed Over 2022 Crimean Bridge Blast Plead fo..."
[DROP] low_geopolitics (region=OTHER score=50) :: "The Country of the Sigüaraya..."
[DROP] low_geopolitics (region=OTHER score=50) :: "Was Alex Pretti fired from his job as an ICU nurse..."
[DROP] low_geopolitics (region=OTHER score=50) :: "Trinidadian Families File Wrongful Death Lawsuit O..."
[DROP] low_geopolitics (region=OTHER score=50) :: "AI images 'distort memory' of Holocaust, experts w..."
[DROP] low_geopolitics (region=OTHER score=50) :: "Cómo es la asombrosa Tumba 10, el hallazgo arqueol..."
[DROP] low_geopolitics (region=OTHER score=50) :: "Gobierno destaca incautaciones de cocaína y un mil..."
[DROP] DUP_TOPIC :: "Venezuela’s National Assembly to Hold Second Debat..."
[DROP] low_geopolitics (region=OTHER score=50) :: "How Trump Should Think About the Arctic..."
[DROP] low_geopolitics (region=OTHER score=50) :: "State Prosecutor Requests Nearly 6-Year Prison Sen..."
[DROP] low_geopolitics (region=OTHER score=50) :: "Teenage boy questioned by police after ‘leaving sc..."
[DROP] low_geopolitics (region=OTHER score=50) :: "Headed to India soon, Canada PM rolls eyes at US, ..."
[DROP] low_geopolitics (region=OTHER score=50) :: "Trump knew he had to ‘unf***’ DHS reaction to Alex..."
[DROP] low_geopolitics (region=OTHER score=50) :: "Cómo detectar una enfermedad respiratoria que desc..."
[DROP] low_geopolitics (region=OTHER score=50) :: "Super Mario Galaxy: La película lanza primer vista..."
[DROP] low_geopolitics (region=OTHER score=50) :: "El Café Central baraja aterrizar en el Ateneo de M..."
[DROP] low_geopolitics (region=OTHER score=50) :: "Kyrgyzstan Sues Russia at Eurasian Court Over Migr..."
[DROP] low_geopolitics (region=OTHER score=50) :: "US immigration force ICE to help with security at ..."
[DROP] low_geopolitics (region=OTHER score=50) :: "Americans losing confidence in US economy amid Tru..."
[DROP] low_geopolitics (region=OTHER score=50) :: "¿Llegó Tom Homan a Minnesota? qué ocurre en el est..."
[DROP] low_geopolitics (region=OTHER score=50) :: "Trump’s immigration crackdown leads to sharp decli..."
[DROP] low_geopolitics (region=OTHER score=50) :: "Capturan en Xela a hombre que supuestamente vendía..."
[DROP] low_geopolitics (region=OTHER score=50) :: "Trump can’t remember the word ‘Alzheimer’s’ when d..."
[DROP] low_geopolitics (region=OTHER score=50) :: "Trump promueve el documental millonario de Melania..."
[DROP] low_geopolitics (region=OTHER score=50) :: "Qué es el vórtice polar, el principal detonante de..."
[DROP] low_geopolitics (region=OTHER score=50) :: "Female teacher who worked as cop for 10 years bust..."
[DROP] low_geopolitics (region=OTHER score=50) :: "Ernesto Oliva y la Camerata Romeu en concierto..."
[DROP] low_geopolitics (region=OTHER score=50) :: "Mixed picture for migration in France as permits r..."
[DROP] low_geopolitics (region=OTHER score=50) :: "What to know about the deadly Nipah virus, amid ou..."
[DROP] low_geopolitics (region=OTHER score=50) :: "FIFA ex-President Blatter backs call to boycott Wo..."
[DROP] DUP_TOPIC :: "Impiden tráfico de especies marinas protegidas en ..."
[DROP] low_geopolitics (region=OTHER score=50) :: "Scottish court approves legal challenge to UK's Pa..."
[DROP] low_geopolitics (region=OTHER score=50) :: "‘Fire Kristi Noem’, Senator John Fetterman warns T..."
[DROP] low_geopolitics (region=OTHER score=50) :: "As Trump Eyes Greenland, Denmark’s Leader Is Unsur..."
[DROP] low_geopolitics (region=OTHER score=50) :: "Música gratis para Groenlandia y su retiro de Amaz..."
[DROP] low_geopolitics (region=OTHER score=50) :: "Albania Created an ‘A.I. Minister’ to Curb Corrupt..."
[DROP] low_geopolitics (region=OTHER score=50) :: "Alexis Ortega cause of death: What happened to the..."
[DROP] DUP_TOPIC :: "Melooo Sessions en Fangio Habana..."
[DROP] low_geopolitics (region=OTHER score=50) :: "Immigration agent seen clapping his hands seconds ..."
[DROP] low_geopolitics (region=OTHER score=50) :: "Trump officially pulls US out of landmark Paris cl..."
[DROP] low_geopolitics (region=OTHER score=50) :: "Mountain lion seen prowling around a residential S..."
[DROP] low_geopolitics (region=OTHER score=50) :: "En qué consiste y a quién beneficia el nuevo plan ..."
[DROP] low_geopolitics (region=OTHER score=50) :: "International News Briefs for Tuesday, January 27,..."
[DROP] low_geopolitics (region=OTHER score=50) :: "Compota de Manana en la Casa de la Cultura de Plaz..."
[DROP] low_geopolitics (region=OTHER score=50) :: "Gaza: Los equipos de rescate piden desbloquear la ..."
[DROP] low_geopolitics (region=OTHER score=50) :: "Last Palestine Action hunger striker ends protest ..."
[DROP] low_geopolitics (region=OTHER score=50) :: "Melania Trump wants to see unity and peaceful prot..."
[DROP] low_geopolitics (region=OTHER score=50) :: "Homes hanging onto cliff edge following huge lands..."
[DROP] low_geopolitics (region=OTHER score=50) :: "How Britain could be embroiled in US attack on Ira..."
[DROP] low_geopolitics (region=OTHER score=50) :: "Kenya: Funding Crisis Freezes Registration of 32 N..."
[DROP] low_geopolitics (region=OTHER score=50) :: "Sudan: Sudan, UK Conclude Talks On Security and Bi..."
[DROP] low_geopolitics (region=OTHER score=50) :: "Nigeria: Senate Commends U.S.-Nigeria Military Coo..."
[DROP] low_geopolitics (region=OTHER score=50) :: "Morocco/Senegal: CAF Disciplinary Committee Meets ..."
[DROP] low_geopolitics (region=OTHER score=50) :: "Uganda: Tiktoker Arrested Over Threats to Harm Rul..."
[DROP] DUP_TOPIC :: "Rusia califica de "alarmantes" reportes sobre posi..."
[DROP] low_geopolitics (region=OTHER score=50) :: "El fin del mundo, más cerca que nunca: los científ..."
[DROP] low_geopolitics (region=OTHER score=50) :: "Clima continuará frío en Guatemala este martes, y ..."
[DROP] low_geopolitics (region=OTHER score=50) :: "“Queremos ganar para estar en octavos”, afirmó Fli..."
[DROP] low_geopolitics (region=OTHER score=50) :: "Families of Trinidadian Men Killed in Illegal Boat..."
[DROP] low_geopolitics (region=OTHER score=50) :: "Heat Waves to Affect 20% of EU Cattle’s Productivi..."
[DROP] low_geopolitics (region=OTHER score=50) :: "China: Is Xi Jinping losing trust in his top gener..."
[DROP] low_geopolitics (region=OTHER score=50) :: "State Duma Lawmaker Rebukes Colleagues for Fueling..."
[DROP] low_geopolitics (region=OTHER score=50) :: "Shaped by ancient humans, 430,000-year-old wooden ..."
[DROP] low_geopolitics (region=OTHER score=50) :: "Francia condecora la carrera de Victoria Beckham e..."
[DROP] DUP_TOPIC :: "Iran Arrests Organizers of Foreign-Backed Riots..."
[DROP] DUP_TOPIC :: "Trump admin sued by families of two men killed in ..."
[DROP] low_geopolitics (region=OTHER score=50) :: "Alex Pretti GoFundMe: Did Bill Ackman just donate ..."
[DROP] low_geopolitics (region=OTHER score=50) :: "Julio Iglesias acusa a sus extrabajadoras de “denu..."
[DROP] DUP_TOPIC :: "Comisión de Postulación del TSE: los 32 aspirantes..."
[DROP] low_geopolitics (region=OTHER score=50) :: "Guatemala cierra el 2025 con superávit de Q3 mil 2..."
[DROP] low_geopolitics (region=OTHER score=50) :: "Cobán Imperial busca su tercer triunfo del Clausur..."
[DROP] low_geopolitics (region=OTHER score=50) :: "Trump holds late-night crisis talks with Kristi No..."
[DROP] low_geopolitics (region=OTHER score=50) :: "Una misión arqueológica egipcio-china descubre un ..."
[DROP] low_geopolitics (region=OTHER score=50) :: "¿Ya estaba decidido? La teoría conspirativa sobre ..."
[DROP] low_geopolitics (region=OTHER score=50) :: "Cómo la purga del más alto general del ejército de..."
[DROP] low_geopolitics (region=OTHER score=50) :: "Russian Strikes Across Ukraine Kill At Least 6..."
[DROP] DUP_TOPIC :: "Rusia cataloga de "alarmante" posible bloqueo nava..."
[DROP] low_geopolitics (region=OTHER score=50) :: "Record Debt in the World’s Richest Nations Threate..."
[DROP] low_geopolitics (region=OTHER score=50) :: "Five-year-old deported to Honduras despite being U..."
[DROP] low_geopolitics (region=OTHER score=50) :: "Cómo fue descubierto un guardia del SP señalado de..."
[DROP] DUP_TOPIC :: "Venezuela: disputa narrativa sobre presos político..."
[DROP] DUP_TOPIC :: "Iran Summons Italian Ambassador Over Terrorist Des..."
[DROP] low_geopolitics (region=OTHER score=50) :: "Red Sea Rivalries Risk Unraveling the Horn of Afri..."
[DROP] low_geopolitics (region=OTHER score=50) :: "Social Security alarm: Retirees to soon face month..."
[DROP] low_geopolitics (region=OTHER score=50) :: "Facing U.S. turmoil, Europe and India announce blo..."
[DROP] low_geopolitics (region=OTHER score=50) :: "Siria: Los combates continúan en Kobane a pesar de..."
[DROP] low_geopolitics (region=OTHER score=50) :: "¿Es recomendable imprimir la tarjeta de circulació..."
[DROP] low_geopolitics (region=OTHER score=50) :: "Mexicans Have a Negative Perception of the U.S. Si..."
[DROP] low_geopolitics (region=OTHER score=50) :: "Irán: una red clandestina de médicos revela la mag..."
[DROP] low_geopolitics (region=OTHER score=50) :: "The stories of the final hostages whose bodies wer..."
[DROP] low_geopolitics (region=OTHER score=50) :: "'A slightly crazy dream': the French collective re..."
[DROP] low_geopolitics (region=OTHER score=50) :: "Melania Trump breaks silence amid protests against..."
[DROP] low_geopolitics (region=OTHER score=50) :: "Proyecto estadounidense dona medicamentos para niñ..."
[DROP] low_geopolitics (region=OTHER score=50) :: "H-1B visa stamping delays extend to 2027, disrupti..."
[DROP] low_geopolitics (region=OTHER score=50) :: "As Trump shuffles global order, U.K. prime ministe..."
[DROP] low_geopolitics (region=OTHER score=50) :: "US suggests Hamas disarmament would come with amne..."
[DROP] low_geopolitics (region=OTHER score=50) :: "India and the EU clinch the 'mother of all deals' ..."
[DROP] low_geopolitics (region=OTHER score=50) :: "Trump’s Board of Peace Cracks the BRICS Wall..."
[DROP] low_geopolitics (region=OTHER score=50) :: "Australia cancels visa of British-Israeli influenc..."
[DROP] low_geopolitics (region=OTHER score=50) :: "Quince pasajeros resultan heridos en accidente de ..."
[DROP] low_geopolitics (region=OTHER score=50) :: "Man, 29, races against time to preserve voices of ..."
[DROP] low_geopolitics (region=OTHER score=50) :: "India-EU deal sealed, Canada and Brazil also look ..."
[DROP] low_geopolitics (region=OTHER score=50) :: "China appears set on militarizing another reef in ..."
[DROP] low_geopolitics (region=OTHER score=50) :: "Watch: Huge landslide in Sicily after Storm Harry..."
[DROP] low_geopolitics (region=OTHER score=50) :: "Accidentes, lluvia y tráileres varados colapsan el..."
[DROP] low_geopolitics (region=OTHER score=50) :: "Finance Ministry Eyes Online Casino Legalization t..."
[DROP] low_geopolitics (region=OTHER score=50) :: "'It's 2C in our flat': Inside Kyiv apartment as Ru..."
[DROP] low_geopolitics (region=OTHER score=50) :: "Trend of Americans wearing passports on their head..."
[DROP] low_geopolitics (region=OTHER score=50) :: "Francia avanza hacia la prohibición de las redes p..."
[DROP] low_geopolitics (region=OTHER score=50) :: "Rusia asomó que Maduro fue traicionado y señala in..."
[DROP] low_geopolitics (region=OTHER score=50) :: "Negli Usa aumentano gli utenti che cancellano TikT..."
[DROP] low_geopolitics (region=OTHER score=50) :: "México cancela un envío de petróleo a Cuba en medi..."
[DROP] low_geopolitics (region=OTHER score=50) :: ""Mi casa me la partieron": Sauzal Bonito, el puebl..."
[DROP] low_geopolitics (region=OTHER score=50) :: "Antigua GFC no levanta y Tapia reconoce un inicio ..."
[DROP] low_geopolitics (region=OTHER score=50) :: "OCDE recomienda políticas públicas para impulsar a..."
[DROP] low_geopolitics (region=OTHER score=50) :: "Irán: ¿qué opciones tiene Estados Unidos en caso d..."
[DROP] low_geopolitics (region=OTHER score=50) :: "Israel-Hamás: ¿Qué sigue tras la recuperación de l..."
[DROP] low_geopolitics (region=OTHER score=50) :: "‘I am no longer a US citizen’: Man explains why he..."
[DROP] low_geopolitics (region=OTHER score=50) :: "La OMS retira a España el estatus de país libre de..."
[DROP] low_geopolitics (region=OTHER score=50) :: "The Middle East Has Two New Rival Teams..."
[DROP] low_geopolitics (region=OTHER score=50) :: "Hamas took 251 hostages from Israel into Gaza. Wha..."
[DROP] low_geopolitics (region=OTHER score=50) :: "Iran threats, Maduro capture and mixed messages on..."
[DROP] low_geopolitics (region=OTHER score=50) :: "Las FFAA rusas liberan 2 asentamientos e intercept..."
[DROP] low_geopolitics (region=OTHER score=50) :: "Katy Perry urges fans to block ICE $10bn funding, ..."
[DROP] low_geopolitics (region=OTHER score=50) :: ""Los zombis son algo patente y casi que predominan..."
[DROP] low_geopolitics (region=OTHER score=50) :: "Charity warns of elderly isolation after 32 ‘solit..."
[DROP] low_geopolitics (region=OTHER score=50) :: "Así son las escuelas que superan las expectativas:..."
[DROP] low_geopolitics (region=OTHER score=50) :: "La llegada de agentes del ICE a los Juegos Olímpic..."
[DROP] low_geopolitics (region=OTHER score=50) :: "Major Winter Storm Dumps Snow on Moscow, Disrupts ..."
[DROP] low_geopolitics (region=OTHER score=50) :: "¿Cómo queda la distribución de las asignaciones po..."
[DROP] low_geopolitics (region=OTHER score=50) :: "España adoptará un plan de regularización de inmig..."
[DROP] low_geopolitics (region=OTHER score=50) :: "Vista desde India, la “madre de todos los acuerdos..."
[DROP] low_geopolitics (region=OTHER score=50) :: "Is Gregory Bovino blocked from using social media?..."
[DROP] low_geopolitics (region=OTHER score=50) :: "Italia: Agentes del ICE colaborarán con la segurid..."
[DROP] low_geopolitics (region=OTHER score=50) :: "South Africa confirms temporary withdrawal from G2..."
[DROP] low_geopolitics (region=OTHER score=50) :: "How Trump’s Threats to Greenland Made Him a Liabil..."
[DROP] low_geopolitics (region=OTHER score=50) :: "¿Qué significan las purgas en la cúpula del ejérci..."
[DROP] low_geopolitics (region=OTHER score=50) :: ""Los daneses nunca hemos tratado a los groenlandes..."
[DROP] low_geopolitics (region=OTHER score=50) :: "Mother of man jailed in Syria for Islamic State li..."
[DROP] low_geopolitics (region=OTHER score=50) :: "Poland built the E.U.’s biggest army, but the thre..."
[DROP] low_geopolitics (region=OTHER score=50) :: "La inversión en tecnología, clave para un transpor..."
[DROP] low_geopolitics (region=OTHER score=50) :: "EEUU: Trump intenta bajar las tensiones en Mineápo..."
[DROP] low_geopolitics (region=OTHER score=50) :: "Africa: Building Africa's Future Together - OAFLAD..."
[DROP] DUP_TOPIC :: "Muertes por accidentes de tránsito en Cuba aumenta..."
[DROP] DUP_TOPIC :: "Crecen las tensiones con Rusia por posibles planes..."
[DROP] low_geopolitics (region=OTHER score=50) :: "Who were Jacob Hosmer and Shawna Collins? Pilot an..."
[DROP] low_geopolitics (region=OTHER score=50) :: "Japón: la primera ministra Sanae Takaichi cae en l..."
[DROP] low_geopolitics (region=OTHER score=50) :: "Así se expande la ‘Vespa orientalis’, otro avispón..."
[DROP] low_geopolitics (region=OTHER score=50) :: "NATO’s Rutte says Europe can’t defend itself witho..."
[DROP] low_geopolitics (region=OTHER score=50) :: "Trump approval rating today: Poll hits record low ..."
[DROP] low_geopolitics (region=OTHER score=50) :: "Estados Unidos: La tormenta invernal paraliza part..."
[DROP] low_geopolitics (region=OTHER score=50) :: "Who is Kyle Wagner? Minnesota ‘Antifa’ activist la..."
[DROP] low_geopolitics (region=OTHER score=50) :: "Valencia sustituye a Cádiz como sede española del ..."
[DROP] low_geopolitics (region=OTHER score=50) :: "Canada’s energy minister arrives in India on Tuesd..."
[DROP] low_geopolitics (region=OTHER score=50) :: "Carney’s approval ratings rise after Davos speech..."
[DROP] low_geopolitics (region=OTHER score=50) :: "Greg Bovino family: What we know about Border Patr..."
[DROP] low_geopolitics (region=OTHER score=50) :: "Doval to visit Canada next month for strategic coo..."
[DROP] low_geopolitics (region=OTHER score=50) :: "¿Puede la UE concretar su plan de convertirse en u..."
[DROP] low_geopolitics (region=OTHER score=50) :: "Starmer says UK won’t be forced to choose between ..."
[DROP] low_geopolitics (region=OTHER score=50) :: "ISIS-K-linked embassy attack plot foiled in Azerba..."
[DROP] low_geopolitics (region=OTHER score=50) :: "North Korea launches missile as US pushes South Ko..."
[DROP] low_geopolitics (region=OTHER score=50) :: "La UE e India firman un colosal acuerdo comercial..."
[DROP] low_geopolitics (region=OTHER score=50) :: "Who is Melinda? Virginia healthcare worker accused..."
[DROP] low_geopolitics (region=OTHER score=50) :: "NATO chief wishes 'good luck' to those who think E..."
[DROP] low_geopolitics (region=OTHER score=50) :: "French MPs vote to curb children’s screen time wit..."
[DROP] DUP_TOPIC :: "Hizbullah, Iran’s most powerful proxy, has been hu..."
[DROP] low_geopolitics (region=OTHER score=50) :: "Why AI won’t wipe out white-collar jobs..."
[DROP] DUP_TOPIC :: "Iran’s Protest Crackdown Looks Deadlier by the Day..."
[DROP] low_geopolitics (region=OTHER score=50) :: "Portaviones de EEUU llega al Oriente Medio e Irán ..."
[DROP] low_geopolitics (region=OTHER score=50) :: "Zionist Expansion: A First-Hand Account of Israel’..."
[DROP] low_geopolitics (region=OTHER score=50) :: "Estreno de ‘DecoMasters’: drama y salseo en el ‘Ma..."
[DROP] low_geopolitics (region=OTHER score=50) :: "Trump threatens to raise tariffs on South Korea to..."
[DROP] low_geopolitics (region=OTHER score=50) :: "Ecuador invertirá 180 millones de dólares en equip..."
[DROP] low_geopolitics (region=OTHER score=50) :: "‘John le Carré: Tradecraft’ Review: The Spy Noveli..."
[DROP] low_geopolitics (region=OTHER score=50) :: "Fact check: Have Disney and Marvel fired Mark Ruff..."
[DROP] low_geopolitics (region=OTHER score=50) :: "EU and India seal 'mother of all trade deals' as l..."
[DROP] low_geopolitics (region=OTHER score=50) :: "The Tyranny Apologists..."
[DROP] low_geopolitics (region=OTHER score=50) :: "Imagining the End of Capitalism..."
[DROP] low_geopolitics (region=OTHER score=50) :: "One More in the Name of Oil and Empire..."
[DROP] low_geopolitics (region=OTHER score=50) :: "Gaza’s “Board of Peace”: A Circus to Normalize a N..."
[DROP] low_geopolitics (region=OTHER score=50) :: "Borders as Crime Scenes and Crimes..."
[DROP] low_geopolitics (region=OTHER score=50) :: "The Global Billionaire Steal: Wealth, Authoritaria..."
[DROP] low_geopolitics (region=OTHER score=50) :: "Spotting Conspiracy Talk: A Linguistic Guide for t..."
[DROP] low_geopolitics (region=OTHER score=50) :: "Welcome to Palestine, Minnesota: Life Under Occupa..."
[DROP] low_geopolitics (region=OTHER score=50) :: "Spending Under Trump: Drugs Up, Factories Down..."
[DROP] low_geopolitics (region=OTHER score=50) :: "ICE Immigration Tactics are Shocking More American..."
[DROP] low_geopolitics (region=OTHER score=50) :: "Las pequeñas empresas en el Reino Unido son las má..."
[DROP] low_geopolitics (region=OTHER score=50) :: "Enero termina sin que el CIV arranque obras viales..."
[DROP] low_geopolitics (region=OTHER score=50) :: "Proyectos con el Cuerpo de Ingenieros de EE. UU., ..."
[DROP] low_geopolitics (region=OTHER score=50) :: "De mal en peor..."
[DROP] low_geopolitics (region=OTHER score=50) :: "Urge hoja de ruta sobre infraestructura..."
[DROP] low_geopolitics (region=OTHER score=50) :: "En busca de señales del nuevo orden mundial de Tru..."
[DROP] low_geopolitics (region=OTHER score=50) :: "Tres consejos para establecer límites de tiempo fr..."
[DROP] low_geopolitics (region=OTHER score=50) :: "La Antigua: ¿cámaras para seguridad o para multar?..."
[DROP] low_geopolitics (region=OTHER score=50) :: "El futuro de Guatemala se construye acercando comu..."
[DROP] low_geopolitics (region=OTHER score=50) :: "Respeto tardío, gratitud inexistente..."
[DROP] low_geopolitics (region=OTHER score=50) :: "Orden mundial, tres alternativas..."
[DROP] low_geopolitics (region=OTHER score=50) :: "Horóscopo de hoy martes 27 de enero de 2026..."
[DROP] low_geopolitics (region=OTHER score=50) :: "Vietnam’s To Lam Stakes His Ascent on Rapid Growth..."
[DROP] low_geopolitics (region=OTHER score=50) :: "¿Qué hubiera hecho si fuera un judío en el Holocau..."
[DROP] low_geopolitics (region=OTHER score=50) :: "Xi’s Purge of the Chinese Military..."
[DROP] low_geopolitics (region=OTHER score=50) :: "The Killing of Alex Pretti Should Be the Breaking ..."
[DROP] low_geopolitics (region=OTHER score=50) :: "Minneapolis despide con una protesta a Greg Bovino..."
[DROP] low_geopolitics (region=OTHER score=50) :: "ICE captura al reguetonero cubano Abel Díaz Rodríg..."
[DROP] low_geopolitics (region=OTHER score=50) :: "EE UU consuma su fuga de la lucha climática mientr..."
[DROP] low_geopolitics (region=OTHER score=50) :: "¿“Todos” perdimos la Guerra Civil? Un ciclo de cha..."
[DROP] low_geopolitics (region=OTHER score=50) :: "Un documental sobre el asesinato de Miguel Ángel B..."
[DROP] low_geopolitics (region=OTHER score=50) :: "Doce años sin patria en República Dominicana: “El ..."
[DROP] low_geopolitics (region=OTHER score=50) :: "Qué tiene “el drama” de Los Beckham para ser el pa..."
[DROP] low_geopolitics (region=OTHER score=50) :: "Un nuevo contrato social para afrontar el cambio c..."
[DROP] low_geopolitics (region=OTHER score=50) :: "Juan Muñoz, de Cruz y Raya: “Cuando tienes éxito, ..."
[DROP] low_geopolitics (region=OTHER score=50) :: "Cinco excursiones por el Cabo de Gata con un exper..."
[DROP] low_geopolitics (region=OTHER score=50) :: "El pequeño Liam lleva una semana detenido: el rost..."
[DROP] low_geopolitics (region=OTHER score=50) :: "Pasta con sobrasada, la receta que conecta Italia ..."
[DROP] low_geopolitics (region=OTHER score=50) :: "La región sur de Argentina representa "una pieza c..."
[DROP] low_geopolitics (region=OTHER score=50) :: "Tragedia aérea en Maine: confirman 7 muertos y un ..."
[DROP] low_geopolitics (region=OTHER score=50) :: "Elections this Sunday, February 1, in Costa Rica..."
[DROP] low_geopolitics (region=OTHER score=50) :: "“Hay gente que nunca querrá verte crecer”: el mens..."
[DROP] low_geopolitics (region=OTHER score=50) :: "CC ordena al presidente Arévalo retomar la constru..."
[DROP] low_geopolitics (region=OTHER score=50) :: "Asfura asumirá como presidente de Honduras en un c..."
[DROP] low_geopolitics (region=OTHER score=50) :: "Canada’s Marineland Whales Could Find New Homes in..."
[DROP] low_geopolitics (region=OTHER score=50) :: "Turismo sigue abierto y restaurantes operan con no..."
[DROP] low_geopolitics (region=OTHER score=50) :: "EEUU se acerca a Paraguay ante el impulso nacional..."
[DROP] low_geopolitics (region=OTHER score=50) :: "Entre sabores, sonrisas y vivencias: Fátima Bosch ..."
[DROP] low_geopolitics (region=OTHER score=50) :: "El cambio en la estrategia de ataque de Trump ante..."
[DROP] low_geopolitics (region=OTHER score=50) :: "Salario mínimo 2026: lo que deben saber los patron..."
[DROP] low_geopolitics (region=OTHER score=50) :: "Bank of America prevé la continuidad del TMEC, per..."
[DROP] low_geopolitics (region=OTHER score=50) :: "Can India be a player in the computer chip industr..."
[DROP] low_geopolitics (region=OTHER score=50) :: "El mayor estudio sobre los efectos de la terapia h..."
[DROP] DUP_TOPIC :: "Trump Briefed on Intelligence Saying Iran’s Govern..."
[DROP] low_geopolitics (region=OTHER score=50) :: "NATO Chief Says Europe Is ‘Dreaming’ if It Thinks ..."
[DROP] low_geopolitics (region=OTHER score=50) :: "Minneapolis ICE Shooting Tests Limits of Trump’s I..."
[DROP] DUP_TOPIC :: "Rusia “bajo alarma” ante reportes de un posible bl..."
[DROP] low_geopolitics (region=OTHER score=50) :: "China has purged its highest-ranked military gener..."
[DROP] low_geopolitics (region=OTHER score=50) :: "Canadian ex-Olympian pleads not guilty to 17 felon..."
[DROP] low_geopolitics (region=OTHER score=50) :: "Israel Recovers Body of Ran Gvili From Gaza, Closi..."
[DROP] low_geopolitics (region=OTHER score=50) :: "Los científicos que buscan descifrar el misterio d..."
[DROP] low_geopolitics (region=OTHER score=50) :: "Israel confirms remains of last hostage, Rani Gvil..."
[DROP] low_geopolitics (region=OTHER score=50) :: "Unmanned systems key to Arctic maritime defense, e..."
[DROP] low_geopolitics (region=OTHER score=50) :: "Unmanned systems key to Arctic maritime defense, e..."
[DROP] low_geopolitics (region=OTHER score=50) :: "Trump’s new national defense strategy downgrades C..."
[DROP] low_geopolitics (region=OTHER score=50) :: "Israel Says It Will Reopen Gaza-Egypt Border Cross..."
[DROP] DUP_TOPIC :: "Aircraft carrier reaches Middle East, bolstering I..."
[DROP] low_geopolitics (region=OTHER score=50) :: "US base lost under Greenland’s ice reveals island’..."
[DROP] low_geopolitics (region=OTHER score=50) :: "Chinese Pandas Leave Japanese Zoo..."
[DROP] low_geopolitics (region=OTHER score=50) :: "Veterans react to killing of VA nurse Alex Pretti ..."
[DROP] low_geopolitics (region=OTHER score=50) :: "Trump’s Venezuela Coup and Cuba Threats Are Old U...."
[DROP] low_geopolitics (region=OTHER score=50) :: "Thousands of Flights Canceled Monday After Snowsto..."
[DROP] DUP_TOPIC :: "New Iran videos show bodies piled in hospital and ..."
[DROP] low_geopolitics (region=OTHER score=50) :: ""Esto es aterrador": la conmoción y la rabia de lo..."
[DROP] low_geopolitics (region=OTHER score=50) :: "Minneapolis Déjà Vu..."
[DROP] low_geopolitics (region=OTHER score=50) :: "As U.S. Warships Get Closer, Iran Ramps Up Threats..."
[DROP] low_geopolitics (region=OTHER score=50) :: ""Es una especie de asedio ártico": la potente torm..."
[DROP] low_geopolitics (region=OTHER score=50) :: "Air Force to update deployment design in Air Exped..."
[DROP] low_geopolitics (region=OTHER score=50) :: "The Taliban Say They’re Ready to Release U.S. Pris..."
[DROP] low_geopolitics (region=OTHER score=50) :: "As Generals Fall, Xi Jinping’s Anti-Corruption Cam..."
[DROP] low_geopolitics (region=OTHER score=50) :: "Por qué la Patrulla Fronteriza de EE.UU. está actu..."
[DROP] low_geopolitics (region=OTHER score=50) :: "Remains of last Israeli held in Gaza after 7 Octob..."
[DROP] low_geopolitics (region=OTHER score=50) :: "Winter Storm Pummels Toronto With Record Snowfall..."
[DROP] low_geopolitics (region=OTHER score=50) :: "Critics see ‘chilling effect’ of DOD crackdown on ..."
[DROP] low_geopolitics (region=OTHER score=50) :: "Guyanese businessman facing US extradition elected..."
[DROP] low_geopolitics (region=OTHER score=50) :: "Gunmen Kill 11 After Soccer Match in Mexico..."
[DROP] low_geopolitics (region=OTHER score=50) :: "Russia Starts Pulling Forces From Base in Northeas..."
[DROP] DUP_TOPIC :: "US aircraft carrier arrives in Middle East amid Ir..."
[DROP] low_geopolitics (region=OTHER score=50) :: "Purge of top Chinese general throws military into ..."
[DROP] low_geopolitics (region=OTHER score=50) :: "Despite Sanctions and Boycotts, Some Western Music..."
[DROP] low_geopolitics (region=OTHER score=50) :: "Russia Says Talks to End War in Ukraine Will Conti..."
[DROP] low_geopolitics (region=OTHER score=50) :: "Vídeos de ajedrez | Obra maestra de Harikrishna, s..."
[DROP] DUP_TOPIC :: "Rusia se pronuncia sobre posible bloqueo naval de ..."
[DROP] low_geopolitics (region=OTHER score=50) :: "Al menos 11 muertos en un ataque armado en un camp..."
[DROP] low_geopolitics (region=OTHER score=50) :: "‘Light recipes’ tested to combat sailor fatigue at..."
[DROP] low_geopolitics (region=OTHER score=50) :: "In Xi’s China, Top General’s Fall Shows Precarious..."
[DROP] low_geopolitics (region=OTHER score=50) :: "Elbit bets on UK as its European drone sales hub..."
[DROP] low_geopolitics (region=OTHER score=50) :: "Goma's residents reflect on life a year after DR C..."
[DROP] low_geopolitics (region=OTHER score=50) :: "EU Gives Final Approval to Russian Gas Ban..."
[DROP] low_geopolitics (region=OTHER score=50) :: "New naval power and propulsion facility opens in S..."
[DROP] low_geopolitics (region=OTHER score=50) :: "New naval power and propulsion facility opens in S..."
[DROP] DUP_TOPIC :: "In Venezuela, Freeing the Economy, but Nothing Els..."
[DROP] low_geopolitics (region=OTHER score=50) :: "EU countries give final approval to Russian gas ba..."
[DROP] low_geopolitics (region=OTHER score=50) :: "Navy fires commodore of First Naval Construction R..."
[DROP] low_geopolitics (region=OTHER score=50) :: "Murmansk Region Issues Emergency Declaration as Ar..."
[DROP] DUP_TOPIC :: "Tensión en el Caribe: Donald Trump proyecta bloque..."
[DROP] low_geopolitics (region=OTHER score=50) :: "Hegseth puts more muscle into fixing troops’ house..."
[DROP] DUP_TOPIC :: "Rusia expresa preocupación ante posible bloqueo na..."
[DROP] low_geopolitics (region=OTHER score=50) :: "Exmilitar español en las filas rusas: "Está clarís..."
[DROP] low_geopolitics (region=OTHER score=50) :: "“Todos los rehenes retenidos en Gaza han sido repa..."
[DROP] low_geopolitics (region=OTHER score=50) :: "Council of Europe Assembly Approves Candidates for..."
[DROP] low_geopolitics (region=OTHER score=50) :: "Estonia nears decision on which missile defense sy..."
[DROP] low_geopolitics (region=OTHER score=50) :: "Hundreds feared dead in attempt to cross Mediterra..."
[DROP] low_geopolitics (region=OTHER score=50) :: "Shift to Drone Fighting in Ukraine War Means No Wi..."
[DROP] low_geopolitics (region=OTHER score=50) :: "Bruselas estrecha el cerco sobre Grok y X con una ..."
[DROP] low_geopolitics (region=OTHER score=50) :: "At Least 18 Dead After Ferry Carrying 350 Sinks in..."
[DROP] low_geopolitics (region=OTHER score=50) :: "Remains of last Israeli hostage found in Gaza, pav..."
[DROP] low_geopolitics (region=OTHER score=50) :: "Crocodile warnings as floods devastate southern Af..."
[DROP] low_geopolitics (region=OTHER score=50) :: "Cuadro a cuadro: la BBC analiza los videos del tir..."
[DROP] low_geopolitics (region=OTHER score=50) :: "Ukraine’s Answer Might Be Kosovo..."
[DROP] low_geopolitics (region=OTHER score=50) :: "France detains two British activists over anti-mig..."
[DROP] low_geopolitics (region=OTHER score=50) :: "Alex Honnold describes his rope-free climb up Taip..."
[DROP] low_geopolitics (region=OTHER score=50) :: "Washington no habría renunciado a sus planes de in..."
[DROP] low_geopolitics (region=OTHER score=50) :: "Moscow’s Only Anglican Church Suspends Services..."
[DROP] DUP_TOPIC :: "¿Comenzó una transición en Venezuela? 4 expertos a..."
[DROP] low_geopolitics (region=OTHER score=50) :: "Rusia golpea infraestructuras energéticas de Ucran..."
[DROP] low_geopolitics (region=OTHER score=50) :: "Francia: Diputados aprueban la prohibición de las ..."
[DROP] low_geopolitics (region=OTHER score=50) :: "Trilateral Talks in UAE ‘Constructive,’ Kremlin Sa..."
[DROP] low_geopolitics (region=OTHER score=50) :: "French ex-senator on trial for spiking MP's drinks..."
[DROP] low_geopolitics (region=OTHER score=50) :: ""Las empresas de IA no tienen plan de negocio o su..."
[DROP] low_geopolitics (region=OTHER score=50) :: "A los ricos no les gusta la FP: uno de cada cuatro..."
[DROP] low_geopolitics (region=OTHER score=50) :: "US to increase cooperation with Nigeria to pursue ..."
[DROP] low_geopolitics (region=OTHER score=50) :: "El Kremlin alerta de un posible bloqueo naval esta..."
[DROP] low_geopolitics (region=OTHER score=50) :: "Germany’s Uniper Seeks $50M From Gazprom in Gas Tr..."
[DROP] low_geopolitics (region=OTHER score=50) :: "India’s on-again, off-again aerial tanker saga edg..."
[DROP] low_geopolitics (region=OTHER score=50) :: "Hundreds rescued after ferry capsizes in the Phili..."
[DROP] DUP_TOPIC :: "Rusia avisa de que EEUU planea un bloqueo naval a ..."
[DROP] low_geopolitics (region=OTHER score=50) :: "El número de inmigrantes detenidos en México con d..."
[DROP] low_geopolitics (region=OTHER score=50) :: "La tormenta de nieve en EEUU deja la mayor cantida..."
[DROP] low_geopolitics (region=OTHER score=50) :: "Appeal trial opens for four convicted over murder ..."
[DROP] low_geopolitics (region=OTHER score=50) :: "Maximum Damage and Massacre: ICE Kills, ICE Lies..."
[DROP] low_geopolitics (region=OTHER score=50) :: "Where the Sidewalk Ends, the Lies Begin: On the Ex..."
[DROP] low_geopolitics (region=OTHER score=50) :: "Out of the Ashes of Gaza Rises the ‘Class of the P..."
[DROP] low_geopolitics (region=OTHER score=50) :: "Will D.H.S. Destroy Free Speech In Minnesota?..."
[DROP] low_geopolitics (region=OTHER score=50) :: "Mark Carney, World Hero..."
[DROP] low_geopolitics (region=OTHER score=50) :: "ICE is Out of Control..."
[DROP] low_geopolitics (region=OTHER score=50) :: "El riesgo país de Ecuador sigue a la baja y se col..."
[DROP] low_geopolitics (region=OTHER score=50) :: "Another Fatal Shooting in Minneapolis..."
[DROP] DUP_TOPIC :: "In Venezuela, Families Search for Relatives Who Ar..."
[DROP] low_geopolitics (region=OTHER score=50) :: "What Kent State Taught the Country About State Vio..."
[DROP] low_geopolitics (region=OTHER score=50) :: "Se buscan un millón de matronas: “Algunas ven hast..."
[DROP] low_geopolitics (region=OTHER score=50) :: "Solo para miembros: ¿por qué hay gente que quiere ..."
[DROP] low_geopolitics (region=OTHER score=50) :: "El historiador que habla de grasa: “Si no fuese ta..."
[DROP] low_geopolitics (region=OTHER score=50) :: "Viaje a Etiopía para conocer los grupos étnicos de..."
[DROP] low_geopolitics (region=OTHER score=50) :: "El autorretrato en tiempos del selfi..."
[DROP] low_geopolitics (region=OTHER score=50) :: "Diez platos clásicos del recetario español que sie..."
[DROP] low_geopolitics (region=OTHER score=50) :: "Los medios digitales consolidan su presencia en Pe..."
[DROP] low_geopolitics (region=OTHER score=50) :: "La lucha contra las drogas de EEUU ha propiciado "..."
[DROP] low_geopolitics (region=OTHER score=50) :: "'I spent £2,000 on one event': Why Gen Z is obsess..."
[DROP] low_geopolitics (region=OTHER score=50) :: "Murder and MI5: How an extraordinary battle erupte..."
[DROP] low_geopolitics (region=OTHER score=50) :: "NRA and other US gun activists push back at Trump ..."
[DROP] low_geopolitics (region=OTHER score=50) :: "La tormenta ‘Fern’ azota Estados Unidos: avanza ha..."
[DROP] low_geopolitics (region=OTHER score=50) :: "Analysing the Minneapolis shooting frame by frame..."
[DROP] low_geopolitics (region=OTHER score=50) :: "Macron pushes fast-track ban on social media for u..."
[DROP] DUP_TOPIC :: "Amid Two-Week Internet Blackout, Some Iranians Are..."
[DROP] DUP_TOPIC :: "Denuncian citaciones masivas de jóvenes al servici..."
[DROP] low_geopolitics (region=OTHER score=50) :: "Los territorios que Estados Unidos compró a lo lar..."
[DROP] DUP_TOPIC :: "Cuba acusa a EEUU de planear bloqueo naval al petr..."
[DROP] low_geopolitics (region=OTHER score=50) :: "The Podcaster Poking at France’s Biggest Secrets..."
[DROP] low_geopolitics (region=OTHER score=50) :: "Why Japan’s Leader Won’t Enter the Male-Dominated ..."
[DROP] DUP_TOPIC :: "🚨NOTICIAS ULTIMA HORA: BLOQUEO NAVAL EN CUBA | EL..."
[DROP] low_geopolitics (region=OTHER score=50) :: ""Después de 200 años, volvemos a ver esta especie"..."
[DROP] DUP_TOPIC :: "Cuba denuncia amenaza de bloqueo naval de EE.UU. -..."
[DROP] DUP_TOPIC :: "EEUU considera un bloqueo naval para frenar entrad..."
[DROP] low_geopolitics (region=OTHER score=50) :: "Luciano Benetton, el pionero de la moda que convir..."
[DROP] low_geopolitics (region=OTHER score=50) :: "Lo que 10 años como negociadora en casos de rehene..."
[DROP] DUP_NEAR(h=0) :: "Cuba denuncia amenaza de bloqueo naval de EEUU a s..."
[DROP] low_geopolitics (region=OTHER score=50) :: "La secuencia del asesinato de Alex Pretti por el I..."
[DROP] low_geopolitics (region=OTHER score=50) :: "Aranceles al vino francés impactarían en hasta el ..."
[DROP] DUP_TOPIC :: "Iranians return to daily life in a capital scarred..."
[DROP] low_geopolitics (region=OTHER score=50) :: "Myanmar military proxy expected to win landslide i..."
[DROP] low_geopolitics (region=OTHER score=50) :: "Rusia intercepta más de 30 proyectiles del sistema..."
[DROP] low_geopolitics (region=OTHER score=50) :: "Zelensky Seeks Air Defense Support as Russia Plung..."
[DROP] low_geopolitics (region=OTHER score=50) :: "Los empresarios de Estados Unidos, aliados inesper..."
[DROP] low_geopolitics (region=OTHER score=50) :: "Trump praises U.K. troops after backlash over NATO..."
[DROP] low_geopolitics (region=OTHER score=50) :: "Choque de trenes en España, incendios forestales e..."
[DROP] low_geopolitics (region=OTHER score=50) :: "Se disparan las búsquedas de vuelos a Brasil tras ..."
[DROP] low_geopolitics (region=OTHER score=50) :: "Perú avanza en la adquisición de 24 aviones caza..."
[DROP] low_geopolitics (region=OTHER score=50) :: "Mark Carney, un insospechado líder para plantar ca..."
[DROP] low_geopolitics (region=OTHER score=50) :: "Los nueve segundos que acabaron con 45 vidas: reco..."
[DROP] low_geopolitics (region=OTHER score=50) :: "Iñaki Urdangarin frente a su pasado: “Cuando se ce..."
[DROP] low_geopolitics (region=OTHER score=50) :: "¿Cómo piensa una inteligencia artificial? La gran ..."
[DROP] low_geopolitics (region=OTHER score=50) :: "Canadá o cómo quitarse la tontería..."
[DROP] low_geopolitics (region=OTHER score=50) :: "What we know about fatal shooting of Alex Pretti b..."
[DROP] low_geopolitics (region=OTHER score=50) :: "Trump Threatens Canada With Tariffs as Post-Davos ..."
[DROP] low_geopolitics (region=OTHER score=50) :: "William H. Foege, Key Figure in the Eradication of..."
[DROP] low_geopolitics (region=OTHER score=50) :: "Quién era Alex Pretti, el enfermero al que agentes..."
[DROP] low_geopolitics (region=OTHER score=50) :: "What India's Republic Day red carpet means for its..."
[DROP] low_geopolitics (region=OTHER score=50) :: "As the world inches back to a pre-WW2 order, the '..."
[DROP] low_geopolitics (region=OTHER score=50) :: "Arranca en Bolivia la tradicional Feria de Alasita..."
[DROP] low_geopolitics (region=OTHER score=50) :: "Man killed by US Border Patrol officer in Minneapo..."
[DROP] low_geopolitics (region=OTHER score=50) :: "El discurso de Carney en Davos "se ha repetido en ..."
[DROP] low_geopolitics (region=OTHER score=50) :: "Ukraine Peace Talks End on Positive Note as Zelens..."
[DROP] low_geopolitics (region=OTHER score=50) :: "Syria Announces Cease-Fire Extension, Hours After ..."
[DROP] DUP_TOPIC :: "Cuba denuncia posibles implicaciones tras amenaza ..."
[DROP] DUP_TOPIC :: "Reacciones en Miami tras reporte que indica que Tr..."
[DROP] DUP_TOPIC :: "Reacciones en Miami tras reporte que indica que Tr..."
[DROP] DUP_TOPIC :: "Bloqueo naval de Estados Unidos a Cuba: La Habana ..."
[DROP] DUP_TOPIC :: "MINREX reacciona ante posible bloqueo naval de EE...."
[DROP] DUP_TOPIC :: "¿Qué pasaría si EEUU impone bloqueo naval a Cuba c..."
[DROP] low_geopolitics (region=OTHER score=50) :: "Cold Comfort..."
[DROP] DUP_TOPIC :: "Fernández de Cossío denuncia el recrudecimiento de..."
[DROP] low_geopolitics (region=OTHER score=50) :: "Estas son las razones del declive de la conciencia..."
[DROP] low_geopolitics (region=OTHER score=50) :: "Why the US Army must focus on winning the first ba..."
[DROP] low_geopolitics (region=OTHER score=50) :: "Why the US Army must focus on winning the first ba..."
[DROP] low_geopolitics (region=OTHER score=50) :: "Iran’s Leadership Stumbles After War and Unrest..."
[DROP] DUP_TOPIC :: "EEUU evalúa un bloqueo naval a Cuba para impedir l..."
[DROP] low_geopolitics (region=OTHER score=50) :: "Ukraine, Russia, U.S. Agree to More Talks Next Wee..."
[DROP] DUP_TOPIC :: "La estrategia de Trump para acabar con el comunism..."
[DROP] low_geopolitics (region=OTHER score=50) :: "Europa cede Groenlandia a Trump..."
[DROP] low_geopolitics (region=OTHER score=50) :: "Cómo las historias de amor entre lesbianas tailand..."
[DROP] low_geopolitics (region=OTHER score=50) :: "Despite Trump’s Words, China and Russia Are Not Th..."
[DROP] DUP_TOPIC :: "Trump evalúa un bloqueo naval para detener las imp..."
[DROP] low_geopolitics (region=OTHER score=50) :: "Rusia libera una localidad y efectúa un ataque de ..."
[DROP] low_geopolitics (region=OTHER score=50) :: "Cómo un inocente cohete meteorológico noruego estu..."
[DROP] low_geopolitics (region=OTHER score=50) :: "A 81 años de la liberación de Auschwitz por las fu..."
[DROP] DUP_TOPIC :: "Trump prepara un bloqueo total del petróleo que so..."
[DROP] low_geopolitics (region=OTHER score=50) :: "Jared Kushner's vision for Gaza as a gleaming port..."
[DROP] low_geopolitics (region=OTHER score=50) :: "Mark Carney Takes On Donald Trump and Emerges as a..."
[DROP] low_geopolitics (region=OTHER score=50) :: "How a Photographer Stumbled Upon a Key Picture of ..."
[DROP] low_geopolitics (region=OTHER score=50) :: "Brasil cierra 2025 con récord histórico de recauda..."
[DROP] low_geopolitics (region=OTHER score=50) :: "How a Year of Trump Changed Britain..."
[DROP] DUP_TOPIC :: "How a Water Balloon Fight in Venezuela Ended in Ch..."
[DROP] low_geopolitics (region=OTHER score=50) :: "Australian Boy, 12, Dies After Shark Attack Near S..."
[DROP] low_geopolitics (region=OTHER score=50) :: "Argentina gana más con menos carne: las ganancias ..."
[DROP] low_geopolitics (region=OTHER score=50) :: "Pese a barreras comerciales, las exportaciones de ..."
[DROP] DUP_TOPIC :: "Estados Unidos evalúa cerrar el paso al crudo dest..."
[DROP] low_geopolitics (region=OTHER score=50) :: "De ‘Excalibur’ a ‘Boro’, el cambio de sensibilidad..."
[DROP] low_geopolitics (region=OTHER score=50) :: "La cama, donde nos abandonamos a los abrazos..."
[DROP] low_geopolitics (region=OTHER score=50) :: "Estrategias para saber cuándo y cómo decir “no” al..."
[DROP] DUP_TOPIC :: "¿Qué país perdería más debido al conflicto comerci..."
[DROP] low_geopolitics (region=OTHER score=50) :: "El Gobierno de Bolivia implementa plan de ayuda pa..."
[DROP] low_geopolitics (region=OTHER score=50) :: "Pentagon shifts focus away from China in new defen..."
[DROP] low_geopolitics (region=OTHER score=50) :: "Argentina registra uno de sus niveles más altos de..."
[DROP] DUP_TOPIC :: "Bloqueo naval a Cuba: la carta que Trump pone sobr..."
[DROP] low_geopolitics (region=OTHER score=50) :: "Alex Honnold's ropeless climb of Taipei 101 skyscr..."
[DROP] DUP_TOPIC :: "EE. UU. evalúa un bloqueo naval para cortar el pet..."
[DROP] DUP_TOPIC :: "¿Trump dará la estocada final a Cuba? EE. UU. prep..."
[DROP] DUP_NEAR(h=0) :: "Trump evalúa un bloqueo naval a Cuba para cortar e..."
[DROP] low_geopolitics (region=OTHER score=50) :: "Las impactantes acusaciones de Brooklyn Beckham co..."
[DROP] low_geopolitics (region=OTHER score=50) :: "Washington valora imponer un bloqueo naval para im..."
[DROP] low_geopolitics (region=OTHER score=50) :: "Trump remarks on NATO troops in Afghanistan spark ..."
[DROP] low_geopolitics (region=OTHER score=50) :: "Trump remarks on NATO troops in Afghanistan spark ..."
[DROP] low_geopolitics (region=OTHER score=50) :: "Can Europe Resist American Coercion?..."
[DROP] low_geopolitics (region=OTHER score=50) :: "Navy bans sailors from using kratom, other drugs..."
[DROP] low_geopolitics (region=OTHER score=50) :: "Territory Still a Deal-Breaker in Russia-Ukraine P..."
[DROP] low_geopolitics (region=OTHER score=50) :: "The Soviet Lessons for Trump’s Greenland Gambit..."
[DROP] DUP_TOPIC :: "La administración Trump considera un bloqueo naval..."
[DROP] DUP_TOPIC :: "EEUU considera un bloqueo naval para detener las i..."
[DROP] DUP_TOPIC :: "Administración Trump considera bloqueo naval para ..."
[DROP] DUP_TOPIC :: "Trump evalúa bloqueo naval a Cuba para cortar el p..."
[DROP] low_geopolitics (region=OTHER score=50) :: "Brown water afflicts residents of military housing..."
[DROP] low_geopolitics (region=OTHER score=50) :: "White House Golden Dome delays ‘frustrating’ to ke..."
[DROP] low_geopolitics (region=OTHER score=50) :: "White House Golden Dome delays ‘frustrating’ to ke..."
[DROP] low_geopolitics (region=OTHER score=50) :: "The Israel-Iran Detente Won’t Last..."
[DROP] DUP_TOPIC :: "Trump evalúa bloqueo naval para cortar el petróleo..."
[DROP] DUP_TOPIC :: "Gobierno de Trump estudia bloqueo naval para frena..."
[DROP] low_geopolitics (region=OTHER score=50) :: "What in the World?..."
[DROP] DUP_TOPIC :: "Trump evalúa un bloqueo naval para detener las imp..."
[DROP] low_geopolitics (region=OTHER score=50) :: "Britain’s New Spy Chief Has a New Mission..."
[DROP] low_geopolitics (region=OTHER score=50) :: "The Great Chinese Vibe Shift..."
[DROP] DUP_TOPIC :: "La Administración Trump se plantea asfixiar a Cuba..."
[DROP] DUP_TOPIC :: "La Administración Trump se plantea asfixiar a Cuba..."
[DROP] low_geopolitics (region=OTHER score=50) :: "The Collapse That Created Today’s Russia..."
[DROP] low_geopolitics (region=OTHER score=50) :: "Prince Harry says British troops deserve 'respect'..."
[DROP] DUP_TOPIC :: "La administración Trump contempla un bloqueo naval..."
[DROP] low_geopolitics (region=OTHER score=50) :: "What’s Buried by Baghdad’s Construction Boom..."
[DROP] low_geopolitics (region=OTHER score=50) :: "La doble humillación de Europa en Davos..."
[DROP] low_geopolitics (region=OTHER score=50) :: "Vance announces expansion of 'Mexico City' foreign..."
[DROP] low_geopolitics (region=OTHER score=50) :: "Caracas alza la voz en una jornada de protesta y m..."
[DROP] low_geopolitics (region=OTHER score=50) :: "‘It’s the sovereignty of the country’: Guinea-Biss..."
[DROP] low_geopolitics (region=OTHER score=50) :: "They fought ISIS in Syria for years. Now U.S. alli..."
[DROP] low_geopolitics (region=OTHER score=50) :: "Taiwan leaders face pushback on massive defense bu..."
[DROP] low_geopolitics (region=OTHER score=50) :: "‘Sabbath of Ukrainian Swine Underlings’: Russian F..."
[DROP] low_geopolitics (region=OTHER score=50) :: "Turkey, Qatar deepen defense ties with multiple de..."
[DROP] low_geopolitics (region=OTHER score=50) :: "Higher School of Economics Encouraging Students to..."
[DROP] DUP_TOPIC :: "Ukrainian leaders find lessons in Trump’s daring V..."
[DROP] low_geopolitics (region=OTHER score=50) :: "U.S. Jails Dual U.S.-Russian Citizen for Attempted..."
[DROP] low_geopolitics (region=OTHER score=50) :: "Kemerovo Region Governor Apologies for Blaming New..."
[DROP] low_geopolitics (region=OTHER score=50) :: "Rusia libera 5 localidades y cifra en más de 8.800..."
[DROP] low_geopolitics (region=OTHER score=50) :: "Bulgaria approves Naval Strike Missile buy amid Bl..."
[DROP] low_geopolitics (region=OTHER score=50) :: "Regions Calling: Why a Buryat Woman Stood Up to Ru..."
[DROP] low_geopolitics (region=OTHER score=50) :: "Trump warns U.S. 'armada' heading to Iran as activ..."
[DROP] low_geopolitics (region=OTHER score=50) :: "Russia Delays Launch of First Batch of Starlink Ri..."
[DROP] DUP_TOPIC :: ""Chavismo 3.0": quiénes forman parte del círculo d..."
[DROP] low_geopolitics (region=OTHER score=50) :: "Top NATO commanders standing by for policy guidanc..."
[DROP] low_geopolitics (region=OTHER score=50) :: "Africa: The UAE as a key actor in promoting Africa..."
[DROP] low_geopolitics (region=OTHER score=50) :: "EEUU despliega un portaaviones nuclear al norte de..."
[DROP] low_geopolitics (region=OTHER score=50) :: "St. Petersburg Police Probe Security Guards After ..."
[DROP] low_geopolitics (region=OTHER score=50) :: "Cómo miles de latinoamericanos ayudan a un grupo d..."
[DROP] low_geopolitics (region=OTHER score=50) :: ""Salas de la furia": cómo son los espacios cada ve..."
[DROP] low_geopolitics (region=OTHER score=50) :: "Russia and Ukraine hold joint peace talks with U.S..."
[DROP] low_geopolitics (region=OTHER score=50) :: "Military Court Admits Ukrainian Missile Strike San..."
[DROP] low_geopolitics (region=OTHER score=50) :: "Kyiv is freezing in the dark as Russian strikes le..."
[DROP] low_geopolitics (region=OTHER score=50) :: "No Sign of Compromise as Russia and Ukraine Head I..."
[DROP] low_geopolitics (region=OTHER score=50) :: "Denmark fast-tracked Lockheed radars for northern ..."
[DROP] low_geopolitics (region=OTHER score=50) :: "El Gobierno de México incauta más de 10.000 litros..."
[DROP] low_geopolitics (region=OTHER score=50) :: "Investigadores encuentran en Indonesia la pintura ..."
[DROP] low_geopolitics (region=OTHER score=50) :: "¿Qué productos impulsaron la inflación en México d..."
[DROP] low_geopolitics (region=OTHER score=50) :: "Paz inauguró su participación en escenarios intern..."
[DROP] low_geopolitics (region=OTHER score=50) :: "Raül Refree, productor de Rosalía o Niño de Elche:..."
[DROP] low_geopolitics (region=OTHER score=50) :: ""La institucionalidad internacional está en crisis..."
[DROP] low_geopolitics (region=OTHER score=50) :: "Los operativos del ICE en Minnesota enardecen la c..."
[DROP] low_geopolitics (region=OTHER score=50) :: "La reunión de Putin y Witkoff fue "extremadamente ..."
[DROP] low_geopolitics (region=OTHER score=50) :: "What to know about the 'Board of Peace': Who is in..."
[DROP] low_geopolitics (region=OTHER score=50) :: "¿Cuáles son los caminos del Mercosur para presiona..."
[DROP] low_geopolitics (region=OTHER score=50) :: ""Sin margen para negarse": Milei firma adhesión al..."
[DROP] low_geopolitics (region=OTHER score=50) :: "TRUMP coloca Portaavion NUCLEAR frente a las costa..."
[DROP] DUP_TOPIC :: "Trump busca aliados en Cuba para derrocar al castr..."
[DROP] low_geopolitics (region=OTHER score=50) :: "Qatar-gifted Air Force One plane delivery expected..."
[DROP] low_geopolitics (region=OTHER score=50) :: "La delegación estadounidense llega a Moscú para ma..."
[DROP] low_geopolitics (region=OTHER score=50) :: "Trump pierde al continente americano..."
[DROP] low_geopolitics (region=OTHER score=50) :: "Cómo Sinners se convirtió en un inesperado éxito d..."
[DROP] DUP_TOPIC :: "Colombia suspende el suministro de electricidad e ..."
[DROP] low_geopolitics (region=OTHER score=50) :: "Under EPA’s Zeldin, Pollution Enforcement Dying a ..."
[DROP] low_geopolitics (region=OTHER score=50) :: "Las tensiones entre EEUU y Canadá crecen: ¿Ottawa ..."
[DROP] low_geopolitics (region=OTHER score=50) :: "Esta es la lista completa de los nominados a los O..."
[DROP] low_geopolitics (region=OTHER score=50) :: "¿Qué países firmaron la Carta del Consejo de Paz?..."
[DROP] low_geopolitics (region=OTHER score=50) :: "Moscow Vows Response as Germany Expels Russian All..."
[DROP] low_geopolitics (region=OTHER score=50) :: "Zelensky Criticizes ‘Fragmented’ Europe’s Inaction..."
[DROP] low_geopolitics (region=OTHER score=50) :: "Jack Smith to Detail Trump’s Criminal Misconduct B..."
[DROP] low_geopolitics (region=OTHER score=50) :: "France Seizes Russia-Linked Oil Tanker in Mediterr..."
[DROP] low_geopolitics (region=OTHER score=50) :: ""Se pierde un momento histórico": El acuerdo UE-Me..."
[DROP] low_geopolitics (region=OTHER score=50) :: "Ukraine arrests two Russian spies inspecting Oresh..."
[DROP] low_geopolitics (region=OTHER score=50) :: "Moscow Court Upholds Prison Term for Teenage Girl ..."
[DROP] low_geopolitics (region=OTHER score=50) :: "Russia Boosts Work Permits for Indian and Banglade..."
[DROP] low_geopolitics (region=OTHER score=50) :: ""No olvidemos que EE.UU. tiene sus intereses y no ..."
[DROP] low_geopolitics (region=OTHER score=50) :: "España propone crear una coalición de voluntarios ..."
[DROP] low_geopolitics (region=OTHER score=50) :: "Russian MFA Advises Against Travel to Iran After M..."
[DROP] low_geopolitics (region=OTHER score=50) :: "La verdad de Rusia y China detrás de la disputa po..."
[DROP] low_geopolitics (region=OTHER score=50) :: "‘A soap opera’: How Ukraine’s frontline soldiers v..."
[DROP] DUP_TOPIC :: "Trump busca un cambio de régimen en Cuba en 2026 y..."
[DROP] low_geopolitics (region=OTHER score=50) :: "‘Completely Cut Off’: Kamchatka Calls for Moscow’s..."
[DROP] low_geopolitics (region=OTHER score=50) :: "Kursk Region Governor Hospitalized After Car Accid..."
[DROP] low_geopolitics (region=OTHER score=50) :: "Las tropas rusas destruyen 2 sistemas lanzacohetes..."
[DROP] low_geopolitics (region=OTHER score=50) :: "13-Year-Old Student Arrested After Stabbing Janito..."
[DROP] low_geopolitics (region=OTHER score=50) :: "FSB Arrests Russian Man Suspected of Spying for Mo..."
[DROP] low_geopolitics (region=OTHER score=50) :: "Turkish Police Find Body of Missing Russian Swimme..."
[DROP] low_geopolitics (region=OTHER score=50) :: "Putin Thanks Trump for ‘Board of Peace’ Invite Ahe..."
[DROP] low_geopolitics (region=OTHER score=50) :: "Alrededor de 4,5 millones de habitantes en CDMX se..."
[DROP] low_geopolitics (region=OTHER score=50) :: "¿Cuál es el cártel mexicano más mermado tras los t..."
[DROP] low_geopolitics (region=OTHER score=50) :: "Más de un millón de perros viven en las calles de ..."
[DROP] low_geopolitics (region=OTHER score=50) :: "ActionAid to rethink child sponsorship as part of ..."
[DROP] low_geopolitics (region=OTHER score=50) :: "Andrea Martínez Baracs, historiadora: “Los aliados..."
[DROP] low_geopolitics (region=OTHER score=50) :: "La economía de Bolivia podría estar en recesión ha..."
[DROP] low_geopolitics (region=OTHER score=50) :: "Kast apuesta a un "presidencialismo reforzado" con..."
[DROP] low_geopolitics (region=OTHER score=50) :: "Trump Administration’s Efforts to Strip Shareholde..."
[DROP] low_geopolitics (region=OTHER score=50) :: "Citizen’s United Paved the Way for Trump’s Corpora..."
[DROP] low_geopolitics (region=OTHER score=50) :: "President Trump ‘brought let them eat cake economi..."
[DROP] low_geopolitics (region=OTHER score=50) :: "Groenlandia, el inesperado factor que desnuda la "..."
[DROP] low_geopolitics (region=OTHER score=50) :: "DOGE Stole Private Social Security Data. Congress ..."
[DROP] low_geopolitics (region=OTHER score=50) :: "State Duma Bars Reporters From Taking Photos of Pa..."
[DROP] low_geopolitics (region=OTHER score=50) :: "Estados Unidos reduce su presencia en las filas de..."
[DROP] low_geopolitics (region=OTHER score=50) :: "As Putin’s Allies Are Threatened, He Meets the Mom..."
[DROP] low_geopolitics (region=OTHER score=50) :: "Uzbek Man Who Assassinated Russian General in Dece..."
[DROP] low_geopolitics (region=OTHER score=50) :: "¿Complaciente con EEUU? Bolivia está dando un nota..."
[DROP] low_geopolitics (region=OTHER score=50) :: "Por qué México ha sido el gran beneficiado de los ..."
[DROP] low_geopolitics (region=OTHER score=50) :: "Okko Streaming Service to Broadcast 2026 Winter Ol..."
[DROP] low_geopolitics (region=OTHER score=50) :: "Venezuela, Groenlandia y Ucrania centran el discur..."
[DROP] DUP_TOPIC :: "'No One Else Has It,' Claims Trump When Asked Abou..."
[DROP] low_geopolitics (region=OTHER score=50) :: "Witkoff and Kushner to Meet With Putin on Thursday..."
[DROP] low_geopolitics (region=OTHER score=50) :: "El mapa que revela en detalle los paisajes que se ..."
[DROP] low_geopolitics (region=OTHER score=50) :: "Rusia destruye 4 sistemas lanzacohetes múltiples y..."
[DROP] low_geopolitics (region=OTHER score=50) :: "El noruego que inventó el sushi con salmón crudo y..."
[DROP] low_geopolitics (region=OTHER score=50) :: "Tennis Star Daniil Medvedev Says He Will Not Give ..."
[DROP] low_geopolitics (region=OTHER score=50) :: "¿Por qué la ciberseguridad y la regeneración urban..."
[DROP] low_geopolitics (region=OTHER score=50) :: "La piratería internacional de bienes alcanza los 4..."
[DROP] low_geopolitics (region=OTHER score=50) :: "Limitan la velocidad de los trenes en la línea Mad..."
[DROP] low_geopolitics (region=OTHER score=50) :: "The Promised Land: When Fate Looks Upon You..."
[DROP] low_geopolitics (region=OTHER score=50) :: "Si la economía de EEUU no repunta, la demanda glob..."
[DROP] low_geopolitics (region=OTHER score=50) :: "¿Apoyo político a Milei? El FMI prevé que la econo..."
[DROP] low_geopolitics (region=OTHER score=50) :: "EL PAÍS cierra un año récord con el mayor crecimie..."
[DROP] low_geopolitics (region=OTHER score=50) :: "Para defender la libertad de prensa en todo el mun..."
[DROP] low_geopolitics (region=OTHER score=50) :: ""Rusia seguirá siendo un socio, un aliado y un paí..."
[DROP] low_geopolitics (region=OTHER score=50) :: "Reuniones "secretas" empujan al presidente de Perú..."
[DROP] low_geopolitics (region=OTHER score=50) :: "México entrega decenas de narcos a EEUU "para calm..."
[DROP] low_geopolitics (region=OTHER score=50) :: "'Now Is Your Time of Need': Bernie Sanders, Mayor ..."
[DROP] low_geopolitics (region=OTHER score=50) :: "Un año de Donald Trump: así es como el regreso del..."
[DROP] low_geopolitics (region=OTHER score=50) :: "Barrio 18, la violenta pandilla detrás del motín e..."
[DROP] low_geopolitics (region=OTHER score=50) :: "One Year of Darkness, Cruelty — and Hope..."
[DROP] low_geopolitics (region=OTHER score=50) :: "Head of US Africa bureau urges staff to highlight ..."
[DROP] low_geopolitics (region=OTHER score=50) :: "Trump Pocketed At Least $1.4 Billion in First Year..."
[DROP] low_geopolitics (region=OTHER score=50) :: ""No se ha conseguido un entendimiento sin amenazas..."
[DROP] DUP_TOPIC :: "El aniquilador de la maquinaria militar ucraniana:..."
[DROP] low_geopolitics (region=OTHER score=50) :: "Rusia lanza un ataque masivo contra objetivos mili..."
[DROP] low_geopolitics (region=OTHER score=50) :: "Los sorprendentes beneficios de pararse sobre una ..."
[DROP] low_geopolitics (region=OTHER score=50) :: "Los estadounidenses son quienes pagan por los aran..."
[DROP] low_geopolitics (region=OTHER score=50) :: ""No lo permitiremos": Lavrov advierte a Occidente ..."
[DROP] low_geopolitics (region=OTHER score=50) :: "Más de la mitad de los robos de arte en México son..."
[DROP] low_geopolitics (region=OTHER score=50) :: "Carlos Slim extiende su apuesta por el petróleo me..."
[DROP] low_geopolitics (region=OTHER score=50) :: "Un vínculo que se resquebraja: ¿Qué pasa entre el ..."
[DROP] low_geopolitics (region=OTHER score=50) :: "La oferta de seguridad de EEUU: ¿cómo los contrati..."
[DROP] low_geopolitics (region=OTHER score=50) :: "Milei viaja a Davos en busca de una nueva cumbre c..."
[DROP] low_geopolitics (region=OTHER score=50) :: "Ecuador despliega miles de militares contra el cri..."
[DROP] low_geopolitics (region=OTHER score=50) :: "Las imágenes de los incendios en Chile que dejan a..."
[DROP] low_geopolitics (region=OTHER score=50) :: "Vídeos de ajedrez | La retorcida genialidad de Kal..."
[DROP] low_geopolitics (region=OTHER score=50) :: "Las FFAA rusas liberan 2 asentamientos y destruyen..."
[DROP] DUP_TOPIC :: "María Corina Machado versus Delcy Rodríguez: el gr..."
[DROP] low_geopolitics (region=OTHER score=50) :: "Redes sociales borran 4,7 millones de cuentas de m..."
[DROP] low_geopolitics (region=OTHER score=50) :: ""La UE ha quedado cegada por su sesgo cognitivo de..."
[DROP] low_geopolitics (region=OTHER score=50) :: "Trump demuestra la necesidad del acuerdo de la UE ..."
[DROP] low_geopolitics (region=OTHER score=50) :: ""Sin mi perro, el equipo de rescate no me habría e..."
[DROP] low_geopolitics (region=OTHER score=50) :: "Aire líquido, la fuente de energía limpia que fue ..."
[DROP] low_geopolitics (region=OTHER score=50) :: "Los perseguidos..."
[DROP] low_geopolitics (region=OTHER score=50) :: "The 'Primary Fetterman' Website Is Now Live..."
[DROP] low_geopolitics (region=OTHER score=50) :: "'Grow a F*cking Spine': Critics Fume as Newsom Bac..."
[DROP] low_geopolitics (region=OTHER score=50) :: "'ICE Kills': Guards Reportedly Choked Man to Death..."
[DROP] low_geopolitics (region=OTHER score=50) :: "Un pixel rojo en la nieve: cómo la IA ayudó a enco..."
[DROP] low_geopolitics (region=OTHER score=50) :: "There are no Benefits to Trump’s “Great Healthcare..."
[DROP] low_geopolitics (region=OTHER score=50) :: "ACLU Sues Federal Government to End ICE, CBP’s Pra..."
[DROP] low_geopolitics (region=OTHER score=50) :: "Appeals Court in Mahmoud Khalil’s Case Decides Fed..."
[DROP] low_geopolitics (region=OTHER score=50) :: "ACLU Statement on President Trump’s Threat to Invo..."
[DROP] low_geopolitics (region=OTHER score=50) :: "Crypto Bill Markup Delayed Following Coinbase CEO’..."
[DROP] low_geopolitics (region=OTHER score=50) :: "Voters Think Trump Is a Pro-War President, See Ven..."
[DROP] low_geopolitics (region=OTHER score=50) :: "Davos: Meaningful dialogue requires a collective s..."
[DROP] low_geopolitics (region=OTHER score=50) :: "Invoking Insurrection Act Is the Opposite of What ..."
[DROP] low_geopolitics (region=OTHER score=50) :: "Falling wine sales reflect a lonelier and more ato..."
[DROP] low_geopolitics (region=OTHER score=50) :: "Irán, atrapado entre Jameneí y Trump..."
[DROP] low_geopolitics (region=OTHER score=50) :: "Las imágenes del búnker antinuclear que está a pun..."
[DROP] low_geopolitics (region=OTHER score=50) :: "Fossil fuel phaseout urgent as 1.5°C target likely..."
[DROP] low_geopolitics (region=OTHER score=50) :: "Por qué las personas que dejan de usar inyecciones..."
[DROP] low_geopolitics (region=OTHER score=50) :: "One People, Realm, Leader: But Don't Call Them Naz..."
[DROP] low_geopolitics (region=OTHER score=50) :: "Donald Trump used to be risk-averse. Is that chang..."
[DROP] low_geopolitics (region=OTHER score=50) :: "Search for single-tusked elephant after 22 killed ..."
[DROP] low_geopolitics (region=OTHER score=50) :: "Russia working to circumvent sanctions to ensure I..."
[DROP] low_geopolitics (region=OTHER score=50) :: "Sikh activist in UK told to increase security over..."
[DROP] low_geopolitics (region=OTHER score=50) :: "Trump’s DOJ Legal Threats Aim to Intimidate the Fe..."
[DROP] DUP_TOPIC :: "Trump advierte a Cuba sobre el fin del envío de pe..."
[DROP] low_geopolitics (region=OTHER score=50) :: "Myanmar junta holds second phase of election widel..."
[DROP] DUP_TOPIC :: "Tras la intervención de Trump, las relaciones de C..."
[DROP] low_geopolitics (region=OTHER score=50) :: "ICE: "Fucking Bitch"..."
[DROP] DUP_NEAR(h=0) :: "Rusia envía 330.000 barriles de petróleo a Cuba en..."
[DROP] low_geopolitics (region=OTHER score=50) :: "El mito de la fuerza de voluntad para perder peso ..."
[DROP] low_geopolitics (region=OTHER score=50) :: "Social media are helping cults to recruit and cont..."
[DROP] DUP_TOPIC :: "EE.UU. reubica dos buques de su Armada al norte de..."
[DROP] low_geopolitics (region=OTHER score=50) :: "Trump exige a Venezuela que ponga fin a relaciones..."
[DROP] low_geopolitics (region=OTHER score=50) :: "The War Room newsletter: Inside the mission that s..."
[DROP] low_geopolitics (region=OTHER score=50) :: "En imágenes: el operativo de EE.UU. para capturar ..."
[DROP] low_geopolitics (region=OTHER score=50) :: "Fuegos artificiales y espectáculos de luces: las i..."
[DROP] low_geopolitics (region=OTHER score=50) :: "Patriotism tests loom for big business..."
[DROP] low_geopolitics (region=OTHER score=50) :: "A half-planet-size gap in global governance is abo..."
[DROP] low_geopolitics (region=OTHER score=50) :: "The War Room newsletter: Mega edition—you ask, I a..."
[DROP] low_geopolitics (region=OTHER score=50) :: "10 de las imágenes más sorprendentes de 2025..."
[DROP] DUP_NEAR(h=0) :: "Rusia envía 330.000 barriles de petróleo a Cuba en..."
[DROP] low_geopolitics (region=OTHER score=50) :: "The quest to chart the sea..."
[DROP] DUP_TOPIC :: "Cuba condena el bloqueo naval de EEUU contra Venez..."
[DROP] low_geopolitics (region=OTHER score=50) :: "Ditch textbooks and learn how to use a wrench to A..."
[DROP] DUP_TOPIC :: "Anuncia Trump bloqueo a petróleo venezolano. - rad..."
[DROP] DUP_TOPIC :: "Bloqueo naval al petróleo venezolano sería la mejo..."
[DROP] DUP_TOPIC :: "Venezuela desafía a Trump y asegura mantener las e..."
[DROP] low_geopolitics (region=OTHER score=50) :: "TRUMP VA POR LAS CIUDADANÍAS: La Casa Blanca plane..."
[DROP] DUP_TOPIC :: "Trump anuncia bloqueo a petroleros desde y hacia V..."
[DROP] low_geopolitics (region=OTHER score=50) :: "Díaz-Canel rechaza el "bloqueo naval" de EE UU con..."
[DROP] DUP_TOPIC :: "PSL condenó orden de Trump de bloqueo naval a Vene..."
[DROP] DUP_NEAR(h=0) :: "Régimen cubano sale en defensa de Maduro tras el b..."
[DROP] low_geopolitics (region=OTHER score=50) :: "Cuba rechaza el «bloqueo naval» de EE.UU. contra V..."
[DROP] low_geopolitics (region=OTHER score=50) :: "Cuba condena bloqueo naval de EU contra Venezuela ..."
[DROP] DUP_TOPIC :: "La Habana manifiesta molestias por bloqueo naval a..."
[DROP] DUP_TOPIC :: "Rechaza Cuba bloqueo naval de Estados Unidos contr..."
[DROP] low_geopolitics (region=OTHER score=50) :: "Tercera lista de los principales temas del día de ..."
[DROP] low_geopolitics (region=OTHER score=50) :: "Congresistas de EE.UU.: Bloqueo naval a Venezuela ..."
[DROP] DUP_TOPIC :: "Venezuela denunciará ante la ONU amenazas de bloqu..."
[DROP] DUP_TOPIC :: "Artículo: Trump ordena bloqueo naval y petrolero c..."
[DROP] DUP_TOPIC :: "Artículo: Cuba repudia el bloqueo naval de EEUU y ..."
[DROP] DUP_TOPIC :: "Trump ordena bloqueo total de los petroleros a Ven..."
[DROP] DUP_TOPIC :: "Cuba rechaza bloqueo naval de Estados Unidos contr..."
[DROP] DUP_TOPIC :: "Venezuela rechaza amenazas de bloqueo militar nava..."
[DROP] low_geopolitics (region=OTHER score=50) :: "Sheinbaum critica bloqueo y posible intervención d..."
[DROP] DUP_TOPIC :: "Gobierno cubano rechaza bloqueo naval de EEUU cont..."
[DROP] DUP_TOPIC :: "Cuba rechaza bloqueo naval de EEUU contra Venezuel..."
[DROP] DUP_TOPIC :: "Sheinbaum pide a la ONU asumir su papel tras bloqu..."
[DROP] DUP_TOPIC :: "Trump ordena bloqueo naval contra Venezuela y elev..."
[DROP] DUP_TOPIC :: "Cuba rechaza bloqueo naval de EEUU contra Venezuel..."
[DROP] low_geopolitics (region=OTHER score=50) :: "How to survive abandonment by America..."
[DROP] DUP_NEAR(h=0) :: "Presidente Trump ordena bloqueo naval a petroleros..."
[DROP] DUP_TOPIC :: "Venezuela condena amenaza de bloqueo militar y nav..."
[DROP] DUP_TOPIC :: "Cuba repudia el bloqueo naval de EEUU contra Venez..."
[DROP] DUP_TOPIC :: "Venezuela denunciará ante la ONU “temeraria y grav..."
[DROP] DUP_TOPIC :: "Trump anuncia bloqueo total a petroleros sancionad..."
[DROP] low_geopolitics (region=OTHER score=50) :: "Inside the fight for MAGA’s foreign policy..."
[DROP] low_geopolitics (region=OTHER score=50) :: "What’s worse for innovation: MAGA or Mao?..."
[DROP] low_geopolitics (region=OTHER score=50) :: "Western armed forces have struggled to fill their ..."
[DROP] low_geopolitics (region=OTHER score=50) :: "Trumpworld thinks Europe has betrayed the West..."
[DROP] low_geopolitics (region=OTHER score=50) :: "AI is upending the porn industry..."
[DROP] low_geopolitics (region=OTHER score=50) :: "The writings of John Parker..."
[DROP] low_geopolitics (region=OTHER score=50) :: "Trump señala política migratoria laxa como la mayo..."
[DROP] low_geopolitics (region=OTHER score=50) :: "The wrong sort of peace leads to the next war..."
[DROP] low_geopolitics (region=OTHER score=50) :: "John Bolton thinks America is past “peak Trump”..."
[DROP] low_geopolitics (region=OTHER score=50) :: "COP30 ends with a whimper..."
[DROP] low_geopolitics (region=OTHER score=50) :: "Erik Prince, America’s most notorious mercenary, s..."
[DROP] low_geopolitics (region=OTHER score=50) :: "Punjab by-polls: Notices served on minister, SAPM ..."
[DROP] low_geopolitics (region=OTHER score=50) :: "27th Amendment empowers FCC to hear all constituti..."
[DROP] low_geopolitics (region=OTHER score=50) :: "JF-17 attracts strong attention at Dubai Airshow a..."
[DROP] low_geopolitics (region=OTHER score=50) :: "US lawmakers laud Punjab govt's initiative to mode..."
[DROP] low_geopolitics (region=OTHER score=50) :: "Security forces gun down 30 terrorists in multiple..."
[DROP] low_geopolitics (region=OTHER score=50) :: "MQM-P calls for new province in Sindh..."
[DROP] low_geopolitics (region=OTHER score=50) :: "US report validates Pakistan military edge over In..."
[DROP] low_geopolitics (region=OTHER score=50) :: "How Chinese underground banks became the world’s b..."
[DROP] low_geopolitics (region=OTHER score=50) :: "Banned TTP poses serious threat to Pakistan securi..."
[DROP] low_geopolitics (region=OTHER score=50) :: "CM Afridi clarifies remarks on by-poll after ECP r..."
[DROP] low_geopolitics (region=OTHER score=50) :: "Dubai sees 3.2m Pakistani passengers in 2025 as ai..."
[DROP] low_geopolitics (region=OTHER score=50) :: "Security forces kill 23 Indian proxy terrorists in..."
[DROP] low_geopolitics (region=OTHER score=50) :: "Pakistan to construct island to boost oil explorat..."
[DROP] low_geopolitics (region=OTHER score=50) :: "Russia ready to mediate Pakistan's issues with Ind..."
[DROP] low_geopolitics (region=OTHER score=50) :: "Security forces neutralise four terrorists in KP I..."
[DROP] low_geopolitics (region=OTHER score=50) :: "Reclassification of 41 candidates on reserved seat..."
[DROP] low_geopolitics (region=OTHER score=50) :: "Pakistan Navy confiscates drugs worth $130m in Ara..."
[DROP] low_geopolitics (region=OTHER score=50) :: "In meeting with EU Council president, Dar discuss ..."
[DROP] low_geopolitics (region=OTHER score=50) :: "Pakistan achieved 'military success over India' in..."
[DROP] low_geopolitics (region=OTHER score=50) :: "PM Shehbaz approves five-year plan for flood prepa..."
[DROP] low_geopolitics (region=OTHER score=50) :: "JITs to probe cases against TLP in Punjab..."
[DROP] low_geopolitics (region=OTHER score=50) :: "DPM Dar pushes connectivity, financial tools at SC..."
[DROP] low_geopolitics (region=OTHER score=50) :: "Karachi hotel receives traffic fine for car stolen..."
[DROP] low_geopolitics (region=OTHER score=50) :: "CTD, police kill two suspected militants in Sarai ..."
[DROP] low_geopolitics (region=OTHER score=50) :: "Trump claims credit for averting Pak-India 'war th..."
[DROP] low_geopolitics (region=OTHER score=50) :: "Imran Khan's sisters released after brief detentio..."
[DROP] low_geopolitics (region=OTHER score=50) :: "The loneliness of America’s model ally..."
[DROP] low_geopolitics (region=OTHER score=50) :: "Army eliminates 23 Indian-backed terrorists in KP ..."
[DROP] low_geopolitics (region=OTHER score=50) :: "Key constitutional bodies reconstituted under 27th..."
[DROP] low_geopolitics (region=OTHER score=50) :: "At SCO moot, Pakistan calls for stronger economic ..."
[DROP] low_geopolitics (region=OTHER score=50) :: "Opposition alliance holds protest rally against 27..."
[DROP] low_geopolitics (region=OTHER score=50) :: "Body of 18-year-old bride found on rooftop in Kara..."
[DROP] low_geopolitics (region=OTHER score=50) :: "Raja Faisal Rathore sworn in as new AJK prime mini..."
[DROP] low_geopolitics (region=OTHER score=50) :: "Security forces neutralise 15 Indian proxy terrori..."
[DROP] low_geopolitics (region=OTHER score=50) :: "ECP moves to prepare schedule for Islamabad local ..."
[DROP] low_geopolitics (region=OTHER score=50) :: "28th Amendment on the cards, says Rana Sanaullah..."
[DROP] low_geopolitics (region=OTHER score=50) :: "Railways' modernisation to play key role in boosti..."
[DROP] low_geopolitics (region=OTHER score=50) :: "Govt extends Hajj 2026 dues deadline by three days..."
[DROP] low_geopolitics (region=OTHER score=50) :: "Death toll climbs to 10 in Hyderabad firecracker f..."
[DROP] low_geopolitics (region=OTHER score=50) :: "PPP's Palwasha Khan declares FIA, NCCIA 'corrupt'..."
[DROP] low_geopolitics (region=OTHER score=50) :: "By-polls announced for Senate seat left vacant aft..."
[DROP] low_geopolitics (region=OTHER score=50) :: "Pakistan dismisses Khalilzad's claim about Daesh-K..."
[DROP] low_geopolitics (region=OTHER score=50) :: "Tarar vows action over fake video targeting journa..."
[DROP] low_geopolitics (region=OTHER score=50) :: "AJK Assembly removes PM Anwarul Haq as no-confiden..."
[DROP] low_geopolitics (region=OTHER score=50) :: "PTI's Gohar joins others in condemning harassment ..."
[DROP] low_geopolitics (region=OTHER score=50) :: "DPM Dar reaches Moscow to participate in SCO summi..."
[DROP] low_geopolitics (region=OTHER score=50) :: "FCC begins hearing cases after two more judges swo..."
[DROP] low_geopolitics (region=OTHER score=50) :: "Pakistan seeks to boost military collaboration wit..."
[DROP] low_geopolitics (region=OTHER score=50) :: "Parliament holds exclusive right to amend Constitu..."
[DROP] low_geopolitics (region=OTHER score=50) :: "President honours Jordan's king with Nishan-e-Paki..."
[DROP] low_geopolitics (region=OTHER score=50) :: "Karachi braces for water shortfall after Dhabeji p..."
[DROP] low_geopolitics (region=OTHER score=50) :: "Field Marshal Munir warns of Pakistan's 'firm resp..."
[DROP] low_geopolitics (region=OTHER score=50) :: "China’s creepiest export surge..."
[DROP] low_geopolitics (region=OTHER score=50) :: "Beijing insiders’ plan to play Donald Trump..."
[DROP] low_geopolitics (region=OTHER score=50) :: "A new industry of AI companions is emerging..."
[DROP] low_geopolitics (region=OTHER score=50) :: "China places a Hong Kong-sized bet on Western decl..."
[DROP] low_geopolitics (region=OTHER score=50) :: "The War Room newsletter: Did a Russian weapon spoo..."
[DROP] low_geopolitics (region=OTHER score=50) :: "The War Room newsletter: The most successful amphi..."
[DROP] low_geopolitics (region=OTHER score=50) :: "What will it cost to make Vladimir Putin stop?..."
[DROP] low_geopolitics (region=OTHER score=50) :: "Donald Trump’s trade power is vast, but self-defea..."
[DROP] low_geopolitics (region=OTHER score=50) :: "China is backing Russia’s war to keep America dist..."
[DROP] low_geopolitics (region=OTHER score=50) :: "Meet the real screen addicts: the elderly..."
[DROP] low_geopolitics (region=OTHER score=50) :: "Brussels feels like a city preparing for war..."
[DROP] low_geopolitics (region=OTHER score=50) :: "The War Room newsletter: Three lessons from a spy ..."
[DROP] low_geopolitics (region=OTHER score=50) :: "The icy cold war America is busy losing..."
[DROP] low_geopolitics (region=OTHER score=50) :: "China tries shock-and-awe on Donald Trump..."
[DROP] low_geopolitics (region=OTHER score=50) :: "Forget EVs. Cycling is revolutionising transport..."
[DROP] low_geopolitics (region=OTHER score=50) :: "Europe struggles to put homeland defence first..."
[DROP] low_geopolitics (region=OTHER score=50) :: "The Economist today newsletter: What happens when ..."
[DROP] low_geopolitics (region=OTHER score=50) :: "Can the West survive an age of brinkmanship?..."
[DROP] low_geopolitics (region=OTHER score=50) :: "The flashing red threat from Russia’s dark fleet..."
[DROP] low_geopolitics (region=OTHER score=50) :: "The War Room newsletter: The best tanks of all tim..."
[DROP] low_geopolitics (region=OTHER score=50) :: "Europe’s astonishing drop in illegal migration..."
[DROP] low_geopolitics (region=OTHER score=50) :: "The Economist Insider launches soon..."
[DROP] low_geopolitics (region=OTHER score=50) :: "A made-in-China plan for world domination..."
[DROP] low_geopolitics (region=OTHER score=50) :: "The War Room newsletter: Why Trump wants a Taliban..."
[DROP] low_geopolitics (region=OTHER score=50) :: "Explainer: What is the China-proposed Global Gover..."
[DROP] low_geopolitics (region=OTHER score=50) :: "Authorities launch probe after fireworks display i..."
[DROP] low_geopolitics (region=OTHER score=50) :: "Israeli strikes kill 31 people in Gaza City, as ta..."
[DROP] low_geopolitics (region=OTHER score=50) :: "UK, Australia, Canada formally recognize Palestine..."
[DROP] low_geopolitics (region=OTHER score=50) :: "European airports snarled by cyberattack..."
[DROP] low_geopolitics (region=OTHER score=50) :: "Trump threatens Afghanistan over Bagram; Afghans r..."
[DROP] low_geopolitics (region=OTHER score=50) :: "China's Eight-Point Decision contributes to global..."
[DROP] low_geopolitics (region=OTHER score=50) :: "Shot putter Gong Lijiao places ninth at World Athl..."
[DROP] low_geopolitics (region=OTHER score=50) :: "Chinese figure skating pair qualify for 2026 Winte..."
[DROP] low_geopolitics (region=OTHER score=50) :: "UK, Portugal to recognize Palestinian state ahead ..."
[DROP] low_geopolitics (region=OTHER score=50) :: "Experts hail China-proposed Global Governance Init..."
[DROP] low_geopolitics (region=OTHER score=50) :: "New U.S. H-1B visa fee policy sparks broad concern..."
[DROP] low_geopolitics (region=OTHER score=50) :: "Israel continues Gaza City assualt, at least 60 Pa..."
[DROP] DUP_TOPIC :: "Iran to halt cooperation with IAEA after UNSC fail..."
[DROP] low_geopolitics (region=OTHER score=50) :: "Health Talk: Every Alzheimer's caregiver deserves ..."
[DROP] low_geopolitics (region=OTHER score=50) :: "Blue Helmets, No Borders | Friendship Has No Borde..."
[DROP] low_geopolitics (region=OTHER score=50) :: "Blue Helmets, No Borders | A Quiet Warrior in a Ha..."
[DROP] DUP_TOPIC :: "Returning to peace in Colombia..."
[DROP] low_geopolitics (region=OTHER score=50) :: "What you need to know about TikTok after the China..."
[DROP] low_geopolitics (region=OTHER score=50) :: "Trump raises H-1B visa fee for employers to $100,0..."
[DROP] low_geopolitics (region=OTHER score=50) :: "Passengers stranded at major European airports aft..."
[DROP] low_geopolitics (region=OTHER score=50) :: "Full text of white paper on China's advancement of..."
[DROP] low_geopolitics (region=OTHER score=50) :: "Beijing Xiangshan Forum concludes..."
[DROP] low_geopolitics (region=OTHER score=50) :: "Israeli army closes evacuation route from Gaza Cit..."
[DROP] low_geopolitics (region=OTHER score=50) :: "Health on the plate: From food abundance to nutrit..."
[DROP] low_geopolitics (region=OTHER score=50) :: "President Xi Jinping speaks with U.S. President Do..."
[DROP] low_geopolitics (region=OTHER score=50) :: "EU proposes new sanctions package against Russia..."
[DROP] low_geopolitics (region=OTHER score=50) :: "Global Governance Initiative: a new era for the Gl..."
[DROP] low_geopolitics (region=OTHER score=50) :: "Asia News Wrap: Nepal gets its first female prime ..."
[DROP] low_geopolitics (region=OTHER score=50) :: "Ambassador Hodan: Reflections on the Global Govern..."
[DROP] low_geopolitics (region=OTHER score=50) :: "Chinese premier to attend general debate of 80th s..."
[DROP] low_geopolitics (region=OTHER score=50) :: "Zhang Zhizhen rallies to beat Buyunchaokete at ATP..."
[DROP] low_geopolitics (region=OTHER score=50) :: "Beijing Guoan hold Hanoi 2-2 in AFC Champions Leag..."
[DROP] low_geopolitics (region=OTHER score=50) :: "Rashford shines for Barca to beat Newcastle in Cha..."
[DROP] low_geopolitics (region=OTHER score=50) :: "Beijing Xiangshan Forum introduces 'High-end Dialo..."
[DROP] low_geopolitics (region=OTHER score=50) :: "Israeli operations cause Gaza telecom blackout, st..."
[DROP] DUP_TOPIC :: "UNSC votes on reimposing nuclear sanctions that Ir..."
[DROP] low_geopolitics (region=OTHER score=50) :: "Trump ends UK tour with disagreement over Palestin..."
[DROP] low_geopolitics (region=OTHER score=50) :: "U.S. casts 6th veto at UN Security Council on Gaza..."
[DROP] low_geopolitics (region=OTHER score=50) :: "U.S. Federal Reserve meeting clouded by Trump poli..."
[DROP] low_geopolitics (region=OTHER score=50) :: "Xi's special envoy attends PNG's 50th independence..."
[DROP] low_geopolitics (region=OTHER score=50) :: "Israel's ground operations striking Gaza City draw..."
[DROP] low_geopolitics (region=OTHER score=50) :: "The UN’s grim future..."
[DROP] low_geopolitics (region=OTHER score=50) :: "Israel opens Gaza route; EU proposes Israeli trade..."
[DROP] low_geopolitics (region=OTHER score=50) :: "Number of trips between China and ASEAN exceeds 25..."
[DROP] low_geopolitics (region=OTHER score=50) :: "China slams U.S. distortion of Taiwan-related WWII..."
[DROP] low_geopolitics (region=OTHER score=50) :: "Graphics: China leads ASEAN partnership for 16 yea..."
[DROP] low_geopolitics (region=OTHER score=50) :: "IAEA says shelling reported near Ukraine's Zaporiz..."
[DROP] low_geopolitics (region=OTHER score=50) :: "Russia is ready to deepen Sakhalin 1 project discu..."
[DROP] low_geopolitics (region=OTHER score=50) :: "Japan's exports to U.S. fall for 5th month in Augu..."
[DROP] DUP_TOPIC :: "Chinese defense minister holds talks with Cuban co..."
[DROP] low_geopolitics (region=OTHER score=50) :: "Cold war deterrence doesn’t work any more..."
[DROP] low_geopolitics (region=OTHER score=50) :: "Top Gun—without Maverick..."
[DROP] low_geopolitics (region=OTHER score=50) :: "Meet the leader of Europe’s anti-Trump resistance..."
[DROP] low_geopolitics (region=OTHER score=50) :: "How Israel’s arms exports have made it sanctions-p..."
[DROP] low_geopolitics (region=OTHER score=50) :: "Who is winning in AI—China or America?..."
[DROP] low_geopolitics (region=OTHER score=50) :: "Trump anunciará que el Comando Espacial se traslad..."
[DROP] low_geopolitics (region=OTHER score=50) :: "Meet the world’s hottest upstart weapons dealers..."
[DROP] low_geopolitics (region=OTHER score=50) :: "Donald Trump is waging war on woke AI..."
[DROP] low_geopolitics (region=OTHER score=50) :: "The wrong way to end a war..."
[DROP] low_geopolitics (region=OTHER score=50) :: "A burning threat to pregnant women..."
[DROP] low_geopolitics (region=OTHER score=50) :: "Was globalisation ever a meritocracy?..."
[DROP] low_geopolitics (region=OTHER score=50) :: "The end of the second world war..."
[DROP] low_geopolitics (region=OTHER score=50) :: "America’s new plan to fight a war with China..."
[DROP] low_geopolitics (region=OTHER score=50) :: "The War Room newsletter: Seven of the best books o..."
[DROP] low_geopolitics (region=OTHER score=50) :: "How to write laws of war for a wicked world..."
[DROP] low_geopolitics (region=OTHER score=50) :: "Why the laws of war are widely ignored..."
[DROP] low_geopolitics (region=OTHER score=50) :: "The War Room newsletter: How receiving aid became ..."
[DROP] low_geopolitics (region=OTHER score=50) :: "Could AI tilt the outcome of elections?..."
[DROP] low_geopolitics (region=OTHER score=50) :: "How spy agencies are experimenting with the newest..."
[DROP] low_geopolitics (region=OTHER score=50) :: "Can China save South Africa from Donald Trump?..."
[DROP] low_geopolitics (region=OTHER score=50) :: "Look inside The Economist’s summer issue for 2025..."
[DROP] low_geopolitics (region=OTHER score=50) :: "The world court joins the fight over climate chang..."
[DROP] low_geopolitics (region=OTHER score=50) :: "Rethinking the war on AIDS..."
[DROP] low_geopolitics (region=OTHER score=50) :: "The surprising lessons of a secret cold-war nuclea..."
[DROP] low_geopolitics (region=OTHER score=50) :: "The War Room newsletter: Three new books on espion..."
[DROP] low_geopolitics (region=OTHER score=50) :: "The rise and rise of women’s sport..."
[DROP] low_geopolitics (region=OTHER score=50) :: "Cynical realism won’t save India from Donald Trump..."
[DROP] low_geopolitics (region=OTHER score=50) :: "Gianni Infantino, FIFA’s strongman-loving boss..."
[DROP] low_geopolitics (region=OTHER score=50) :: "Putin’s war in Ukraine may cost him control of the..."
[DROP] low_geopolitics (region=OTHER score=50) :: "The 19th century is a terrible guide to modern sta..."
[DROP] low_geopolitics (region=OTHER score=50) :: "Putin’s radioactive chokehold on the world..."
[DROP] low_geopolitics (region=OTHER score=50) :: "How South Africa could harness Donald Trump’s wrat..."
[DROP] low_geopolitics (region=OTHER score=50) :: "The War Room newsletter: The daddy of all summits..."
[DROP] low_geopolitics (region=OTHER score=50) :: "Sex work in the gig economy..."
[DROP] low_geopolitics (region=OTHER score=50) :: "Feckless Europe accepts Trump’s Lone Ranger diplom..."
[DROP] low_geopolitics (region=OTHER score=50) :: "Can men and women be just friends?..."
[DROP] low_geopolitics (region=OTHER score=50) :: "In Trumpworld, toppling rulers is taboo..."
[DROP] low_geopolitics (region=OTHER score=50) :: "The War Room newsletter: Why Israel attacked Iran—..."
[DROP] low_geopolitics (region=OTHER score=50) :: "The West has stopped losing its religion..."
[DROP] low_geopolitics (region=OTHER score=50) :: "Taiwan thinks the unthinkable: resisting China wit..."
[DROP] low_geopolitics (region=OTHER score=50) :: "The War Room newsletter: Britain’s defence goals a..."
[DROP] low_geopolitics (region=OTHER score=50) :: "To earn American help, allies are told to elect na..."
[DROP] low_geopolitics (region=OTHER score=50) :: "Vladimir Putin’s sickening statistic: 1m Russian c..."
[DROP] low_geopolitics (region=OTHER score=50) :: "The War Room newsletter: How Ukraine humbled Putin..."
[DROP] low_geopolitics (region=OTHER score=50) :: "The Uber of the underworld..."
[DROP] low_geopolitics (region=OTHER score=50) :: "The War Room newsletter: Explore our “Archive 1945..."
[DROP] low_geopolitics (region=OTHER score=50) :: "Donald Trump steals Xi Jinping’s favourite foreign..."
[DROP] low_geopolitics (region=OTHER score=50) :: "Can China jam your GPS?..."
[DROP] low_geopolitics (region=OTHER score=50) :: "Star wars returns..."
[DROP] low_geopolitics (region=OTHER score=50) :: "How to fight the next pandemic, without America..."
[DROP] low_geopolitics (region=OTHER score=50) :: "The War Room newsletter: Shadow games in the Balti..."
[DROP] low_geopolitics (region=OTHER score=50) :: "Fact-checkers forecast which dodgy claims will do ..."
[DROP] low_geopolitics (region=OTHER score=50) :: "China and Russia are deploying powerful new weapon..."
[DROP] low_geopolitics (region=OTHER score=50) :: "Why Donald Trump is a globalist..."
[DROP] low_geopolitics (region=OTHER score=50) :: "The War Room newsletter: Six must-read books on th..."
[DROP] low_geopolitics (region=OTHER score=50) :: "The UN could run out of cash within months..."
[DROP] low_geopolitics (region=OTHER score=50) :: "Donald Trump picks the wrong trade fight with Chin..."
[DROP] low_geopolitics (region=OTHER score=50) :: "A Trump executive order will unleash a global deep..."
[DROP] low_geopolitics (region=OTHER score=50) :: "Why some countries are once again embracing cluste..."
[DROP] low_geopolitics (region=OTHER score=50) :: "The ugly task of Putin-proofing your border..."
[DROP] low_geopolitics (region=OTHER score=50) :: "Trump’s red-hot war on terror..."
[DROP] low_geopolitics (region=OTHER score=50) :: "The coming struggle to choose the next pope..."
[DROP] low_geopolitics (region=OTHER score=50) :: "Plastics are greener than they seem..."
[DROP] low_geopolitics (region=OTHER score=50) :: "Xi Jinping’s Trump-sized puzzle..."
[DROP] low_geopolitics (region=OTHER score=50) :: "The War Room newsletter: Is American diplomacy all..."
[DROP] DUP_TOPIC :: "Bloqueo naval a Cuba - Cubadebate..."
[DROP] low_geopolitics (region=OTHER score=50) :: "There is a vast hidden workforce behind AI..."
[DROP] low_geopolitics (region=OTHER score=50) :: "The dangers of Donald Trump’s instinct for dealmak..."
[DROP] low_geopolitics (region=OTHER score=50) :: "The War Room newsletter: Why B-2 bombers are gathe..."
[DROP] low_geopolitics (region=OTHER score=50) :: "State capture is a growing threat. Reversing it is..."
[DROP] low_geopolitics (region=OTHER score=50) :: "China debates whether Trump is a revolutionary, or..."
[DROP] low_geopolitics (region=OTHER score=50) :: "Donald Trump is affecting politics everywhere..."
[DROP] low_geopolitics (region=OTHER score=50) :: "Europe will have to zip its lip over China’s abuse..."
[DROP] low_geopolitics (region=OTHER score=50) :: "Trump is a problem for Europe’s most important har..."
[DROP] low_geopolitics (region=OTHER score=50) :: "The right way to fight nativists..."
[DROP] low_geopolitics (region=OTHER score=50) :: "What to know about Elon Musk and China with Tesla'..."
[DROP] low_geopolitics (region=OTHER score=50) :: "Donald Trump shoots his own global mouthpiece..."
[DROP] low_geopolitics (region=OTHER score=50) :: "Donald Trump v the spies of Five Eyes..."
[DROP] low_geopolitics (region=OTHER score=50) :: "Could Europe replace Starlink if America pulls the..."
[DROP] low_geopolitics (region=OTHER score=50) :: "Trump’s whims are overriding the national interest..."
[DROP] low_geopolitics (region=OTHER score=50) :: "Europe thinks the unthinkable on a nuclear bomb..."
[DROP] low_geopolitics (region=OTHER score=50) :: "NATO’s race against Russia to rearm..."
[DROP] low_geopolitics (region=OTHER score=50) :: "The War Room newsletter: “Be quiet, small man”—dip..."
[DROP] low_geopolitics (region=OTHER score=50) :: "The tech bros selling drugs by drone..."
[DROP] low_geopolitics (region=OTHER score=50) :: "America First is a contagious condition..."
[DROP] low_geopolitics (region=OTHER score=50) :: "America’s self-isolating president..."
[DROP] low_geopolitics (region=OTHER score=50) :: "Can Europe confront Vladimir Putin’s Russia on its..."
[DROP] low_geopolitics (region=OTHER score=50) :: "Australia prepares for a lonelier, harsher world..."
[DROP] DUP_TOPIC :: "Régimen cubano considera que Cuba no es prioridad ..."
[DROP] low_geopolitics (region=OTHER score=50) :: "Will it be Ukraine today, Taiwan tomorrow?..."
[DROP] low_geopolitics (region=OTHER score=50) :: "Donald Trump is junking the transatlantic alliance..."
[DROP] low_geopolitics (region=OTHER score=50) :: "Western Union anuncia suspensión de remesas a Cuba..."
[DROP] low_geopolitics (region=OTHER score=50) :: "China’s stunning new campaign to turn the world ag..."
[DROP] low_geopolitics (region=OTHER score=50) :: "Xi Jinping swings his “assassin’s mace” of economi..."
[DROP] low_geopolitics (region=OTHER score=50) :: "Allies will not appease Donald Trump for ever..."
[DROP] low_geopolitics (region=OTHER score=50) :: "As adoptions collapse, demand for international su..."
[DROP] low_geopolitics (region=OTHER score=50) :: "A big, beautiful Trump deal with China?..."
[DROP] low_geopolitics (region=OTHER score=50) :: "Palestinians Stream Back to Northern Gaza on Foot..."
[DROP] low_geopolitics (region=OTHER score=50) :: "Leading China Property Developer Reports Huge loss..."
[DROP] low_geopolitics (region=OTHER score=50) :: "Freed Israeli Hostages Still Had Shrapnel in Their..."
[DROP] low_geopolitics (region=OTHER score=50) :: "Suspected Sabotage of Deep-Sea Cable Triggers Firs..."
[DROP] low_geopolitics (region=OTHER score=50) :: "Rwanda-Backed Rebels Enter Congo's Safe-Haven City..."
[DROP] DUP_TOPIC :: "Cocaine-Funded Gangs Shake Colombia Years After Pe..."
[DROP] low_geopolitics (region=OTHER score=50) :: "Italy Supports Saudi Arabia Joining Fighter-Jet Pr..."
[DROP] low_geopolitics (region=OTHER score=50) :: "Shippers Wary of Red Sea Routes Despite Houthi Ple..."
[DROP] low_geopolitics (region=OTHER score=50) :: "Kim Jong Un Is Doing Everything He Can to Keep Nor..."
[DROP] DUP_TOPIC :: "Trump Says Colombia Will Accept Deportees, Ending ..."
[DROP] low_geopolitics (region=OTHER score=50) :: "Jeju Air Crash Probe Focuses On Engine Damage Afte..."
[DROP] low_geopolitics (region=OTHER score=50) :: "Germany's Economic Model Is Broken, and No One Has..."
[DROP] low_geopolitics (region=OTHER score=50) :: "Trump Says He Wants to 'Clean Out' Gaza, Send Refu..."
[DROP] low_geopolitics (region=OTHER score=50) :: "Hamas Releases Four Female Israeli Soldiers Under ..."
[DROP] low_geopolitics (region=OTHER score=50) :: "Hamas Took More Than 200 Hostages From Israel. Her..."
[DROP] low_geopolitics (region=OTHER score=50) :: "U.N. and Congolese Troops Struggle to Halt Lightni..."
[DROP] low_geopolitics (region=OTHER score=50) :: "Who Are the Israeli Hostages Released by Hamas?..."
[DROP] low_geopolitics (region=OTHER score=50) :: "The Latest Gaza Hostages Freed: Women Whose Hamas ..."
[DROP] low_geopolitics (region=OTHER score=50) :: "Beijing Signals Readiness to Talk to Trump's Team,..."
[DROP] low_geopolitics (region=OTHER score=50) :: "Canada Is Becoming a Fentanyl Exporter, and a Targ..."
[DROP] low_geopolitics (region=OTHER score=50) :: "Why don’t more countries import their electricity?..."
[DROP] low_geopolitics (region=OTHER score=50) :: "Trump unmasks American selfishness, say cynics..."
[DROP] low_geopolitics (region=OTHER score=50) :: "Inside the Houthis’ moneymaking machine..."
[DROP] low_geopolitics (region=OTHER score=50) :: "Marco Rubio will find China is hard to beat in Lat..."
[DROP] low_geopolitics (region=OTHER score=50) :: "Donald Trump has a strong foreign-policy hand, but..."
[DROP] low_geopolitics (region=OTHER score=50) :: "Women warriors and the war on woke..."
[DROP] low_geopolitics (region=OTHER score=50) :: "Young people are having less fun..."
[DROP] low_geopolitics (region=OTHER score=50) :: "Why people over the age of 55 are the new problem ..."
[DROP] low_geopolitics (region=OTHER score=50) :: "The A to Z of international relations..."
[DROP] low_geopolitics (region=OTHER score=50) :: "The A to Z of military terms..."
[DROP] low_geopolitics (region=OTHER score=50) :: "Why warriors should welcome laws of war..."
[DROP] low_geopolitics (region=OTHER score=50) :: "Is the age of American air superiority coming to a..."
[DROP] low_geopolitics (region=OTHER score=50) :: "What has four stomachs and could change the world?..."
[DROP] low_geopolitics (region=OTHER score=50) :: "The Art of the Deal: global edition..."
[DROP] low_geopolitics (region=OTHER score=50) :: "Could the next pope come from Africa or Asia?..."
[DROP] low_geopolitics (region=OTHER score=50) :: "Will the West betray or save anti-Putin protesters..."
[DROP] low_geopolitics (region=OTHER score=50) :: "“Tariffers” v “traders”: the new contest for Donal..."
[DROP] low_geopolitics (region=OTHER score=50) :: "The world is losing the fight against internationa..."
[DROP] low_geopolitics (region=OTHER score=50) :: "Half a loaf, at best, from the climate talks..."
[DROP] low_geopolitics (region=OTHER score=50) :: "Is your master’s degree useless?..."
[DROP] low_geopolitics (region=OTHER score=50) :: "The perils of appeasing a warlike Russia..."
[DROP] low_geopolitics (region=OTHER score=50) :: "The danger zone between two presidents..."
[DROP] low_geopolitics (region=OTHER score=50) :: "How to avoid Oval Office humiliation..."
[DROP] low_geopolitics (region=OTHER score=50) :: "King coal is dirty, dangerous—and far from dead..."
[DROP] low_geopolitics (region=OTHER score=50) :: "The world faces its worst trade wars since the 193..."
[DROP] low_geopolitics (region=OTHER score=50) :: "America’s allies brace for brinkmanship, deals—and..."
[DROP] low_geopolitics (region=OTHER score=50) :: "What the world thinks of Trump, Ukraine and Chines..."
[DROP] low_geopolitics (region=OTHER score=50) :: "A surprise new twist in Putin’s currency wars..."
[DROP] low_geopolitics (region=OTHER score=50) :: "The Telegram: our new guide to a dangerous world..."
[DROP] low_geopolitics (region=OTHER score=50) :: "Intrigue, greed and hostility burn in the Antarcti..."
[DROP] low_geopolitics (region=OTHER score=50) :: "Putin’s plan to dethrone the dollar..."
[DROP] low_geopolitics (region=OTHER score=50) :: "Vladimir Putin’s spies are plotting global chaos..."
[DROP] low_geopolitics (region=OTHER score=50) :: "Over a billion have voted in 2024: has democracy w..."
[DROP] low_geopolitics (region=OTHER score=50) :: "A new “quartet of chaos” threatens America..."
[DROP] low_geopolitics (region=OTHER score=50) :: "A UN vote on Palestine underlines America’s weaken..."
[DROP] low_geopolitics (region=OTHER score=50) :: "Sport is getting hotter, harder and deadlier..."
[DROP] low_geopolitics (region=OTHER score=50) :: "How encrypted messaging apps conquered the world..."
[DROP] low_geopolitics (region=OTHER score=50) :: "The poisonous global politics of water..."
[DROP] low_geopolitics (region=OTHER score=50) :: "Indian tourists are conquering the world..."
[DROP] low_geopolitics (region=OTHER score=50) :: "Can Donald Trump’s Iron Dome plan keep America saf..."
[DROP] low_geopolitics (region=OTHER score=50) :: "Why the war on childhood obesity is failing..."
[DROP] low_geopolitics (region=OTHER score=50) :: "Paris could change how cities host the Olympics fo..."
[DROP] low_geopolitics (region=OTHER score=50) :: "Could America fight its enemies without breaking t..."
[DROP] low_geopolitics (region=OTHER score=50) :: "How China and Russia could hobble the internet..."
[DROP] low_geopolitics (region=OTHER score=50) :: "Trump and other populists will haunt NATO’s 75th b..."
[DROP] low_geopolitics (region=OTHER score=50) :: "The rise of the truly cruel summer..."
[DROP] low_geopolitics (region=OTHER score=50) :: "Brainy Indians are piling into Western universitie..."
[DROP] low_geopolitics (region=OTHER score=50) :: "The new front in China’s cyber campaign against Am..."
[DROP] low_geopolitics (region=OTHER score=50) :: "Is your rent ever going to fall?..."
[DROP] DUP_TOPIC :: "Iran’s new leaders stand at a nuclear precipice..."
[DROP] low_geopolitics (region=OTHER score=50) :: "Taiwan’s new president faces an upsurge in Chinese..."
[DROP] low_geopolitics (region=OTHER score=50) :: "The world’s rules-based order is cracking..."
[DROP] low_geopolitics (region=OTHER score=50) :: "Beware, global jihadists are back on the march..."
[DROP] low_geopolitics (region=OTHER score=50) :: "The tech wars are about to enter a fiery new phase..."
[DROP] low_geopolitics (region=OTHER score=50) :: "Would you really die for your country?..."
[DROP] low_geopolitics (region=OTHER score=50) :: "Who’s the big boss of the global south?..."
[DROP] low_geopolitics (region=OTHER score=50) :: "Thirty years after Rwanda, genocide is still a pro..."
[DROP] low_geopolitics (region=OTHER score=50) :: "Narendra Modi’s secret weapon: India’s diaspora..."
[DROP] low_geopolitics (region=OTHER score=50) :: "Why young men and women are drifting apart..."
[DROP] low_geopolitics (region=OTHER score=50) :: "We’re hiring a global correspondent..."
[DROP] low_geopolitics (region=OTHER score=50) :: "America’s elite universities are bloated, complace..."
[DROP] low_geopolitics (region=OTHER score=50) :: "Africa is juggling rival powers like no other cont..."
[DROP] low_geopolitics (region=OTHER score=50) :: "Russian spies are back—and more dangerous than eve..."
[DROP] low_geopolitics (region=OTHER score=50) :: "2024 is a giant test of nerves for democracy..."
[DROP] low_geopolitics (region=OTHER score=50) :: "War in space is no longer science fiction..."
[DROP] low_geopolitics (region=OTHER score=50) :: "The world is bracing for Donald Trump’s possible r..."
[DROP] low_geopolitics (region=OTHER score=50) :: "Israel’s judge in The Hague is its government’s bo..."
[DROP] low_geopolitics (region=OTHER score=50) :: "The genocide case Israel faces is more about polit..."
[DROP] low_geopolitics (region=OTHER score=50) :: "Welcome to the new era of global sea power..."
[DROP] low_geopolitics (region=OTHER score=50) :: "How ransomware could cripple countries, not just c..."
[DROP] low_geopolitics (region=OTHER score=50) :: "A new Suez crisis threatens the world economy..."
[DROP] low_geopolitics (region=OTHER score=50) :: "Climate talks at last lead to a deal on cutting fo..."
[DROP] low_geopolitics (region=OTHER score=50) :: "The pandemic’s toll on schooling emerges in awful ..."
[DROP] low_geopolitics (region=OTHER score=50) :: "A religious revolution is under way in the Middle ..."
[DROP] low_geopolitics (region=OTHER score=50) :: "Many small islands have no room for manoeuvre at C..."
[DROP] low_geopolitics (region=OTHER score=50) :: "From Gaza to Ukraine, wars and crises are piling u..."
[DROP] low_geopolitics (region=OTHER score=50) :: "Why migration is in such a mess once more..."
[DROP] low_geopolitics (region=OTHER score=50) :: "Israel is more popular than social-media posts sug..."
[DROP] low_geopolitics (region=OTHER score=50) :: "The culture war over the Gaza war..."
[DROP] low_geopolitics (region=OTHER score=50) :: "The three steps on America’s ladder of military es..."
[DROP] low_geopolitics (region=OTHER score=50) :: "Israel needs to resist irrational retaliation..."
[DROP] low_geopolitics (region=OTHER score=50) :: "The global backlash against climate policies has b..."
[DROP] low_geopolitics (region=OTHER score=50) :: "Africa’s coups are part of a far bigger crisis..."
[DROP] low_geopolitics (region=OTHER score=50) :: "States are becoming more brazen about killing foes..."
[DROP] low_geopolitics (region=OTHER score=50) :: "Meet the world’s new arms dealers..."
[DROP] low_geopolitics (region=OTHER score=50) :: "The most beautiful sections of China's Great Wall..."
[DROP] low_geopolitics (region=OTHER score=50) :: "Are Ukraine’s tactics working?..."
[DROP] low_geopolitics (region=OTHER score=50) :: "The growing global movement to restrain house pric..."
[DROP] low_geopolitics (region=OTHER score=50) :: "A new nuclear arms race looms..."
[DROP] low_geopolitics (region=OTHER score=50) :: "Reassessing Obama’s biggest mistake..."
[DROP] low_geopolitics (region=OTHER score=50) :: "The BRICS bloc is riven with tensions..."
[DROP] low_geopolitics (region=OTHER score=50) :: "What Ukraine’s bloody battlefield is teaching medi..."
[DROP] low_geopolitics (region=OTHER score=50) :: "Western values are steadily diverging from the res..."
[DROP] low_geopolitics (region=OTHER score=50) :: "The Ukrainian army commits new forces in a big sou..."
[DROP] low_geopolitics (region=OTHER score=50) :: "Russia is attacking Ukraine’s agricultural exports..."
[DROP] low_geopolitics (region=OTHER score=50) :: "Is Ukraine’s offensive stalling?..."
[DROP] low_geopolitics (region=OTHER score=50) :: "What if China and India became friends?..."
[DROP] low_geopolitics (region=OTHER score=50) :: "What would Europe do if Trump won?..."
[DROP] low_geopolitics (region=OTHER score=50) :: "NATO is drafting new plans to defend Europe..."
[DROP] low_geopolitics (region=OTHER score=50) :: "NATO is agonising over whether to let Ukraine join..."
[DROP] low_geopolitics (region=OTHER score=50) :: "India’s diaspora is bigger and more influential th..."
[DROP] low_geopolitics (region=OTHER score=50) :: "Should you send your children to private school?..."
[DROP] low_geopolitics (region=OTHER score=50) :: "The speech police are coming for social media..."
[DROP] low_geopolitics (region=OTHER score=50) :: "The cost of the global arms race..."
[DROP] low_geopolitics (region=OTHER score=50) :: "Europe can’t decide how to unplug from China..."
[DROP] low_geopolitics (region=OTHER score=50) :: "After 12 years of blood, Assad’s Syria rejoins the..."
[DROP] low_geopolitics (region=OTHER score=50) :: "The 2023 crony-capitalism index..."
[DROP] low_geopolitics (region=OTHER score=50) :: "How the war split the mafia..."
[DROP] low_geopolitics (region=OTHER score=50) :: "Look of the Week: Blackpink headline Coachella in ..."
[DROP] low_geopolitics (region=OTHER score=50) :: "The world’s deadliest war last year wasn’t in Ukra..."
[DROP] low_geopolitics (region=OTHER score=50) :: "Still haven't filed your taxes? Here's what you ne..."
[DROP] low_geopolitics (region=OTHER score=50) :: "Markets digest bank earnings after recent turmoil..."
[DROP] low_geopolitics (region=OTHER score=50) :: "Retail spending fell in March as consumers pull ba..."
[DROP] low_geopolitics (region=OTHER score=50) :: "Analysis: Fox News is about to enter the true No S..."
[DROP] low_geopolitics (region=OTHER score=50) :: "Silicon Valley Bank collapse renews calls to addre..."
[DROP] low_geopolitics (region=OTHER score=50) :: "'I was up to my waist down a hippo's throat.' He s..."
[DROP] low_geopolitics (region=OTHER score=50) :: "Michael Jordan's 1998 NBA Finals sneakers sell for..."
[DROP] low_geopolitics (region=OTHER score=50) :: "How to survive a superpower split..."
[DROP] low_geopolitics (region=OTHER score=50) :: "How Playboy cut ties with Hugh Hefner to create a ..."
[DROP] low_geopolitics (region=OTHER score=50) :: "They bought an abandoned 'ghost house' in the Japa..."
[DROP] low_geopolitics (region=OTHER score=50) :: "Here's the real reason to turn on airplane mode wh..."
[DROP] low_geopolitics (region=OTHER score=50) :: "'A definitive backslide.' Inside fashion's worryin..."
[DROP] low_geopolitics (region=OTHER score=50) :: "Was your degree really worth it?..."
[DROP] low_geopolitics (region=OTHER score=50) :: "Relaxed entry rules make it easier than ever to vi..."
[DROP] low_geopolitics (region=OTHER score=50) :: "Scientists identify secret ingredient in Leonardo ..."
[DROP] low_geopolitics (region=OTHER score=50) :: "Which will grow faster: India or Indonesia?..."
[DROP] low_geopolitics (region=OTHER score=50) :: "How the Iraq war bent America’s army out of shape..."
[DROP] low_geopolitics (region=OTHER score=50) :: "What does Xi Jinping want from Vladimir Putin?..."
[DROP] low_geopolitics (region=OTHER score=50) :: "Russia’s friends are a motley—and shrinking—crew..."
[DROP] low_geopolitics (region=OTHER score=50) :: "Emmanuel Macron’s vision of a more muscular Europe..."
[DROP] low_geopolitics (region=OTHER score=50) :: "The surreal facades of America's strip clubs..."
[DROP] low_geopolitics (region=OTHER score=50) :: "The biggest obstacle to saving rainforests is lawl..."
[DROP] low_geopolitics (region=OTHER score=50) :: "“You will always be 0% prepared”: Ukraine’s refuge..."
[DROP] low_geopolitics (region=OTHER score=50) :: "Ukrainian refugees remain in limbo..."
[DROP] low_geopolitics (region=OTHER score=50) :: "Throughout the rich world, the young are falling o..."
[DROP] low_geopolitics (region=OTHER score=50) :: "How a tide of tech money is transforming charity..."
[DROP] low_geopolitics (region=OTHER score=50) :: "Most children in poor countries are being failed b..."
[DROP] low_geopolitics (region=OTHER score=50) :: "Open-source intelligence is piercing the fog of wa..."
[DROP] low_geopolitics (region=OTHER score=50) :: "The age of the grandparent has arrived..."
[DROP] low_geopolitics (region=OTHER score=50) :: "The death of Pope Benedict removes a problem for l..."
[DROP] low_geopolitics (region=OTHER score=50) :: "Politics will move further to the left in 2023..."
[DROP] low_geopolitics (region=OTHER score=50) :: "Pope Benedict XVI was an iron fist in a white glov..."
[DROP] low_geopolitics (region=OTHER score=50) :: "The pandemic’s indirect effects on small children ..."
[DROP] low_geopolitics (region=OTHER score=50) :: "Nelly Cheboi, who creates computer labs for Kenyan..."
[DROP] low_geopolitics (region=OTHER score=50) :: "CNN Heroes: Sharing the Spotlight..."
[DROP] low_geopolitics (region=OTHER score=50) :: "China’s deep-water fishing fleet is the world’s mo..."
[DROP] low_geopolitics (region=OTHER score=50) :: "The taboos around sexual health are weakening..."
[DROP] low_geopolitics (region=OTHER score=50) :: "Should rich countries pay for climate damage in po..."
[DROP] low_geopolitics (region=OTHER score=50) :: "The Qatar World Cup shows how football is changing..."
[DROP] low_geopolitics (region=OTHER score=50) :: "The world’s population has reached 8bn. Don’t pani..."
[DROP] low_geopolitics (region=OTHER score=50) :: "Donors are already mulling a Marshall Plan for Ukr..."
[DROP] low_geopolitics (region=OTHER score=50) :: "How men with guns aggravate global hunger..."
[DROP] low_geopolitics (region=OTHER score=50) :: "How one pandemic made another one worse..."
[DROP] low_geopolitics (region=OTHER score=50) :: "Vladimir Putin is dragging the world back to a blo..."
[DROP] low_geopolitics (region=OTHER score=50) :: "Vladimir Putin says the world’s energy infrastruct..."
[DROP] low_geopolitics (region=OTHER score=50) :: "Booming cocaine production suggests the war on dru..."
[DROP] low_geopolitics (region=OTHER score=50) :: "How pop culture went multipolar..."
[DROP] low_geopolitics (region=OTHER score=50) :: "Could the war in Ukraine go nuclear?..."
[DROP] low_geopolitics (region=OTHER score=50) :: "How Russia is trying to win over the global south..."
[DROP] low_geopolitics (region=OTHER score=50) :: "An election that could make the global internet sa..."
[DROP] low_geopolitics (region=OTHER score=50) :: "Some of the new king’s realms may become republics..."
[DROP] low_geopolitics (region=OTHER score=50) :: "How covid-19 spurred governments to snoop on sewag..."
[DROP] low_geopolitics (region=OTHER score=50) :: "Should every schoolchild eat free?..."
[DROP] low_geopolitics (region=OTHER score=50) :: "Dictators and utopians are fond of fiddling with c..."
[DROP] low_geopolitics (region=OTHER score=50) :: "Armies are re-learning how to fight in cities..."
[DROP] low_geopolitics (region=OTHER score=50) :: "Much of Russia’s intellectual elite has fled the c..."
[DROP] low_geopolitics (region=OTHER score=50) :: "Can rich countries care for the old without going ..."
[DROP] low_geopolitics (region=OTHER score=50) :: "The women’s Euros are selling out stadiums..."
[DROP] low_geopolitics (region=OTHER score=50) :: "Catholic reformers want big changes to a church ma..."
[DROP] low_geopolitics (region=OTHER score=50) :: "Covid learning loss has been a global disaster..."
[DROP] low_geopolitics (region=OTHER score=50) :: "Around the world, bans do not make abortion much r..."
[DROP] low_geopolitics (region=OTHER score=50) :: "Costly food and energy are fostering global unrest..."
[DROP] low_geopolitics (region=OTHER score=50) :: "Swimming’s ruling on transgender women continues a..."
[DROP] low_geopolitics (region=OTHER score=50) :: "Can tech tackle the global crisis of depression an..."
[DROP] low_geopolitics (region=OTHER score=50) :: "Does the tank have a future?..."
[DROP] low_geopolitics (region=OTHER score=50) :: "Climate change is harder on less educated people..."
[DROP] low_geopolitics (region=OTHER score=50) :: "The pandemic has accelerated a global decline in t..."
[DROP] low_geopolitics (region=OTHER score=50) :: "Anonymous tipsters, angry at Russia, help detect s..."
[DROP] DUP_TOPIC :: "Trump consideró hacer un bloqueo naval simultáneo ..."
[DROP] DUP_TOPIC :: "EEUU planificó un bloqueo naval total contra Venez..."
[DROP] DUP_TOPIC :: "Esper: Casa Blanca de Trump discutió bloqueo a Cub..."
[DROP] low_geopolitics (region=OTHER score=50) :: "These were the best and worst places for air quali..."
[DROP] low_geopolitics (region=OTHER score=50) :: "Not only is Lake Powell's water level plummeting b..."
[DROP] low_geopolitics (region=OTHER score=50) :: "Big-box stores could help slash emissions and save..."
[DROP] low_geopolitics (region=OTHER score=50) :: "Sign up to our newsletter for a weekly roundup of ..."
[DROP] low_geopolitics (region=OTHER score=50) :: "Donate now to a Top 10 CNN Hero..."
[DROP] DUP_TOPIC :: "Trump contempla un bloqueo naval para cortar el fl..."
[DROP] DUP_TOPIC :: "Trump sobre Venezuela: “deberíamos hacer un embarg..."
[DROP] DUP_TOPIC :: "Trump sugiere imponer bloqueo naval contra Venezue..."
[DROP] low_geopolitics (region=OTHER score=50) :: "Senador propone "bloqueo naval" a Cuba para impedi..."
[DROP] low_geopolitics (region=OTHER score=50) :: "Rick Scott propone un "bloqueo naval" a Cuba para ..."
[DROP] low_geopolitics (region=OTHER score=50) :: "Senador estadounidense pide bloqueo naval a Cuba e..."
[DROP] DUP_TOPIC :: "Donald Trump amenaza a Cuba con un bloqueo complet..."
[DROP] low_geopolitics (region=OTHER score=50) :: "Iran, Saudi Arabia warn of 'dangerous consequences..."
[DROP] DUP_TOPIC :: "Iran commander: Any adventurism will cause heavy c..."
[DROP] low_geopolitics (region=OTHER score=50) :: "Attack on Iran would severely backfire: European t..."
[DROP] low_geopolitics (region=OTHER score=50) :: "FM Araghchi: Negotiations cannot work under threat..."
[DROP] DUP_TOPIC :: "Discover Iran: Hormozgan’s architecture, where cli..."
[DROP] low_geopolitics (region=OTHER score=50) :: "Iraq's former PM Maliki rejects ‘blatant US interf..."
[DROP] low_geopolitics (region=OTHER score=50) :: "Iraq warns of imminent threats as questions mount ..."
[DROP] low_geopolitics (region=OTHER score=50) :: "Russia, China vow to strengthen strategic partners..."
[DROP] low_geopolitics (region=OTHER score=50) :: "Iran’s president warns of US psychological warfare..."
[DROP] low_geopolitics (region=OTHER score=50) :: "Iraq’s Nujaba warns will not hesitate to defend Ir..."
[DROP] low_geopolitics (region=OTHER score=50) :: "Israel to enter talks with US on new 10-year ‘secu..."
[DROP] low_geopolitics (region=OTHER score=50) :: "Iranian drone swarms pose ‘credible threat’ to US ..."
[DROP] low_geopolitics (region=OTHER score=50) :: "Myanmar votes in last and third phase of military-..."
[DROP] low_geopolitics (region=OTHER score=50) :: "Minnesota protesters brave cold to rally against I..."
[DROP] low_geopolitics (region=OTHER score=50) :: "Massive Michigan pileup sees over 100 vehicles col..."
[DROP] low_geopolitics (region=OTHER score=50) :: "Thousands rally in Kargil against US, Israel 'inte..."
[DROP] low_geopolitics (region=OTHER score=50) :: "Trump's presence sparks major protests at Davos Fo..."
[DROP] low_geopolitics (region=OTHER score=50) :: "Indonesian rescuers find debris from missing plane..."
[DROP] low_geopolitics (region=OTHER score=50) :: "Protesters rally in Greenland against Trump annexa..."
[DROP] DUP_TOPIC :: "Farmers in Venezuela protest Maduro's detention, c..."
[DROP] low_geopolitics (region=OTHER score=50) :: "Nepal stands against global imperialism..."
[DROP] low_geopolitics (region=OTHER score=50) :: "International cartoon, poster contest 'Online Terr..."
[DROP] DUP_TOPIC :: "Iran regional leader in laser and quantum technolo..."
[DROP] low_geopolitics (region=OTHER score=50) :: "TikTok blocks Epstein and anti-Trump videos under ..."
[DROP] DUP_TOPIC :: "Burned alive in the line of duty: The tragic murde..."
[DROP] DUP_TOPIC :: "Economic protests and subsequent terrorism in Iran..."
[DROP] DUP_TOPIC :: "‘Regime-change’ lobbyist cited as Time source on I..."
[DROP] low_geopolitics (region=OTHER score=50) :: "Over 80 arrested in protest outside London jail fo..."
[DROP] low_geopolitics (region=OTHER score=50) :: "Decaying empires turn to savage control previously..."
[DROP] DUP_TOPIC :: "Iranian pharmaceutical industry flourishing..."
[DROP] low_geopolitics (region=OTHER score=50) :: "Rights group: Israel continues to torture 2,000 Ga..."
[DROP] low_geopolitics (region=OTHER score=50) :: "Belgium imposes arms embargo on Israel amid Gaza g..."
[DROP] low_geopolitics (region=OTHER score=50) :: "Trump aims to create new UN and own it: Lula..."
[DROP] low_geopolitics (region=OTHER score=50) :: "More Europeans see Trump as 'enemy' than 'friend':..."
[DROP] DUP_TOPIC :: "EU divided over new Iran sanctions..."
[DROP] DUP_TOPIC :: "Economic protests in Iran exploited by organized r..."
[DROP] low_geopolitics (region=OTHER score=50) :: "Beyond the battlefield: General Soleimani’s strate..."
[DROP] low_geopolitics (region=OTHER score=50) :: "From genocide to ceasefire: Gaza’s fragile step to..."
[DROP] DUP_TOPIC :: "Isfahan: Where Iran’s rich history, culture, and i..."
[DROP] low_geopolitics (region=OTHER score=50) :: "Iran faces off with E3 over snapback sanctions as ..."
[DROP] low_geopolitics (region=OTHER score=50) :: "Leader: Unity between people, officials, Armed For..."
[DROP] low_geopolitics (region=OTHER score=50) :: "Hezbollah vows to keep weapons until Israeli occup..."
[DROP] low_geopolitics (region=OTHER score=50) :: "Iran’s security chief receives warm welcome in Leb..."
[DROP] low_geopolitics (region=OTHER score=50) :: "Right to defend: Lebanon rises against US-backed p..."
[DROP] low_geopolitics (region=OTHER score=50) :: "Silenced in France: The unjust detention of a pro-..."
[DROP] DUP_TOPIC :: "Venezuela's interim president will continue same p..."
[DROP] DUP_TOPIC :: "Iran seeking ouster of US forces from West Asia re..."
[DROP] low_geopolitics (region=OTHER score=50) :: "Foreign interference would worsen situation in Tha..."
[DROP] low_geopolitics (region=OTHER score=50) :: "Early retirement of US admiral Holsey paves way fo..."
[DROP] DUP_TOPIC :: "US seeking to take control of Venezuela’s oil, ana..."
[DROP] low_geopolitics (region=OTHER score=50) :: "Japan PM wants to appease Trump with inflammatory ..."
[DROP] low_geopolitics (region=OTHER score=50) :: "Spying activity increased in Yemen after Gaza war:..."
[DROP] low_geopolitics (region=OTHER score=50) :: "Washington seeking regime change in Venezuela: Ana..."
[DROP] low_geopolitics (region=OTHER score=50) :: "Israel seeks instability across West Asia: Analyst..."
[DROP] low_geopolitics (region=OTHER score=50) :: "No factual, legal basis for US Sanctions against C..."
[DROP] DUP_TOPIC :: "10 foreign spy agencies involved in plot to destab..."
[DROP] low_geopolitics (region=OTHER score=50) :: "Israeli woman shocked after being listed as ‘dead’..."
[DROP] low_geopolitics (region=OTHER score=50) :: "Any harm to Ayatollah Khamenei a declaration of wa..."
[DROP] low_geopolitics (region=OTHER score=50) :: "UAE says will not allow its airspace, territory to..."
[DROP] DUP_TOPIC :: "Millions ready to sacrifice lives for Iran’s Leade..."
[DROP] low_geopolitics (region=OTHER score=50) :: "Lebanese journalist targeted for exposing Presiden..."
[DROP] low_geopolitics (region=OTHER score=50) :: "Iran files lawsuit in intl. forums against US, Isr..."
[DROP] low_geopolitics (region=OTHER score=50) :: "Yemen’s Ansarullah warns US, Israel of Red Sea esc..."
[DROP] low_geopolitics (region=OTHER score=50) :: "Iranian researchers develop indigenous software fo..."
[DROP] low_geopolitics (region=OTHER score=50) :: "Trump threatens Iraq over ex-PM Maliki’s return..."
[DROP] low_geopolitics (region=OTHER score=50) :: "Hezbollah condemns Israel's ‘treacherous assassina..."
[DROP] low_geopolitics (region=OTHER score=50) :: "‘Enough orders from Washington’: Venezuela’s inter..."
[DROP] low_geopolitics (region=OTHER score=50) :: "People in Spain’s Granada mobilize against Gaza ge..."
[DROP] low_geopolitics (region=OTHER score=50) :: "Thousands protest in Brussels over austerity measu..."
[DROP] DUP_TOPIC :: "Qeshm: Iran’s biggest island boasts 1st UNESCO geo..."
[DROP] DUP_TOPIC :: "Hezbollah holds rallies in solidarity with Iran..."
[DROP] low_geopolitics (region=OTHER score=50) :: "Yemen discloses 'Red Sea Missile' amid shifting re..."
[DROP] low_geopolitics (region=OTHER score=50) :: "India, EU seal trade pact slashing tariffs to curb..."
[DROP] low_geopolitics (region=OTHER score=50) :: "Israel’s continued violations undermine transition..."
[DROP] low_geopolitics (region=OTHER score=50) :: "Iran’s ambassador to Nigeria denounces US, Israel ..."
[DROP] low_geopolitics (region=OTHER score=50) :: "Anger, protests intensify over ICE shooting of pro..."
[DROP] low_geopolitics (region=OTHER score=50) :: "Syrians boycott electricity bills after 800% hike..."
[DROP] DUP_TOPIC :: "Domestic breakthroughs place Iran In laser leaders..."
[DROP] low_geopolitics (region=OTHER score=50) :: "Tehran tax administration building destroyed in or..."
[DROP] low_geopolitics (region=OTHER score=50) :: "Iraqi parliament delays vote to elect new presiden..."
[DROP] low_geopolitics (region=OTHER score=50) :: "Gaza City still thirsty due to Israeli attacks, re..."
[DROP] low_geopolitics (region=OTHER score=50) :: "France advances vote on new controversial antisemi..."
[DROP] low_geopolitics (region=OTHER score=50) :: "Afghanistan launches national guidelines to combat..."
[DROP] low_geopolitics (region=OTHER score=50) :: "Israel says remains of last captive found in Gaza..."
[DROP] low_geopolitics (region=OTHER score=50) :: "Store, gym set on fire by masked rioters during re..."
[DROP] low_geopolitics (region=OTHER score=50) :: "Elderly Palestinian woman attacked by settlers nea..."
[DROP] DUP_TOPIC :: "Iranian prodigy Benyamin Faraji wins Under-17 titl..."
[DROP] DUP_TOPIC :: "Iranian badminton star set to make history: Why So..."
[DROP] DUP_TOPIC :: "Iran's Rahman Amouzad named world's 'Most Dominant..."
[DROP] DUP_TOPIC :: "Iran secures Zurkhaneh World Cup title in India..."
[DROP] DUP_TOPIC :: "Iran wins double gold at world age-group Blitz Che..."
[DROP] low_geopolitics (region=OTHER score=50) :: "0% intro APR until 2024 is 100% insane..."
[DROP] low_geopolitics (region=OTHER score=50) :: "It's official: now avoid credit card interest into..."
[DROP] low_geopolitics (region=OTHER score=50) :: "Experts: this is the best cash back card of 2022..."
[DROP] low_geopolitics (region=OTHER score=50) :: "Turn Your Rising Home Equity Into Cash You Can Use..."
[DROP] low_geopolitics (region=OTHER score=50) :: "Dream Big with a Home Equity Loan..."
[DROP] low_geopolitics (region=OTHER score=50) :: "Want Cash Out of Your Home? Here Are Your Best Opt..."
   ⚠️  No non-duplicate candidate found, using best anyway (may skip post)

⚠️  SKIP: No non-duplicate story available, all recent stories already posted
